area_studs2,gap_studs,world_x,world_y,world_z,part_A_path,part_A_color,part_A_material,part_B_path,part_B_color,part_B_material
43.73,0.037,47.0,30.0,605.4,Workspace.Map.Street.Houses.House3.Structure.Roof.RoofDeck,57/40/43,Plastic,Workspace.Map.Street.Houses.House3.Structure.Roof.RakedBargeboard,67/39/28,Plastic
43.73,0.037,47.0,30.0,524.6,Workspace.Map.Street.Houses.House3.Structure.Roof.RoofDeck,57/40/43,Plastic,Workspace.Map.Street.Houses.House3.Structure.Roof.RakedBargeboard,67/39/28,Plastic
10.31,0.058,206.6,24.4,-22.5,Workspace.Map.Hub.CostumeShop.Roof.RoofPlank,120/72/40,WoodPlanks,ServerStorage.MapBackup_BeforeRearrange2.Hub.CostumeShop.Roof.RoofPlank,95/55/30,WoodPlanks
10.29,0.058,212.6,24.4,-22.8,Workspace.Map.Hub.CostumeShop.Roof.RoofPlank,95/55/30,WoodPlanks,ServerStorage.MapBackup_BeforeRearrange2.Hub.CostumeShop.Roof.RoofPlank,120/72/40,WoodPlanks
10.28,0.058,218.5,24.4,-23.1,Workspace.Map.Hub.CostumeShop.Roof.RoofPlank,120/72/40,WoodPlanks,ServerStorage.MapBackup_BeforeRearrange2.Hub.CostumeShop.Roof.RoofPlank,95/55/30,WoodPlanks
6.3,0.0,223.0,2.1,-9.9,Workspace.Map.Hub.CostumeShop.Structure.BackLevel,85/54/34,WoodPlanks,Workspace.Map.Hub.CostumeShop.Structure.Post,120/60/50,Brick
5.4,0.0,-117.7,1.8,-18.4,Workspace.Map.Hub.SpeedShop.Counter,54/34/24,Plastic,Workspace.Map.Hub.SpeedShop.CounterDecor.CounterPost,92/58/38,Plastic
5.4,0.0,-117.8,1.8,-39.6,Workspace.Map.Hub.SpeedShop.Counter,54/34/24,Plastic,Workspace.Map.Hub.SpeedShop.CounterDecor.CounterPost,92/58/38,Plastic
3.73,0.025,194.5,6.9,-27.8,Workspace.Map.Hub.CostumeShop.Mannequins.Vampire.Art.CostumeArt.UpperTorso,28/22/34,SmoothPlastic,Workspace.Map.Hub.CostumeShop.Mannequins.Vampire.Art.CostumeArt.UpperTorso,170/10/30,SmoothPlastic
3.6,0.0,-117.8,0.5,-39.6,Workspace.Map.Hub.SpeedShop.Counter,54/34/24,Plastic,Workspace.Map.Hub.SpeedShop.CounterDecor.CounterPost,74/46/30,Plastic
3.6,0.0,-117.7,0.5,-18.4,Workspace.Map.Hub.SpeedShop.Counter,54/34/24,Plastic,Workspace.Map.Hub.SpeedShop.CounterDecor.CounterPost,74/46/30,Plastic
3.4,0.0,218.4,24.4,-22.4,Workspace.Map.Hub.CostumeShop.Roof.RoofPlank,95/55/30,WoodPlanks,Workspace.Map.Hub.CostumeShop.Roof.RoofPlank,120/72/40,WoodPlanks
3.4,0.0,206.4,24.4,-21.9,Workspace.Map.Hub.CostumeShop.Roof.RoofPlank,95/55/30,WoodPlanks,Workspace.Map.Hub.CostumeShop.Roof.RoofPlank,120/72/40,WoodPlanks
3.4,0.0,216.9,24.4,-55.4,Workspace.Map.Hub.CostumeShop.Roof.RoofPlank,95/55/30,WoodPlanks,Workspace.Map.Hub.CostumeShop.Roof.RoofPlank,120/72/40,WoodPlanks
3.4,0.0,212.4,24.4,-22.1,Workspace.Map.Hub.CostumeShop.Roof.RoofPlank,120/72/40,WoodPlanks,Workspace.Map.Hub.CostumeShop.Roof.RoofPlank,95/55/30,WoodPlanks
2.56,0.045,191.9,5.3,-37.7,Workspace.Map.Hub.CostumeShop.Mannequins.Witch.Art.CostumeArt.LowerTorso,60/32/90,SmoothPlastic,Workspace.Map.Hub.CostumeShop.Mannequins.Witch.Art.CostumeArt.LowerTorso,70/40/100,SmoothPlastic
2.5,0.0,65.0,50.4,815.0,Workspace.Map.Street.Houses.House4.Structure.Roof.Gabled roof.Shingle,76/47/79,SmoothPlastic,Workspace.Map.Street.Houses.House4.Structure.Roof.Gabled roof.Shingle,87/53/88,SmoothPlastic
2.5,0.0,70.2,50.4,815.0,Workspace.Map.Street.Houses.House4.Structure.Roof.Gabled roof.Shingle,76/47/79,SmoothPlastic,Workspace.Map.Street.Houses.House4.Structure.Roof.Gabled roof.Shingle,87/53/88,SmoothPlastic
2.5,0.0,75.4,50.4,815.0,Workspace.Map.Street.Houses.House4.Structure.Roof.Gabled roof.Shingle,76/47/79,SmoothPlastic,Workspace.Map.Street.Houses.House4.Structure.Roof.Gabled roof.Shingle,87/53/88,SmoothPlastic
2.5,0.0,80.6,50.4,815.0,Workspace.Map.Street.Houses.House4.Structure.Roof.Gabled roof.Shingle,76/47/79,SmoothPlastic,Workspace.Map.Street.Houses.House4.Structure.Roof.Gabled roof.Shingle,87/53/88,SmoothPlastic
2.5,0.0,85.8,50.4,815.0,Workspace.Map.Street.Houses.House4.Structure.Roof.Gabled roof.Shingle,76/47/79,SmoothPlastic,Workspace.Map.Street.Houses.House4.Structure.Roof.Gabled roof.Shingle,87/53/88,SmoothPlastic
2.5,0.0,91.0,50.4,815.0,Workspace.Map.Street.Houses.House4.Structure.Roof.Gabled roof.Shingle,76/47/79,SmoothPlastic,Workspace.Map.Street.Houses.House4.Structure.Roof.Gabled roof.Shingle,87/53/88,SmoothPlastic
2.5,0.0,96.2,50.4,815.0,Workspace.Map.Street.Houses.House4.Structure.Roof.Gabled roof.Shingle,76/47/79,SmoothPlastic,Workspace.Map.Street.Houses.House4.Structure.Roof.Gabled roof.Shingle,87/53/88,SmoothPlastic
2.5,0.0,101.4,50.4,815.0,Workspace.Map.Street.Houses.House4.Structure.Roof.Gabled roof.Shingle,76/47/79,SmoothPlastic,Workspace.Map.Street.Houses.House4.Structure.Roof.Gabled roof.Shingle,87/53/88,SmoothPlastic
2.5,0.0,106.6,50.4,815.0,Workspace.Map.Street.Houses.House4.Structure.Roof.Gabled roof.Shingle,76/47/79,SmoothPlastic,Workspace.Map.Street.Houses.House4.Structure.Roof.Gabled roof.Shingle,87/53/88,SmoothPlastic
2.5,0.0,111.8,50.4,815.0,Workspace.Map.Street.Houses.House4.Structure.Roof.Gabled roof.Shingle,76/47/79,SmoothPlastic,Workspace.Map.Street.Houses.House4.Structure.Roof.Gabled roof.Shingle,87/53/88,SmoothPlastic
2.5,0.0,65.0,44.2,807.0,Workspace.Map.Street.Houses.House4.Structure.Roof.Gabled roof.Shingle,87/53/88,SmoothPlastic,Workspace.Map.Street.Houses.House4.Structure.Roof.Gabled roof.Shingle,76/47/79,SmoothPlastic
2.5,0.0,70.2,44.2,807.0,Workspace.Map.Street.Houses.House4.Structure.Roof.Gabled roof.Shingle,87/53/88,SmoothPlastic,Workspace.Map.Street.Houses.House4.Structure.Roof.Gabled roof.Shingle,76/47/79,SmoothPlastic
2.5,0.0,75.4,44.2,807.0,Workspace.Map.Street.Houses.House4.Structure.Roof.Gabled roof.Shingle,87/53/88,SmoothPlastic,Workspace.Map.Street.Houses.House4.Structure.Roof.Gabled roof.Shingle,76/47/79,SmoothPlastic
2.5,0.0,80.6,44.2,807.0,Workspace.Map.Street.Houses.House4.Structure.Roof.Gabled roof.Shingle,87/53/88,SmoothPlastic,Workspace.Map.Street.Houses.House4.Structure.Roof.Gabled roof.Shingle,76/47/79,SmoothPlastic
2.5,0.0,85.8,44.2,807.0,Workspace.Map.Street.Houses.House4.Structure.Roof.Gabled roof.Shingle,87/53/88,SmoothPlastic,Workspace.Map.Street.Houses.House4.Structure.Roof.Gabled roof.Shingle,76/47/79,SmoothPlastic
2.5,0.0,91.0,44.2,807.0,Workspace.Map.Street.Houses.House4.Structure.Roof.Gabled roof.Shingle,87/53/88,SmoothPlastic,Workspace.Map.Street.Houses.House4.Structure.Roof.Gabled roof.Shingle,76/47/79,SmoothPlastic
2.5,0.0,96.2,44.2,807.0,Workspace.Map.Street.Houses.House4.Structure.Roof.Gabled roof.Shingle,87/53/88,SmoothPlastic,Workspace.Map.Street.Houses.House4.Structure.Roof.Gabled roof.Shingle,76/47/79,SmoothPlastic
2.5,0.0,101.4,44.2,807.0,Workspace.Map.Street.Houses.House4.Structure.Roof.Gabled roof.Shingle,87/53/88,SmoothPlastic,Workspace.Map.Street.Houses.House4.Structure.Roof.Gabled roof.Shingle,76/47/79,SmoothPlastic
2.5,0.0,106.6,44.2,807.0,Workspace.Map.Street.Houses.House4.Structure.Roof.Gabled roof.Shingle,87/53/88,SmoothPlastic,Workspace.Map.Street.Houses.House4.Structure.Roof.Gabled roof.Shingle,76/47/79,SmoothPlastic
2.5,0.0,111.8,44.2,807.0,Workspace.Map.Street.Houses.House4.Structure.Roof.Gabled roof.Shingle,87/53/88,SmoothPlastic,Workspace.Map.Street.Houses.House4.Structure.Roof.Gabled roof.Shingle,76/47/79,SmoothPlastic
2.5,0.0,59.8,50.4,815.0,Workspace.Map.Street.Houses.House4.Structure.Roof.Gabled roof.Shingle,76/47/79,SmoothPlastic,Workspace.Map.Street.Houses.House4.Structure.Roof.Gabled roof.Shingle,87/53/88,SmoothPlastic
2.5,0.0,39.0,44.2,807.0,Workspace.Map.Street.Houses.House4.Structure.Roof.Gabled roof.Shingle,87/53/88,SmoothPlastic,Workspace.Map.Street.Houses.House4.Structure.Roof.Gabled roof.Shingle,76/47/79,SmoothPlastic
2.5,0.0,44.2,44.2,807.0,Workspace.Map.Street.Houses.House4.Structure.Roof.Gabled roof.Shingle,87/53/88,SmoothPlastic,Workspace.Map.Street.Houses.House4.Structure.Roof.Gabled roof.Shingle,76/47/79,SmoothPlastic
2.5,0.0,49.4,44.2,807.0,Workspace.Map.Street.Houses.House4.Structure.Roof.Gabled roof.Shingle,87/53/88,SmoothPlastic,Workspace.Map.Street.Houses.House4.Structure.Roof.Gabled roof.Shingle,76/47/79,SmoothPlastic
2.5,0.0,59.8,44.2,807.0,Workspace.Map.Street.Houses.House4.Structure.Roof.Gabled roof.Shingle,87/53/88,SmoothPlastic,Workspace.Map.Street.Houses.House4.Structure.Roof.Gabled roof.Shingle,76/47/79,SmoothPlastic
2.5,0.0,39.0,59.1,775.1,Workspace.Map.Street.Houses.House4.Structure.Roof.Gabled roof.Shingle,76/47/79,SmoothPlastic,Workspace.Map.Street.Houses.House4.Structure.Roof.Gabled roof.Shingle,87/53/88,SmoothPlastic
2.5,0.0,44.2,59.1,775.1,Workspace.Map.Street.Houses.House4.Structure.Roof.Gabled roof.Shingle,76/47/79,SmoothPlastic,Workspace.Map.Street.Houses.House4.Structure.Roof.Gabled roof.Shingle,87/53/88,SmoothPlastic
2.5,0.0,49.4,59.1,775.1,Workspace.Map.Street.Houses.House4.Structure.Roof.Gabled roof.Shingle,76/47/79,SmoothPlastic,Workspace.Map.Street.Houses.House4.Structure.Roof.Gabled roof.Shingle,87/53/88,SmoothPlastic
2.5,0.0,54.6,59.1,775.1,Workspace.Map.Street.Houses.House4.Structure.Roof.Gabled roof.Shingle,76/47/79,SmoothPlastic,Workspace.Map.Street.Houses.House4.Structure.Roof.Gabled roof.Shingle,87/53/88,SmoothPlastic
2.5,0.0,59.8,59.1,775.1,Workspace.Map.Street.Houses.House4.Structure.Roof.Gabled roof.Shingle,76/47/79,SmoothPlastic,Workspace.Map.Street.Houses.House4.Structure.Roof.Gabled roof.Shingle,87/53/88,SmoothPlastic
2.5,0.0,65.0,59.1,775.1,Workspace.Map.Street.Houses.House4.Structure.Roof.Gabled roof.Shingle,76/47/79,SmoothPlastic,Workspace.Map.Street.Houses.House4.Structure.Roof.Gabled roof.Shingle,87/53/88,SmoothPlastic
2.5,0.0,70.2,59.1,775.1,Workspace.Map.Street.Houses.House4.Structure.Roof.Gabled roof.Shingle,76/47/79,SmoothPlastic,Workspace.Map.Street.Houses.House4.Structure.Roof.Gabled roof.Shingle,87/53/88,SmoothPlastic
2.5,0.0,75.4,59.1,775.1,Workspace.Map.Street.Houses.House4.Structure.Roof.Gabled roof.Shingle,76/47/79,SmoothPlastic,Workspace.Map.Street.Houses.House4.Structure.Roof.Gabled roof.Shingle,87/53/88,SmoothPlastic
2.5,0.0,80.6,59.1,775.1,Workspace.Map.Street.Houses.House4.Structure.Roof.Gabled roof.Shingle,76/47/79,SmoothPlastic,Workspace.Map.Street.Houses.House4.Structure.Roof.Gabled roof.Shingle,87/53/88,SmoothPlastic
2.5,0.0,85.8,59.1,775.1,Workspace.Map.Street.Houses.House4.Structure.Roof.Gabled roof.Shingle,76/47/79,SmoothPlastic,Workspace.Map.Street.Houses.House4.Structure.Roof.Gabled roof.Shingle,87/53/88,SmoothPlastic
2.5,0.0,91.0,59.1,775.1,Workspace.Map.Street.Houses.House4.Structure.Roof.Gabled roof.Shingle,76/47/79,SmoothPlastic,Workspace.Map.Street.Houses.House4.Structure.Roof.Gabled roof.Shingle,87/53/88,SmoothPlastic
2.5,0.0,96.2,59.1,775.1,Workspace.Map.Street.Houses.House4.Structure.Roof.Gabled roof.Shingle,76/47/79,SmoothPlastic,Workspace.Map.Street.Houses.House4.Structure.Roof.Gabled roof.Shingle,87/53/88,SmoothPlastic
2.5,0.0,101.4,59.1,775.1,Workspace.Map.Street.Houses.House4.Structure.Roof.Gabled roof.Shingle,76/47/79,SmoothPlastic,Workspace.Map.Street.Houses.House4.Structure.Roof.Gabled roof.Shingle,87/53/88,SmoothPlastic
2.5,0.0,106.6,59.1,775.1,Workspace.Map.Street.Houses.House4.Structure.Roof.Gabled roof.Shingle,76/47/79,SmoothPlastic,Workspace.Map.Street.Houses.House4.Structure.Roof.Gabled roof.Shingle,87/53/88,SmoothPlastic
2.5,0.0,111.8,59.1,775.1,Workspace.Map.Street.Houses.House4.Structure.Roof.Gabled roof.Shingle,76/47/79,SmoothPlastic,Workspace.Map.Street.Houses.House4.Structure.Roof.Gabled roof.Shingle,87/53/88,SmoothPlastic
2.5,0.0,39.0,53.8,769.3,Workspace.Map.Street.Houses.House4.Structure.Roof.Gabled roof.Shingle,76/47/79,SmoothPlastic,Workspace.Map.Street.Houses.House4.Structure.Roof.Gabled roof.Shingle,87/53/88,SmoothPlastic
2.5,0.0,44.2,53.8,769.3,Workspace.Map.Street.Houses.House4.Structure.Roof.Gabled roof.Shingle,76/47/79,SmoothPlastic,Workspace.Map.Street.Houses.House4.Structure.Roof.Gabled roof.Shingle,87/53/88,SmoothPlastic
2.5,0.0,49.4,53.8,769.3,Workspace.Map.Street.Houses.House4.Structure.Roof.Gabled roof.Shingle,76/47/79,SmoothPlastic,Workspace.Map.Street.Houses.House4.Structure.Roof.Gabled roof.Shingle,87/53/88,SmoothPlastic
2.5,0.0,54.6,53.8,769.3,Workspace.Map.Street.Houses.House4.Structure.Roof.Gabled roof.Shingle,76/47/79,SmoothPlastic,Workspace.Map.Street.Houses.House4.Structure.Roof.Gabled roof.Shingle,87/53/88,SmoothPlastic
2.5,0.0,59.8,53.8,769.3,Workspace.Map.Street.Houses.House4.Structure.Roof.Gabled roof.Shingle,76/47/79,SmoothPlastic,Workspace.Map.Street.Houses.House4.Structure.Roof.Gabled roof.Shingle,87/53/88,SmoothPlastic
2.5,0.0,65.0,53.8,769.3,Workspace.Map.Street.Houses.House4.Structure.Roof.Gabled roof.Shingle,76/47/79,SmoothPlastic,Workspace.Map.Street.Houses.House4.Structure.Roof.Gabled roof.Shingle,87/53/88,SmoothPlastic
2.5,0.0,70.2,53.8,769.3,Workspace.Map.Street.Houses.House4.Structure.Roof.Gabled roof.Shingle,76/47/79,SmoothPlastic,Workspace.Map.Street.Houses.House4.Structure.Roof.Gabled roof.Shingle,87/53/88,SmoothPlastic
2.5,0.0,75.4,53.8,769.3,Workspace.Map.Street.Houses.House4.Structure.Roof.Gabled roof.Shingle,76/47/79,SmoothPlastic,Workspace.Map.Street.Houses.House4.Structure.Roof.Gabled roof.Shingle,87/53/88,SmoothPlastic
2.5,0.0,80.6,53.8,769.3,Workspace.Map.Street.Houses.House4.Structure.Roof.Gabled roof.Shingle,76/47/79,SmoothPlastic,Workspace.Map.Street.Houses.House4.Structure.Roof.Gabled roof.Shingle,87/53/88,SmoothPlastic
2.5,0.0,85.8,53.8,769.3,Workspace.Map.Street.Houses.House4.Structure.Roof.Gabled roof.Shingle,76/47/79,SmoothPlastic,Workspace.Map.Street.Houses.House4.Structure.Roof.Gabled roof.Shingle,87/53/88,SmoothPlastic
2.5,0.0,91.0,53.8,769.3,Workspace.Map.Street.Houses.House4.Structure.Roof.Gabled roof.Shingle,76/47/79,SmoothPlastic,Workspace.Map.Street.Houses.House4.Structure.Roof.Gabled roof.Shingle,87/53/88,SmoothPlastic
2.5,0.0,96.2,53.8,769.3,Workspace.Map.Street.Houses.House4.Structure.Roof.Gabled roof.Shingle,76/47/79,SmoothPlastic,Workspace.Map.Street.Houses.House4.Structure.Roof.Gabled roof.Shingle,87/53/88,SmoothPlastic
2.5,0.0,101.4,53.8,769.3,Workspace.Map.Street.Houses.House4.Structure.Roof.Gabled roof.Shingle,76/47/79,SmoothPlastic,Workspace.Map.Street.Houses.House4.Structure.Roof.Gabled roof.Shingle,87/53/88,SmoothPlastic
2.5,0.0,106.6,53.8,769.3,Workspace.Map.Street.Houses.House4.Structure.Roof.Gabled roof.Shingle,76/47/79,SmoothPlastic,Workspace.Map.Street.Houses.House4.Structure.Roof.Gabled roof.Shingle,87/53/88,SmoothPlastic
2.5,0.0,111.8,53.8,769.3,Workspace.Map.Street.Houses.House4.Structure.Roof.Gabled roof.Shingle,76/47/79,SmoothPlastic,Workspace.Map.Street.Houses.House4.Structure.Roof.Gabled roof.Shingle,87/53/88,SmoothPlastic
2.5,0.0,39.0,45.8,760.7,Workspace.Map.Street.Houses.House4.Structure.Roof.Gabled roof.Shingle,87/53/88,SmoothPlastic,Workspace.Map.Street.Houses.House4.Structure.Roof.Gabled roof.Shingle,76/47/79,SmoothPlastic
2.5,0.0,44.2,45.8,760.7,Workspace.Map.Street.Houses.House4.Structure.Roof.Gabled roof.Shingle,87/53/88,SmoothPlastic,Workspace.Map.Street.Houses.House4.Structure.Roof.Gabled roof.Shingle,76/47/79,SmoothPlastic
2.5,0.0,49.4,45.8,760.7,Workspace.Map.Street.Houses.House4.Structure.Roof.Gabled roof.Shingle,87/53/88,SmoothPlastic,Workspace.Map.Street.Houses.House4.Structure.Roof.Gabled roof.Shingle,76/47/79,SmoothPlastic
2.5,0.0,59.8,45.8,760.7,Workspace.Map.Street.Houses.House4.Structure.Roof.Gabled roof.Shingle,87/53/88,SmoothPlastic,Workspace.Map.Street.Houses.House4.Structure.Roof.Gabled roof.Shingle,76/47/79,SmoothPlastic
2.5,0.0,65.0,45.8,760.7,Workspace.Map.Street.Houses.House4.Structure.Roof.Gabled roof.Shingle,87/53/88,SmoothPlastic,Workspace.Map.Street.Houses.House4.Structure.Roof.Gabled roof.Shingle,76/47/79,SmoothPlastic
2.5,0.0,70.2,45.8,760.7,Workspace.Map.Street.Houses.House4.Structure.Roof.Gabled roof.Shingle,87/53/88,SmoothPlastic,Workspace.Map.Street.Houses.House4.Structure.Roof.Gabled roof.Shingle,76/47/79,SmoothPlastic
2.5,0.0,75.4,45.8,760.7,Workspace.Map.Street.Houses.House4.Structure.Roof.Gabled roof.Shingle,87/53/88,SmoothPlastic,Workspace.Map.Street.Houses.House4.Structure.Roof.Gabled roof.Shingle,76/47/79,SmoothPlastic
2.5,0.0,80.6,45.8,760.7,Workspace.Map.Street.Houses.House4.Structure.Roof.Gabled roof.Shingle,87/53/88,SmoothPlastic,Workspace.Map.Street.Houses.House4.Structure.Roof.Gabled roof.Shingle,76/47/79,SmoothPlastic
2.5,0.0,85.8,45.8,760.7,Workspace.Map.Street.Houses.House4.Structure.Roof.Gabled roof.Shingle,87/53/88,SmoothPlastic,Workspace.Map.Street.Houses.House4.Structure.Roof.Gabled roof.Shingle,76/47/79,SmoothPlastic
2.5,0.0,91.0,45.8,760.7,Workspace.Map.Street.Houses.House4.Structure.Roof.Gabled roof.Shingle,87/53/88,SmoothPlastic,Workspace.Map.Street.Houses.House4.Structure.Roof.Gabled roof.Shingle,76/47/79,SmoothPlastic
2.5,0.0,96.2,45.8,760.7,Workspace.Map.Street.Houses.House4.Structure.Roof.Gabled roof.Shingle,87/53/88,SmoothPlastic,Workspace.Map.Street.Houses.House4.Structure.Roof.Gabled roof.Shingle,76/47/79,SmoothPlastic
2.5,0.0,101.4,45.8,760.7,Workspace.Map.Street.Houses.House4.Structure.Roof.Gabled roof.Shingle,87/53/88,SmoothPlastic,Workspace.Map.Street.Houses.House4.Structure.Roof.Gabled roof.Shingle,76/47/79,SmoothPlastic
2.5,0.0,106.6,45.8,760.7,Workspace.Map.Street.Houses.House4.Structure.Roof.Gabled roof.Shingle,87/53/88,SmoothPlastic,Workspace.Map.Street.Houses.House4.Structure.Roof.Gabled roof.Shingle,76/47/79,SmoothPlastic
2.5,0.0,111.8,45.8,760.7,Workspace.Map.Street.Houses.House4.Structure.Roof.Gabled roof.Shingle,87/53/88,SmoothPlastic,Workspace.Map.Street.Houses.House4.Structure.Roof.Gabled roof.Shingle,76/47/79,SmoothPlastic
2.5,0.0,39.0,40.5,754.9,Workspace.Map.Street.Houses.House4.Structure.Roof.Gabled roof.Shingle,87/53/88,SmoothPlastic,Workspace.Map.Street.Houses.House4.Structure.Roof.Gabled roof.Shingle,76/47/79,SmoothPlastic
2.5,0.0,44.2,40.5,754.9,Workspace.Map.Street.Houses.House4.Structure.Roof.Gabled roof.Shingle,87/53/88,SmoothPlastic,Workspace.Map.Street.Houses.House4.Structure.Roof.Gabled roof.Shingle,76/47/79,SmoothPlastic
2.5,0.0,49.4,40.5,754.9,Workspace.Map.Street.Houses.House4.Structure.Roof.Gabled roof.Shingle,87/53/88,SmoothPlastic,Workspace.Map.Street.Houses.House4.Structure.Roof.Gabled roof.Shingle,76/47/79,SmoothPlastic
2.5,0.0,54.6,40.5,754.9,Workspace.Map.Street.Houses.House4.Structure.Roof.Gabled roof.Shingle,87/53/88,SmoothPlastic,Workspace.Map.Street.Houses.House4.Structure.Roof.Gabled roof.Shingle,76/47/79,SmoothPlastic
2.5,0.0,59.8,40.5,754.9,Workspace.Map.Street.Houses.House4.Structure.Roof.Gabled roof.Shingle,87/53/88,SmoothPlastic,Workspace.Map.Street.Houses.House4.Structure.Roof.Gabled roof.Shingle,76/47/79,SmoothPlastic
2.5,0.0,65.0,40.5,754.9,Workspace.Map.Street.Houses.House4.Structure.Roof.Gabled roof.Shingle,87/53/88,SmoothPlastic,Workspace.Map.Street.Houses.House4.Structure.Roof.Gabled roof.Shingle,76/47/79,SmoothPlastic
2.5,0.0,70.2,40.5,754.9,Workspace.Map.Street.Houses.House4.Structure.Roof.Gabled roof.Shingle,87/53/88,SmoothPlastic,Workspace.Map.Street.Houses.House4.Structure.Roof.Gabled roof.Shingle,76/47/79,SmoothPlastic
2.5,0.0,75.4,40.5,754.9,Workspace.Map.Street.Houses.House4.Structure.Roof.Gabled roof.Shingle,87/53/88,SmoothPlastic,Workspace.Map.Street.Houses.House4.Structure.Roof.Gabled roof.Shingle,76/47/79,SmoothPlastic
2.5,0.0,80.6,40.5,754.9,Workspace.Map.Street.Houses.House4.Structure.Roof.Gabled roof.Shingle,87/53/88,SmoothPlastic,Workspace.Map.Street.Houses.House4.Structure.Roof.Gabled roof.Shingle,76/47/79,SmoothPlastic
2.5,0.0,85.8,40.5,754.9,Workspace.Map.Street.Houses.House4.Structure.Roof.Gabled roof.Shingle,87/53/88,SmoothPlastic,Workspace.Map.Street.Houses.House4.Structure.Roof.Gabled roof.Shingle,76/47/79,SmoothPlastic
2.5,0.0,91.0,40.5,754.9,Workspace.Map.Street.Houses.House4.Structure.Roof.Gabled roof.Shingle,87/53/88,SmoothPlastic,Workspace.Map.Street.Houses.House4.Structure.Roof.Gabled roof.Shingle,76/47/79,SmoothPlastic
2.5,0.0,96.2,40.5,754.9,Workspace.Map.Street.Houses.House4.Structure.Roof.Gabled roof.Shingle,87/53/88,SmoothPlastic,Workspace.Map.Street.Houses.House4.Structure.Roof.Gabled roof.Shingle,76/47/79,SmoothPlastic
2.5,0.0,101.4,40.5,754.9,Workspace.Map.Street.Houses.House4.Structure.Roof.Gabled roof.Shingle,87/53/88,SmoothPlastic,Workspace.Map.Street.Houses.House4.Structure.Roof.Gabled roof.Shingle,76/47/79,SmoothPlastic
2.5,0.0,106.6,40.5,754.9,Workspace.Map.Street.Houses.House4.Structure.Roof.Gabled roof.Shingle,87/53/88,SmoothPlastic,Workspace.Map.Street.Houses.House4.Structure.Roof.Gabled roof.Shingle,76/47/79,SmoothPlastic
2.5,0.0,111.8,40.5,754.9,Workspace.Map.Street.Houses.House4.Structure.Roof.Gabled roof.Shingle,87/53/88,SmoothPlastic,Workspace.Map.Street.Houses.House4.Structure.Roof.Gabled roof.Shingle,76/47/79,SmoothPlastic
2.5,0.0,65.0,52.5,817.7,Workspace.Map.Street.Houses.House4.Structure.Roof.Gabled roof.Shingle,87/53/88,SmoothPlastic,Workspace.Map.Street.Houses.House4.Structure.Roof.Gabled roof.Shingle,76/47/79,SmoothPlastic
2.5,0.0,70.2,52.5,817.7,Workspace.Map.Street.Houses.House4.Structure.Roof.Gabled roof.Shingle,87/53/88,SmoothPlastic,Workspace.Map.Street.Houses.House4.Structure.Roof.Gabled roof.Shingle,76/47/79,SmoothPlastic
2.5,0.0,75.4,52.5,817.7,Workspace.Map.Street.Houses.House4.Structure.Roof.Gabled roof.Shingle,87/53/88,SmoothPlastic,Workspace.Map.Street.Houses.House4.Structure.Roof.Gabled roof.Shingle,76/47/79,SmoothPlastic
2.5,0.0,80.6,52.5,817.7,Workspace.Map.Street.Houses.House4.Structure.Roof.Gabled roof.Shingle,87/53/88,SmoothPlastic,Workspace.Map.Street.Houses.House4.Structure.Roof.Gabled roof.Shingle,76/47/79,SmoothPlastic
2.5,0.0,85.8,52.5,817.7,Workspace.Map.Street.Houses.House4.Structure.Roof.Gabled roof.Shingle,87/53/88,SmoothPlastic,Workspace.Map.Street.Houses.House4.Structure.Roof.Gabled roof.Shingle,76/47/79,SmoothPlastic
2.5,0.0,91.0,52.5,817.7,Workspace.Map.Street.Houses.House4.Structure.Roof.Gabled roof.Shingle,87/53/88,SmoothPlastic,Workspace.Map.Street.Houses.House4.Structure.Roof.Gabled roof.Shingle,76/47/79,SmoothPlastic
2.5,0.0,96.2,52.5,817.7,Workspace.Map.Street.Houses.House4.Structure.Roof.Gabled roof.Shingle,87/53/88,SmoothPlastic,Workspace.Map.Street.Houses.House4.Structure.Roof.Gabled roof.Shingle,76/47/79,SmoothPlastic
2.5,0.0,101.4,52.5,817.7,Workspace.Map.Street.Houses.House4.Structure.Roof.Gabled roof.Shingle,87/53/88,SmoothPlastic,Workspace.Map.Street.Houses.House4.Structure.Roof.Gabled roof.Shingle,76/47/79,SmoothPlastic
2.5,0.0,106.6,52.5,817.7,Workspace.Map.Street.Houses.House4.Structure.Roof.Gabled roof.Shingle,87/53/88,SmoothPlastic,Workspace.Map.Street.Houses.House4.Structure.Roof.Gabled roof.Shingle,76/47/79,SmoothPlastic
2.5,0.0,111.8,52.5,817.7,Workspace.Map.Street.Houses.House4.Structure.Roof.Gabled roof.Shingle,87/53/88,SmoothPlastic,Workspace.Map.Street.Houses.House4.Structure.Roof.Gabled roof.Shingle,76/47/79,SmoothPlastic
2.5,0.0,65.0,48.3,812.3,Workspace.Map.Street.Houses.House4.Structure.Roof.Gabled roof.Shingle,87/53/88,SmoothPlastic,Workspace.Map.Street.Houses.House4.Structure.Roof.Gabled roof.Shingle,76/47/79,SmoothPlastic
2.5,0.0,70.2,48.3,812.3,Workspace.Map.Street.Houses.House4.Structure.Roof.Gabled roof.Shingle,87/53/88,SmoothPlastic,Workspace.Map.Street.Houses.House4.Structure.Roof.Gabled roof.Shingle,76/47/79,SmoothPlastic
2.5,0.0,75.4,48.3,812.3,Workspace.Map.Street.Houses.House4.Structure.Roof.Gabled roof.Shingle,87/53/88,SmoothPlastic,Workspace.Map.Street.Houses.House4.Structure.Roof.Gabled roof.Shingle,76/47/79,SmoothPlastic
2.5,0.0,80.6,48.3,812.3,Workspace.Map.Street.Houses.House4.Structure.Roof.Gabled roof.Shingle,87/53/88,SmoothPlastic,Workspace.Map.Street.Houses.House4.Structure.Roof.Gabled roof.Shingle,76/47/79,SmoothPlastic
2.5,0.0,85.8,48.3,812.3,Workspace.Map.Street.Houses.House4.Structure.Roof.Gabled roof.Shingle,87/53/88,SmoothPlastic,Workspace.Map.Street.Houses.House4.Structure.Roof.Gabled roof.Shingle,76/47/79,SmoothPlastic
2.5,0.0,91.0,48.3,812.3,Workspace.Map.Street.Houses.House4.Structure.Roof.Gabled roof.Shingle,87/53/88,SmoothPlastic,Workspace.Map.Street.Houses.House4.Structure.Roof.Gabled roof.Shingle,76/47/79,SmoothPlastic
2.5,0.0,96.2,48.3,812.3,Workspace.Map.Street.Houses.House4.Structure.Roof.Gabled roof.Shingle,87/53/88,SmoothPlastic,Workspace.Map.Street.Houses.House4.Structure.Roof.Gabled roof.Shingle,76/47/79,SmoothPlastic
2.5,0.0,101.4,48.3,812.3,Workspace.Map.Street.Houses.House4.Structure.Roof.Gabled roof.Shingle,87/53/88,SmoothPlastic,Workspace.Map.Street.Houses.House4.Structure.Roof.Gabled roof.Shingle,76/47/79,SmoothPlastic
2.5,0.0,106.6,48.3,812.3,Workspace.Map.Street.Houses.House4.Structure.Roof.Gabled roof.Shingle,87/53/88,SmoothPlastic,Workspace.Map.Street.Houses.House4.Structure.Roof.Gabled roof.Shingle,76/47/79,SmoothPlastic
2.5,0.0,111.8,48.3,812.3,Workspace.Map.Street.Houses.House4.Structure.Roof.Gabled roof.Shingle,87/53/88,SmoothPlastic,Workspace.Map.Street.Houses.House4.Structure.Roof.Gabled roof.Shingle,76/47/79,SmoothPlastic
2.5,0.0,39.0,52.5,817.7,Workspace.Map.Street.Houses.House4.Structure.Roof.Gabled roof.Shingle,87/53/88,SmoothPlastic,Workspace.Map.Street.Houses.House4.Structure.Roof.Gabled roof.Shingle,76/47/79,SmoothPlastic
2.5,0.0,44.2,52.5,817.7,Workspace.Map.Street.Houses.House4.Structure.Roof.Gabled roof.Shingle,87/53/88,SmoothPlastic,Workspace.Map.Street.Houses.House4.Structure.Roof.Gabled roof.Shingle,76/47/79,SmoothPlastic
2.5,0.0,49.4,52.5,817.7,Workspace.Map.Street.Houses.House4.Structure.Roof.Gabled roof.Shingle,87/53/88,SmoothPlastic,Workspace.Map.Street.Houses.House4.Structure.Roof.Gabled roof.Shingle,76/47/79,SmoothPlastic
2.5,0.0,54.6,52.5,817.7,Workspace.Map.Street.Houses.House4.Structure.Roof.Gabled roof.Shingle,87/53/88,SmoothPlastic,Workspace.Map.Street.Houses.House4.Structure.Roof.Gabled roof.Shingle,76/47/79,SmoothPlastic
2.5,0.0,59.8,52.5,817.7,Workspace.Map.Street.Houses.House4.Structure.Roof.Gabled roof.Shingle,87/53/88,SmoothPlastic,Workspace.Map.Street.Houses.House4.Structure.Roof.Gabled roof.Shingle,76/47/79,SmoothPlastic
2.5,0.0,39.0,48.3,812.3,Workspace.Map.Street.Houses.House4.Structure.Roof.Gabled roof.Shingle,87/53/88,SmoothPlastic,Workspace.Map.Street.Houses.House4.Structure.Roof.Gabled roof.Shingle,76/47/79,SmoothPlastic
2.5,0.0,44.2,48.3,812.3,Workspace.Map.Street.Houses.House4.Structure.Roof.Gabled roof.Shingle,87/53/88,SmoothPlastic,Workspace.Map.Street.Houses.House4.Structure.Roof.Gabled roof.Shingle,76/47/79,SmoothPlastic
2.5,0.0,49.4,48.3,812.3,Workspace.Map.Street.Houses.House4.Structure.Roof.Gabled roof.Shingle,87/53/88,SmoothPlastic,Workspace.Map.Street.Houses.House4.Structure.Roof.Gabled roof.Shingle,76/47/79,SmoothPlastic
2.5,0.0,59.8,48.3,812.3,Workspace.Map.Street.Houses.House4.Structure.Roof.Gabled roof.Shingle,87/53/88,SmoothPlastic,Workspace.Map.Street.Houses.House4.Structure.Roof.Gabled roof.Shingle,76/47/79,SmoothPlastic
2.5,0.0,65.0,54.6,820.3,Workspace.Map.Street.Houses.House4.Structure.Roof.Gabled roof.Shingle,76/47/79,SmoothPlastic,Workspace.Map.Street.Houses.House4.Structure.Roof.Gabled roof.Shingle,87/53/88,SmoothPlastic
2.5,0.0,70.2,54.6,820.3,Workspace.Map.Street.Houses.House4.Structure.Roof.Gabled roof.Shingle,76/47/79,SmoothPlastic,Workspace.Map.Street.Houses.House4.Structure.Roof.Gabled roof.Shingle,87/53/88,SmoothPlastic
2.5,0.0,75.4,54.6,820.3,Workspace.Map.Street.Houses.House4.Structure.Roof.Gabled roof.Shingle,76/47/79,SmoothPlastic,Workspace.Map.Street.Houses.House4.Structure.Roof.Gabled roof.Shingle,87/53/88,SmoothPlastic
2.5,0.0,80.6,54.6,820.3,Workspace.Map.Street.Houses.House4.Structure.Roof.Gabled roof.Shingle,76/47/79,SmoothPlastic,Workspace.Map.Street.Houses.House4.Structure.Roof.Gabled roof.Shingle,87/53/88,SmoothPlastic
2.5,0.0,85.8,54.6,820.3,Workspace.Map.Street.Houses.House4.Structure.Roof.Gabled roof.Shingle,76/47/79,SmoothPlastic,Workspace.Map.Street.Houses.House4.Structure.Roof.Gabled roof.Shingle,87/53/88,SmoothPlastic
2.5,0.0,91.0,54.6,820.3,Workspace.Map.Street.Houses.House4.Structure.Roof.Gabled roof.Shingle,76/47/79,SmoothPlastic,Workspace.Map.Street.Houses.House4.Structure.Roof.Gabled roof.Shingle,87/53/88,SmoothPlastic
2.5,0.0,96.2,54.6,820.3,Workspace.Map.Street.Houses.House4.Structure.Roof.Gabled roof.Shingle,76/47/79,SmoothPlastic,Workspace.Map.Street.Houses.House4.Structure.Roof.Gabled roof.Shingle,87/53/88,SmoothPlastic
2.5,0.0,101.4,54.6,820.3,Workspace.Map.Street.Houses.House4.Structure.Roof.Gabled roof.Shingle,76/47/79,SmoothPlastic,Workspace.Map.Street.Houses.House4.Structure.Roof.Gabled roof.Shingle,87/53/88,SmoothPlastic
2.5,0.0,106.6,54.6,820.3,Workspace.Map.Street.Houses.House4.Structure.Roof.Gabled roof.Shingle,76/47/79,SmoothPlastic,Workspace.Map.Street.Houses.House4.Structure.Roof.Gabled roof.Shingle,87/53/88,SmoothPlastic
2.5,0.0,111.8,54.6,820.3,Workspace.Map.Street.Houses.House4.Structure.Roof.Gabled roof.Shingle,76/47/79,SmoothPlastic,Workspace.Map.Street.Houses.House4.Structure.Roof.Gabled roof.Shingle,87/53/88,SmoothPlastic
2.5,0.0,65.0,46.3,809.7,Workspace.Map.Street.Houses.House4.Structure.Roof.Gabled roof.Shingle,76/47/79,SmoothPlastic,Workspace.Map.Street.Houses.House4.Structure.Roof.Gabled roof.Shingle,87/53/88,SmoothPlastic
2.5,0.0,70.2,46.3,809.7,Workspace.Map.Street.Houses.House4.Structure.Roof.Gabled roof.Shingle,76/47/79,SmoothPlastic,Workspace.Map.Street.Houses.House4.Structure.Roof.Gabled roof.Shingle,87/53/88,SmoothPlastic
2.5,0.0,75.4,46.3,809.7,Workspace.Map.Street.Houses.House4.Structure.Roof.Gabled roof.Shingle,76/47/79,SmoothPlastic,Workspace.Map.Street.Houses.House4.Structure.Roof.Gabled roof.Shingle,87/53/88,SmoothPlastic
2.5,0.0,80.6,46.3,809.7,Workspace.Map.Street.Houses.House4.Structure.Roof.Gabled roof.Shingle,76/47/79,SmoothPlastic,Workspace.Map.Street.Houses.House4.Structure.Roof.Gabled roof.Shingle,87/53/88,SmoothPlastic
2.5,0.0,85.8,46.3,809.7,Workspace.Map.Street.Houses.House4.Structure.Roof.Gabled roof.Shingle,76/47/79,SmoothPlastic,Workspace.Map.Street.Houses.House4.Structure.Roof.Gabled roof.Shingle,87/53/88,SmoothPlastic
2.5,0.0,91.0,46.3,809.7,Workspace.Map.Street.Houses.House4.Structure.Roof.Gabled roof.Shingle,76/47/79,SmoothPlastic,Workspace.Map.Street.Houses.House4.Structure.Roof.Gabled roof.Shingle,87/53/88,SmoothPlastic
2.5,0.0,96.2,46.3,809.7,Workspace.Map.Street.Houses.House4.Structure.Roof.Gabled roof.Shingle,76/47/79,SmoothPlastic,Workspace.Map.Street.Houses.House4.Structure.Roof.Gabled roof.Shingle,87/53/88,SmoothPlastic
2.5,0.0,101.4,46.3,809.7,Workspace.Map.Street.Houses.House4.Structure.Roof.Gabled roof.Shingle,76/47/79,SmoothPlastic,Workspace.Map.Street.Houses.House4.Structure.Roof.Gabled roof.Shingle,87/53/88,SmoothPlastic
2.5,0.0,106.6,46.3,809.7,Workspace.Map.Street.Houses.House4.Structure.Roof.Gabled roof.Shingle,76/47/79,SmoothPlastic,Workspace.Map.Street.Houses.House4.Structure.Roof.Gabled roof.Shingle,87/53/88,SmoothPlastic
2.5,0.0,111.8,46.3,809.7,Workspace.Map.Street.Houses.House4.Structure.Roof.Gabled roof.Shingle,76/47/79,SmoothPlastic,Workspace.Map.Street.Houses.House4.Structure.Roof.Gabled roof.Shingle,87/53/88,SmoothPlastic
2.5,0.0,65.0,42.1,804.3,Workspace.Map.Street.Houses.House4.Structure.Roof.Gabled roof.Shingle,76/47/79,SmoothPlastic,Workspace.Map.Street.Houses.House4.Structure.Roof.Gabled roof.Shingle,87/53/88,SmoothPlastic
2.5,0.0,70.2,42.1,804.3,Workspace.Map.Street.Houses.House4.Structure.Roof.Gabled roof.Shingle,76/47/79,SmoothPlastic,Workspace.Map.Street.Houses.House4.Structure.Roof.Gabled roof.Shingle,87/53/88,SmoothPlastic
2.5,0.0,75.4,42.1,804.3,Workspace.Map.Street.Houses.House4.Structure.Roof.Gabled roof.Shingle,76/47/79,SmoothPlastic,Workspace.Map.Street.Houses.House4.Structure.Roof.Gabled roof.Shingle,87/53/88,SmoothPlastic
2.5,0.0,80.6,42.1,804.3,Workspace.Map.Street.Houses.House4.Structure.Roof.Gabled roof.Shingle,76/47/79,SmoothPlastic,Workspace.Map.Street.Houses.House4.Structure.Roof.Gabled roof.Shingle,87/53/88,SmoothPlastic
2.5,0.0,85.8,42.1,804.3,Workspace.Map.Street.Houses.House4.Structure.Roof.Gabled roof.Shingle,76/47/79,SmoothPlastic,Workspace.Map.Street.Houses.House4.Structure.Roof.Gabled roof.Shingle,87/53/88,SmoothPlastic
2.5,0.0,91.0,42.1,804.3,Workspace.Map.Street.Houses.House4.Structure.Roof.Gabled roof.Shingle,76/47/79,SmoothPlastic,Workspace.Map.Street.Houses.House4.Structure.Roof.Gabled roof.Shingle,87/53/88,SmoothPlastic
2.5,0.0,96.2,42.1,804.3,Workspace.Map.Street.Houses.House4.Structure.Roof.Gabled roof.Shingle,76/47/79,SmoothPlastic,Workspace.Map.Street.Houses.House4.Structure.Roof.Gabled roof.Shingle,87/53/88,SmoothPlastic
2.5,0.0,101.4,42.1,804.3,Workspace.Map.Street.Houses.House4.Structure.Roof.Gabled roof.Shingle,76/47/79,SmoothPlastic,Workspace.Map.Street.Houses.House4.Structure.Roof.Gabled roof.Shingle,87/53/88,SmoothPlastic
2.5,0.0,106.6,42.1,804.3,Workspace.Map.Street.Houses.House4.Structure.Roof.Gabled roof.Shingle,76/47/79,SmoothPlastic,Workspace.Map.Street.Houses.House4.Structure.Roof.Gabled roof.Shingle,87/53/88,SmoothPlastic
2.5,0.0,111.8,42.1,804.3,Workspace.Map.Street.Houses.House4.Structure.Roof.Gabled roof.Shingle,76/47/79,SmoothPlastic,Workspace.Map.Street.Houses.House4.Structure.Roof.Gabled roof.Shingle,87/53/88,SmoothPlastic
2.5,0.0,39.0,54.6,820.3,Workspace.Map.Street.Houses.House4.Structure.Roof.Gabled roof.Shingle,76/47/79,SmoothPlastic,Workspace.Map.Street.Houses.House4.Structure.Roof.Gabled roof.Shingle,87/53/88,SmoothPlastic
2.5,0.0,44.2,54.6,820.3,Workspace.Map.Street.Houses.House4.Structure.Roof.Gabled roof.Shingle,76/47/79,SmoothPlastic,Workspace.Map.Street.Houses.House4.Structure.Roof.Gabled roof.Shingle,87/53/88,SmoothPlastic
2.5,0.0,49.4,54.6,820.3,Workspace.Map.Street.Houses.House4.Structure.Roof.Gabled roof.Shingle,76/47/79,SmoothPlastic,Workspace.Map.Street.Houses.House4.Structure.Roof.Gabled roof.Shingle,87/53/88,SmoothPlastic
2.5,0.0,54.6,54.6,820.3,Workspace.Map.Street.Houses.House4.Structure.Roof.Gabled roof.Shingle,76/47/79,SmoothPlastic,Workspace.Map.Street.Houses.House4.Structure.Roof.Gabled roof.Shingle,87/53/88,SmoothPlastic
2.5,0.0,59.8,54.6,820.3,Workspace.Map.Street.Houses.House4.Structure.Roof.Gabled roof.Shingle,76/47/79,SmoothPlastic,Workspace.Map.Street.Houses.House4.Structure.Roof.Gabled roof.Shingle,87/53/88,SmoothPlastic
2.5,0.0,39.0,46.3,809.7,Workspace.Map.Street.Houses.House4.Structure.Roof.Gabled roof.Shingle,76/47/79,SmoothPlastic,Workspace.Map.Street.Houses.House4.Structure.Roof.Gabled roof.Shingle,87/53/88,SmoothPlastic
2.5,0.0,44.2,46.3,809.7,Workspace.Map.Street.Houses.House4.Structure.Roof.Gabled roof.Shingle,76/47/79,SmoothPlastic,Workspace.Map.Street.Houses.House4.Structure.Roof.Gabled roof.Shingle,87/53/88,SmoothPlastic
2.5,0.0,49.4,46.3,809.7,Workspace.Map.Street.Houses.House4.Structure.Roof.Gabled roof.Shingle,76/47/79,SmoothPlastic,Workspace.Map.Street.Houses.House4.Structure.Roof.Gabled roof.Shingle,87/53/88,SmoothPlastic
2.5,0.0,59.8,46.3,809.7,Workspace.Map.Street.Houses.House4.Structure.Roof.Gabled roof.Shingle,76/47/79,SmoothPlastic,Workspace.Map.Street.Houses.House4.Structure.Roof.Gabled roof.Shingle,87/53/88,SmoothPlastic
2.5,0.0,39.0,42.1,804.3,Workspace.Map.Street.Houses.House4.Structure.Roof.Gabled roof.Shingle,76/47/79,SmoothPlastic,Workspace.Map.Street.Houses.House4.Structure.Roof.Gabled roof.Shingle,87/53/88,SmoothPlastic
2.5,0.0,44.2,42.1,804.3,Workspace.Map.Street.Houses.House4.Structure.Roof.Gabled roof.Shingle,76/47/79,SmoothPlastic,Workspace.Map.Street.Houses.House4.Structure.Roof.Gabled roof.Shingle,87/53/88,SmoothPlastic
2.5,0.0,49.4,42.1,804.3,Workspace.Map.Street.Houses.House4.Structure.Roof.Gabled roof.Shingle,76/47/79,SmoothPlastic,Workspace.Map.Street.Houses.House4.Structure.Roof.Gabled roof.Shingle,87/53/88,SmoothPlastic
2.5,0.0,59.8,42.1,804.3,Workspace.Map.Street.Houses.House4.Structure.Roof.Gabled roof.Shingle,76/47/79,SmoothPlastic,Workspace.Map.Street.Houses.House4.Structure.Roof.Gabled roof.Shingle,87/53/88,SmoothPlastic
2.5,0.0,39.0,56.4,772.2,Workspace.Map.Street.Houses.House4.Structure.Roof.Gabled roof.Shingle,87/53/88,SmoothPlastic,Workspace.Map.Street.Houses.House4.Structure.Roof.Gabled roof.Shingle,76/47/79,SmoothPlastic
2.5,0.0,44.2,56.4,772.2,Workspace.Map.Street.Houses.House4.Structure.Roof.Gabled roof.Shingle,87/53/88,SmoothPlastic,Workspace.Map.Street.Houses.House4.Structure.Roof.Gabled roof.Shingle,76/47/79,SmoothPlastic
2.5,0.0,49.4,56.4,772.2,Workspace.Map.Street.Houses.House4.Structure.Roof.Gabled roof.Shingle,87/53/88,SmoothPlastic,Workspace.Map.Street.Houses.House4.Structure.Roof.Gabled roof.Shingle,76/47/79,SmoothPlastic
2.5,0.0,54.6,56.4,772.2,Workspace.Map.Street.Houses.House4.Structure.Roof.Gabled roof.Shingle,87/53/88,SmoothPlastic,Workspace.Map.Street.Houses.House4.Structure.Roof.Gabled roof.Shingle,76/47/79,SmoothPlastic
2.5,0.0,59.8,56.4,772.2,Workspace.Map.Street.Houses.House4.Structure.Roof.Gabled roof.Shingle,87/53/88,SmoothPlastic,Workspace.Map.Street.Houses.House4.Structure.Roof.Gabled roof.Shingle,76/47/79,SmoothPlastic
2.5,0.0,65.0,56.4,772.2,Workspace.Map.Street.Houses.House4.Structure.Roof.Gabled roof.Shingle,87/53/88,SmoothPlastic,Workspace.Map.Street.Houses.House4.Structure.Roof.Gabled roof.Shingle,76/47/79,SmoothPlastic
2.5,0.0,70.2,56.4,772.2,Workspace.Map.Street.Houses.House4.Structure.Roof.Gabled roof.Shingle,87/53/88,SmoothPlastic,Workspace.Map.Street.Houses.House4.Structure.Roof.Gabled roof.Shingle,76/47/79,SmoothPlastic
2.5,0.0,75.4,56.4,772.2,Workspace.Map.Street.Houses.House4.Structure.Roof.Gabled roof.Shingle,87/53/88,SmoothPlastic,Workspace.Map.Street.Houses.House4.Structure.Roof.Gabled roof.Shingle,76/47/79,SmoothPlastic
2.5,0.0,80.6,56.4,772.2,Workspace.Map.Street.Houses.House4.Structure.Roof.Gabled roof.Shingle,87/53/88,SmoothPlastic,Workspace.Map.Street.Houses.House4.Structure.Roof.Gabled roof.Shingle,76/47/79,SmoothPlastic
2.5,0.0,91.0,56.4,772.2,Workspace.Map.Street.Houses.House4.Structure.Roof.Gabled roof.Shingle,87/53/88,SmoothPlastic,Workspace.Map.Street.Houses.House4.Structure.Roof.Gabled roof.Shingle,76/47/79,SmoothPlastic
2.5,0.0,96.2,56.4,772.2,Workspace.Map.Street.Houses.House4.Structure.Roof.Gabled roof.Shingle,87/53/88,SmoothPlastic,Workspace.Map.Street.Houses.House4.Structure.Roof.Gabled roof.Shingle,76/47/79,SmoothPlastic
2.5,0.0,101.4,56.4,772.2,Workspace.Map.Street.Houses.House4.Structure.Roof.Gabled roof.Shingle,87/53/88,SmoothPlastic,Workspace.Map.Street.Houses.House4.Structure.Roof.Gabled roof.Shingle,76/47/79,SmoothPlastic
2.5,0.0,106.6,56.4,772.2,Workspace.Map.Street.Houses.House4.Structure.Roof.Gabled roof.Shingle,87/53/88,SmoothPlastic,Workspace.Map.Street.Houses.House4.Structure.Roof.Gabled roof.Shingle,76/47/79,SmoothPlastic
2.5,0.0,111.8,56.4,772.2,Workspace.Map.Street.Houses.House4.Structure.Roof.Gabled roof.Shingle,87/53/88,SmoothPlastic,Workspace.Map.Street.Houses.House4.Structure.Roof.Gabled roof.Shingle,76/47/79,SmoothPlastic
2.5,0.0,59.8,51.1,766.4,Workspace.Map.Street.Houses.House4.Structure.Roof.Gabled roof.Shingle,87/53/88,SmoothPlastic,Workspace.Map.Street.Houses.House4.Structure.Roof.Gabled roof.Shingle,76/47/79,SmoothPlastic
2.5,0.0,65.0,51.1,766.4,Workspace.Map.Street.Houses.House4.Structure.Roof.Gabled roof.Shingle,87/53/88,SmoothPlastic,Workspace.Map.Street.Houses.House4.Structure.Roof.Gabled roof.Shingle,76/47/79,SmoothPlastic
2.5,0.0,70.2,51.1,766.4,Workspace.Map.Street.Houses.House4.Structure.Roof.Gabled roof.Shingle,87/53/88,SmoothPlastic,Workspace.Map.Street.Houses.House4.Structure.Roof.Gabled roof.Shingle,76/47/79,SmoothPlastic
2.5,0.0,75.4,51.1,766.4,Workspace.Map.Street.Houses.House4.Structure.Roof.Gabled roof.Shingle,87/53/88,SmoothPlastic,Workspace.Map.Street.Houses.House4.Structure.Roof.Gabled roof.Shingle,76/47/79,SmoothPlastic
2.5,0.0,80.6,51.1,766.4,Workspace.Map.Street.Houses.House4.Structure.Roof.Gabled roof.Shingle,87/53/88,SmoothPlastic,Workspace.Map.Street.Houses.House4.Structure.Roof.Gabled roof.Shingle,76/47/79,SmoothPlastic
2.5,0.0,85.8,51.1,766.4,Workspace.Map.Street.Houses.House4.Structure.Roof.Gabled roof.Shingle,87/53/88,SmoothPlastic,Workspace.Map.Street.Houses.House4.Structure.Roof.Gabled roof.Shingle,76/47/79,SmoothPlastic
2.5,0.0,91.0,51.1,766.4,Workspace.Map.Street.Houses.House4.Structure.Roof.Gabled roof.Shingle,87/53/88,SmoothPlastic,Workspace.Map.Street.Houses.House4.Structure.Roof.Gabled roof.Shingle,76/47/79,SmoothPlastic
2.5,0.0,96.2,51.1,766.4,Workspace.Map.Street.Houses.House4.Structure.Roof.Gabled roof.Shingle,87/53/88,SmoothPlastic,Workspace.Map.Street.Houses.House4.Structure.Roof.Gabled roof.Shingle,76/47/79,SmoothPlastic
2.5,0.0,101.4,51.1,766.4,Workspace.Map.Street.Houses.House4.Structure.Roof.Gabled roof.Shingle,87/53/88,SmoothPlastic,Workspace.Map.Street.Houses.House4.Structure.Roof.Gabled roof.Shingle,76/47/79,SmoothPlastic
2.5,0.0,106.6,51.1,766.4,Workspace.Map.Street.Houses.House4.Structure.Roof.Gabled roof.Shingle,87/53/88,SmoothPlastic,Workspace.Map.Street.Houses.House4.Structure.Roof.Gabled roof.Shingle,76/47/79,SmoothPlastic
2.5,0.0,111.8,51.1,766.4,Workspace.Map.Street.Houses.House4.Structure.Roof.Gabled roof.Shingle,87/53/88,SmoothPlastic,Workspace.Map.Street.Houses.House4.Structure.Roof.Gabled roof.Shingle,76/47/79,SmoothPlastic
2.5,0.0,59.8,43.2,757.8,Workspace.Map.Street.Houses.House4.Structure.Roof.Gabled roof.Shingle,76/47/79,SmoothPlastic,Workspace.Map.Street.Houses.House4.Structure.Roof.Gabled roof.Shingle,87/53/88,SmoothPlastic
2.5,0.0,65.0,43.2,757.8,Workspace.Map.Street.Houses.House4.Structure.Roof.Gabled roof.Shingle,76/47/79,SmoothPlastic,Workspace.Map.Street.Houses.House4.Structure.Roof.Gabled roof.Shingle,87/53/88,SmoothPlastic
2.5,0.0,70.2,43.2,757.8,Workspace.Map.Street.Houses.House4.Structure.Roof.Gabled roof.Shingle,76/47/79,SmoothPlastic,Workspace.Map.Street.Houses.House4.Structure.Roof.Gabled roof.Shingle,87/53/88,SmoothPlastic
2.5,0.0,75.4,43.2,757.8,Workspace.Map.Street.Houses.House4.Structure.Roof.Gabled roof.Shingle,76/47/79,SmoothPlastic,Workspace.Map.Street.Houses.House4.Structure.Roof.Gabled roof.Shingle,87/53/88,SmoothPlastic
2.5,0.0,80.6,43.2,757.8,Workspace.Map.Street.Houses.House4.Structure.Roof.Gabled roof.Shingle,76/47/79,SmoothPlastic,Workspace.Map.Street.Houses.House4.Structure.Roof.Gabled roof.Shingle,87/53/88,SmoothPlastic
2.5,0.0,85.8,43.2,757.8,Workspace.Map.Street.Houses.House4.Structure.Roof.Gabled roof.Shingle,76/47/79,SmoothPlastic,Workspace.Map.Street.Houses.House4.Structure.Roof.Gabled roof.Shingle,87/53/88,SmoothPlastic
2.5,0.0,91.0,43.2,757.8,Workspace.Map.Street.Houses.House4.Structure.Roof.Gabled roof.Shingle,76/47/79,SmoothPlastic,Workspace.Map.Street.Houses.House4.Structure.Roof.Gabled roof.Shingle,87/53/88,SmoothPlastic
2.5,0.0,96.2,43.2,757.8,Workspace.Map.Street.Houses.House4.Structure.Roof.Gabled roof.Shingle,76/47/79,SmoothPlastic,Workspace.Map.Street.Houses.House4.Structure.Roof.Gabled roof.Shingle,87/53/88,SmoothPlastic
2.5,0.0,101.4,43.2,757.8,Workspace.Map.Street.Houses.House4.Structure.Roof.Gabled roof.Shingle,76/47/79,SmoothPlastic,Workspace.Map.Street.Houses.House4.Structure.Roof.Gabled roof.Shingle,87/53/88,SmoothPlastic
2.5,0.0,106.6,43.2,757.8,Workspace.Map.Street.Houses.House4.Structure.Roof.Gabled roof.Shingle,76/47/79,SmoothPlastic,Workspace.Map.Street.Houses.House4.Structure.Roof.Gabled roof.Shingle,87/53/88,SmoothPlastic
2.5,0.0,85.8,56.4,772.2,Workspace.Map.Street.Houses.House4.Structure.Roof.Gabled roof.Shingle,87/53/88,SmoothPlastic,Workspace.Map.Street.Houses.House4.Structure.Roof.Gabled roof.Shingle,76/47/79,SmoothPlastic
2.5,0.0,111.8,43.2,757.8,Workspace.Map.Street.Houses.House4.Structure.Roof.Gabled roof.Shingle,76/47/79,SmoothPlastic,Workspace.Map.Street.Houses.House4.Structure.Roof.Gabled roof.Shingle,87/53/88,SmoothPlastic
2.5,0.0,39.0,48.5,763.6,Workspace.Map.Street.Houses.House4.Structure.Roof.Gabled roof.Shingle,76/47/79,SmoothPlastic,Workspace.Map.Street.Houses.House4.Structure.Roof.Gabled roof.Shingle,87/53/88,SmoothPlastic
2.5,0.0,44.2,48.5,763.6,Workspace.Map.Street.Houses.House4.Structure.Roof.Gabled roof.Shingle,76/47/79,SmoothPlastic,Workspace.Map.Street.Houses.House4.Structure.Roof.Gabled roof.Shingle,87/53/88,SmoothPlastic
2.5,0.0,49.4,48.5,763.6,Workspace.Map.Street.Houses.House4.Structure.Roof.Gabled roof.Shingle,76/47/79,SmoothPlastic,Workspace.Map.Street.Houses.House4.Structure.Roof.Gabled roof.Shingle,87/53/88,SmoothPlastic
2.5,0.0,59.8,48.5,763.6,Workspace.Map.Street.Houses.House4.Structure.Roof.Gabled roof.Shingle,76/47/79,SmoothPlastic,Workspace.Map.Street.Houses.House4.Structure.Roof.Gabled roof.Shingle,87/53/88,SmoothPlastic
2.5,0.0,65.0,48.5,763.6,Workspace.Map.Street.Houses.House4.Structure.Roof.Gabled roof.Shingle,76/47/79,SmoothPlastic,Workspace.Map.Street.Houses.House4.Structure.Roof.Gabled roof.Shingle,87/53/88,SmoothPlastic
2.5,0.0,70.2,48.5,763.6,Workspace.Map.Street.Houses.House4.Structure.Roof.Gabled roof.Shingle,76/47/79,SmoothPlastic,Workspace.Map.Street.Houses.House4.Structure.Roof.Gabled roof.Shingle,87/53/88,SmoothPlastic
2.5,0.0,75.4,48.5,763.6,Workspace.Map.Street.Houses.House4.Structure.Roof.Gabled roof.Shingle,76/47/79,SmoothPlastic,Workspace.Map.Street.Houses.House4.Structure.Roof.Gabled roof.Shingle,87/53/88,SmoothPlastic
2.5,0.0,80.6,48.5,763.6,Workspace.Map.Street.Houses.House4.Structure.Roof.Gabled roof.Shingle,76/47/79,SmoothPlastic,Workspace.Map.Street.Houses.House4.Structure.Roof.Gabled roof.Shingle,87/53/88,SmoothPlastic
2.5,0.0,85.8,48.5,763.6,Workspace.Map.Street.Houses.House4.Structure.Roof.Gabled roof.Shingle,76/47/79,SmoothPlastic,Workspace.Map.Street.Houses.House4.Structure.Roof.Gabled roof.Shingle,87/53/88,SmoothPlastic
2.5,0.0,91.0,48.5,763.6,Workspace.Map.Street.Houses.House4.Structure.Roof.Gabled roof.Shingle,76/47/79,SmoothPlastic,Workspace.Map.Street.Houses.House4.Structure.Roof.Gabled roof.Shingle,87/53/88,SmoothPlastic
2.5,0.0,96.2,48.5,763.6,Workspace.Map.Street.Houses.House4.Structure.Roof.Gabled roof.Shingle,76/47/79,SmoothPlastic,Workspace.Map.Street.Houses.House4.Structure.Roof.Gabled roof.Shingle,87/53/88,SmoothPlastic
2.5,0.0,101.4,48.5,763.6,Workspace.Map.Street.Houses.House4.Structure.Roof.Gabled roof.Shingle,76/47/79,SmoothPlastic,Workspace.Map.Street.Houses.House4.Structure.Roof.Gabled roof.Shingle,87/53/88,SmoothPlastic
2.5,0.0,106.6,48.5,763.6,Workspace.Map.Street.Houses.House4.Structure.Roof.Gabled roof.Shingle,76/47/79,SmoothPlastic,Workspace.Map.Street.Houses.House4.Structure.Roof.Gabled roof.Shingle,87/53/88,SmoothPlastic
2.5,0.0,111.8,48.5,763.6,Workspace.Map.Street.Houses.House4.Structure.Roof.Gabled roof.Shingle,76/47/79,SmoothPlastic,Workspace.Map.Street.Houses.House4.Structure.Roof.Gabled roof.Shingle,87/53/88,SmoothPlastic
1.53,0.025,194.4,5.2,-28.3,Workspace.Map.Hub.CostumeShop.Mannequins.Vampire.Art.CostumeArt.RightUpperLeg,28/22/34,SmoothPlastic,Workspace.Map.Hub.CostumeShop.Mannequins.Vampire.Art.CostumeArt.UpperTorso,170/10/30,SmoothPlastic
1.53,0.026,194.4,5.2,-28.3,Workspace.Map.Hub.CostumeShop.Mannequins.Vampire.Art.CostumeArt.RightUpperLeg,28/22/34,SmoothPlastic,ServerStorage.ArtBackups.CostumeShopArt_BeforeSkins.Vampire.Cape,38/22/50,SmoothPlastic
1.53,0.025,194.5,5.2,-27.3,Workspace.Map.Hub.CostumeShop.Mannequins.Vampire.Art.CostumeArt.LeftUpperLeg,28/22/34,SmoothPlastic,Workspace.Map.Hub.CostumeShop.Mannequins.Vampire.Art.CostumeArt.UpperTorso,170/10/30,SmoothPlastic
1.53,0.026,194.4,5.2,-27.3,Workspace.Map.Hub.CostumeShop.Mannequins.Vampire.Art.CostumeArt.LeftUpperLeg,28/22/34,SmoothPlastic,ServerStorage.ArtBackups.CostumeShopArt_BeforeSkins.Vampire.Cape,38/22/50,SmoothPlastic
1.49,0.045,193.4,7.1,-27.8,Workspace.Map.Hub.CostumeShop.Mannequins.Vampire.Art.CostumeArt.UpperTorso,28/22/34,SmoothPlastic,Workspace.Map.Hub.CostumeShop.Mannequins.Vampire.Art.CostumeArt.UpperTorso,240/240/245,SmoothPlastic
1.44,0.0,220.3,19.4,-68.3,Workspace.Map.Hub.CostumeShop.Structure.Post,120/60/50,Brick,Workspace.Map.Hub.CostumeShop.Structure.Beam,85/54/34,WoodPlanks
1.38,0.026,194.4,6.4,-27.8,Workspace.Map.Hub.CostumeShop.Mannequins.Vampire.Art.CostumeArt.UpperTorso,28/22/34,SmoothPlastic,ServerStorage.ArtBackups.CostumeShopArt_BeforeSkins.Vampire.Cape,38/22/50,SmoothPlastic
1.32,0.046,194.4,4.0,-28.3,Workspace.Map.Hub.CostumeShop.Mannequins.Vampire.Art.CostumeArt.RightLowerLeg,28/22/34,SmoothPlastic,ServerStorage.ArtBackups.CostumeShopArt_BeforeSkins.Vampire.CapeFlare,38/22/50,SmoothPlastic
1.32,0.046,194.4,4.0,-27.3,Workspace.Map.Hub.CostumeShop.Mannequins.Vampire.Art.CostumeArt.LeftLowerLeg,28/22/34,SmoothPlastic,ServerStorage.ArtBackups.CostumeShopArt_BeforeSkins.Vampire.CapeFlare,38/22/50,SmoothPlastic
1.26,0.019,32.0,16.1,-101.2,Workspace.Map.Plots.Plot1.Structure.RoofShingle,73/42/101,Plastic,Workspace.Map.Plots.Plot1.Structure.GableFascia,193/121/47,Plastic
1.26,0.019,32.0,16.1,-114.3,Workspace.Map.Plots.Plot1.Structure.RoofShingle,88/49/118,Plastic,Workspace.Map.Plots.Plot1.Structure.GableFascia,193/121/47,Plastic
1.26,0.019,28.0,16.1,-101.2,Workspace.Map.Plots.Plot1.Structure.RoofShingle,73/42/101,Plastic,Workspace.Map.Plots.Plot1.Structure.GableFascia,193/121/47,Plastic
1.26,0.019,28.0,16.1,-114.3,Workspace.Map.Plots.Plot1.Structure.RoofShingle,88/49/118,Plastic,Workspace.Map.Plots.Plot1.Structure.GableFascia,193/121/47,Plastic
1.26,0.019,20.2,13.9,-114.3,Workspace.Map.Plots.Plot1.Structure.RoofShingle,73/42/101,Plastic,Workspace.Map.Plots.Plot1.Structure.GableFascia,193/121/47,Plastic
1.26,0.019,128.4,11.8,-114.3,Workspace.Map.Plots.Plot5.Structure.RoofShingle,64/36/86,Plastic,Workspace.Map.Plots.Plot5.Structure.GableFascia,193/121/47,Plastic
1.26,0.019,20.2,13.9,-101.2,Workspace.Map.Plots.Plot1.Structure.RoofShingle,64/36/86,Plastic,Workspace.Map.Plots.Plot1.Structure.GableFascia,193/121/47,Plastic
1.26,0.019,12.5,11.8,-101.2,Workspace.Map.Plots.Plot1.Structure.RoofShingle,88/49/118,Plastic,Workspace.Map.Plots.Plot1.Structure.GableFascia,193/121/47,Plastic
1.26,0.019,16.4,12.9,-114.3,Workspace.Map.Plots.Plot1.Structure.RoofShingle,88/49/118,Plastic,Workspace.Map.Plots.Plot1.Structure.GableFascia,193/121/47,Plastic
1.26,0.019,-26.0,16.1,-101.2,Workspace.Map.Plots.Plot2.Structure.RoofShingle,73/42/101,Plastic,Workspace.Map.Plots.Plot2.Structure.GableFascia,193/121/47,Plastic
1.26,0.019,-18.2,13.9,-101.2,Workspace.Map.Plots.Plot2.Structure.RoofShingle,64/36/86,Plastic,Workspace.Map.Plots.Plot2.Structure.GableFascia,193/121/47,Plastic
1.26,0.019,132.4,12.9,-101.2,Workspace.Map.Plots.Plot5.Structure.RoofShingle,73/42/101,Plastic,Workspace.Map.Plots.Plot5.Structure.GableFascia,193/121/47,Plastic
1.26,0.019,16.4,12.9,-101.2,Workspace.Map.Plots.Plot1.Structure.RoofShingle,73/42/101,Plastic,Workspace.Map.Plots.Plot1.Structure.GableFascia,193/121/47,Plastic
1.26,0.019,12.5,11.8,-114.3,Workspace.Map.Plots.Plot1.Structure.RoofShingle,64/36/86,Plastic,Workspace.Map.Plots.Plot1.Structure.GableFascia,193/121/47,Plastic
1.26,0.019,-26.0,16.1,-114.3,Workspace.Map.Plots.Plot2.Structure.RoofShingle,88/49/118,Plastic,Workspace.Map.Plots.Plot2.Structure.GableFascia,193/121/47,Plastic
1.26,0.019,-14.4,12.9,-114.3,Workspace.Map.Plots.Plot2.Structure.RoofShingle,88/49/118,Plastic,Workspace.Map.Plots.Plot2.Structure.GableFascia,193/121/47,Plastic
1.26,0.019,-10.5,11.8,-114.3,Workspace.Map.Plots.Plot2.Structure.RoofShingle,64/36/86,Plastic,Workspace.Map.Plots.Plot2.Structure.GableFascia,193/121/47,Plastic
1.26,0.019,144.1,16.1,-101.2,Workspace.Map.Plots.Plot5.Structure.RoofShingle,73/42/101,Plastic,Workspace.Map.Plots.Plot5.Structure.GableFascia,193/121/47,Plastic
1.26,0.019,132.4,12.9,-114.3,Workspace.Map.Plots.Plot5.Structure.RoofShingle,88/49/118,Plastic,Workspace.Map.Plots.Plot5.Structure.GableFascia,193/121/47,Plastic
1.26,0.019,35.8,15.1,-101.2,Workspace.Map.Plots.Plot1.Structure.RoofShingle,88/49/118,Plastic,Workspace.Map.Plots.Plot1.Structure.GableFascia,193/121/47,Plastic
1.26,0.019,35.8,15.1,-114.3,Workspace.Map.Plots.Plot1.Structure.RoofShingle,64/36/86,Plastic,Workspace.Map.Plots.Plot1.Structure.GableFascia,193/121/47,Plastic
1.26,0.019,39.8,13.9,-101.2,Workspace.Map.Plots.Plot1.Structure.RoofShingle,64/36/86,Plastic,Workspace.Map.Plots.Plot1.Structure.GableFascia,193/121/47,Plastic
1.26,0.019,39.8,13.9,-114.3,Workspace.Map.Plots.Plot1.Structure.RoofShingle,73/42/101,Plastic,Workspace.Map.Plots.Plot1.Structure.GableFascia,193/121/47,Plastic
1.26,0.019,43.7,12.9,-101.2,Workspace.Map.Plots.Plot1.Structure.RoofShingle,73/42/101,Plastic,Workspace.Map.Plots.Plot1.Structure.GableFascia,193/121/47,Plastic
1.26,0.019,43.7,12.9,-114.3,Workspace.Map.Plots.Plot1.Structure.RoofShingle,88/49/118,Plastic,Workspace.Map.Plots.Plot1.Structure.GableFascia,193/121/47,Plastic
1.26,0.019,47.5,11.8,-101.2,Workspace.Map.Plots.Plot1.Structure.RoofShingle,88/49/118,Plastic,Workspace.Map.Plots.Plot1.Structure.GableFascia,193/121/47,Plastic
1.26,0.019,47.5,11.8,-114.3,Workspace.Map.Plots.Plot1.Structure.RoofShingle,64/36/86,Plastic,Workspace.Map.Plots.Plot1.Structure.GableFascia,193/121/47,Plastic
1.26,0.019,24.1,15.1,-101.2,Workspace.Map.Plots.Plot1.Structure.RoofShingle,88/49/118,Plastic,Workspace.Map.Plots.Plot1.Structure.GableFascia,193/121/47,Plastic
1.26,0.019,24.1,15.1,-114.3,Workspace.Map.Plots.Plot1.Structure.RoofShingle,64/36/86,Plastic,Workspace.Map.Plots.Plot1.Structure.GableFascia,193/121/47,Plastic
1.26,0.019,-10.5,11.8,-101.2,Workspace.Map.Plots.Plot2.Structure.RoofShingle,88/49/118,Plastic,Workspace.Map.Plots.Plot2.Structure.GableFascia,193/121/47,Plastic
1.26,0.019,-18.2,13.9,-114.3,Workspace.Map.Plots.Plot2.Structure.RoofShingle,73/42/101,Plastic,Workspace.Map.Plots.Plot2.Structure.GableFascia,193/121/47,Plastic
1.26,0.019,-30.0,16.1,-101.2,Workspace.Map.Plots.Plot2.Structure.RoofShingle,73/42/101,Plastic,Workspace.Map.Plots.Plot2.Structure.GableFascia,193/121/47,Plastic
1.26,0.019,-30.0,16.1,-114.3,Workspace.Map.Plots.Plot2.Structure.RoofShingle,88/49/118,Plastic,Workspace.Map.Plots.Plot2.Structure.GableFascia,193/121/47,Plastic
1.26,0.019,-33.8,15.1,-101.2,Workspace.Map.Plots.Plot2.Structure.RoofShingle,88/49/118,Plastic,Workspace.Map.Plots.Plot2.Structure.GableFascia,193/121/47,Plastic
1.26,0.019,-33.8,15.1,-114.3,Workspace.Map.Plots.Plot2.Structure.RoofShingle,64/36/86,Plastic,Workspace.Map.Plots.Plot2.Structure.GableFascia,193/121/47,Plastic
1.26,0.019,-37.8,13.9,-101.2,Workspace.Map.Plots.Plot2.Structure.RoofShingle,64/36/86,Plastic,Workspace.Map.Plots.Plot2.Structure.GableFascia,193/121/47,Plastic
1.26,0.019,-37.8,13.9,-114.3,Workspace.Map.Plots.Plot2.Structure.RoofShingle,73/42/101,Plastic,Workspace.Map.Plots.Plot2.Structure.GableFascia,193/121/47,Plastic
1.26,0.019,-41.7,12.9,-101.2,Workspace.Map.Plots.Plot2.Structure.RoofShingle,73/42/101,Plastic,Workspace.Map.Plots.Plot2.Structure.GableFascia,193/121/47,Plastic
1.26,0.019,-41.7,12.9,-114.3,Workspace.Map.Plots.Plot2.Structure.RoofShingle,88/49/118,Plastic,Workspace.Map.Plots.Plot2.Structure.GableFascia,193/121/47,Plastic
1.26,0.019,-45.5,11.8,-101.2,Workspace.Map.Plots.Plot2.Structure.RoofShingle,88/49/118,Plastic,Workspace.Map.Plots.Plot2.Structure.GableFascia,193/121/47,Plastic
1.26,0.019,-45.5,11.8,-114.3,Workspace.Map.Plots.Plot2.Structure.RoofShingle,64/36/86,Plastic,Workspace.Map.Plots.Plot2.Structure.GableFascia,193/121/47,Plastic
1.26,0.019,89.9,16.1,-101.2,Workspace.Map.Plots.Plot3.Structure.RoofShingle,73/42/101,Plastic,Workspace.Map.Plots.Plot3.Structure.GableFascia,193/121/47,Plastic
1.26,0.019,89.9,16.1,-114.3,Workspace.Map.Plots.Plot3.Structure.RoofShingle,88/49/118,Plastic,Workspace.Map.Plots.Plot3.Structure.GableFascia,193/121/47,Plastic
1.26,0.019,93.8,15.1,-101.2,Workspace.Map.Plots.Plot3.Structure.RoofShingle,88/49/118,Plastic,Workspace.Map.Plots.Plot3.Structure.GableFascia,193/121/47,Plastic
1.26,0.019,93.8,15.1,-114.3,Workspace.Map.Plots.Plot3.Structure.RoofShingle,64/36/86,Plastic,Workspace.Map.Plots.Plot3.Structure.GableFascia,193/121/47,Plastic
1.26,0.019,97.8,13.9,-101.2,Workspace.Map.Plots.Plot3.Structure.RoofShingle,64/36/86,Plastic,Workspace.Map.Plots.Plot3.Structure.GableFascia,193/121/47,Plastic
1.26,0.019,97.8,13.9,-114.3,Workspace.Map.Plots.Plot3.Structure.RoofShingle,73/42/101,Plastic,Workspace.Map.Plots.Plot3.Structure.GableFascia,193/121/47,Plastic
1.26,0.019,101.7,12.9,-101.2,Workspace.Map.Plots.Plot3.Structure.RoofShingle,73/42/101,Plastic,Workspace.Map.Plots.Plot3.Structure.GableFascia,193/121/47,Plastic
1.26,0.019,101.7,12.9,-114.3,Workspace.Map.Plots.Plot3.Structure.RoofShingle,88/49/118,Plastic,Workspace.Map.Plots.Plot3.Structure.GableFascia,193/121/47,Plastic
1.26,0.019,105.6,11.8,-101.2,Workspace.Map.Plots.Plot3.Structure.RoofShingle,88/49/118,Plastic,Workspace.Map.Plots.Plot3.Structure.GableFascia,193/121/47,Plastic
1.26,0.019,105.6,11.8,-114.3,Workspace.Map.Plots.Plot3.Structure.RoofShingle,64/36/86,Plastic,Workspace.Map.Plots.Plot3.Structure.GableFascia,193/121/47,Plastic
1.26,0.019,86.1,16.1,-101.2,Workspace.Map.Plots.Plot3.Structure.RoofShingle,73/42/101,Plastic,Workspace.Map.Plots.Plot3.Structure.GableFascia,193/121/47,Plastic
1.26,0.019,86.1,16.1,-114.3,Workspace.Map.Plots.Plot3.Structure.RoofShingle,88/49/118,Plastic,Workspace.Map.Plots.Plot3.Structure.GableFascia,193/121/47,Plastic
1.26,0.019,82.2,15.1,-101.2,Workspace.Map.Plots.Plot3.Structure.RoofShingle,88/49/118,Plastic,Workspace.Map.Plots.Plot3.Structure.GableFascia,193/121/47,Plastic
1.26,0.019,82.2,15.1,-114.3,Workspace.Map.Plots.Plot3.Structure.RoofShingle,64/36/86,Plastic,Workspace.Map.Plots.Plot3.Structure.GableFascia,193/121/47,Plastic
1.26,0.019,78.2,13.9,-101.2,Workspace.Map.Plots.Plot3.Structure.RoofShingle,64/36/86,Plastic,Workspace.Map.Plots.Plot3.Structure.GableFascia,193/121/47,Plastic
1.26,0.019,78.2,13.9,-114.3,Workspace.Map.Plots.Plot3.Structure.RoofShingle,73/42/101,Plastic,Workspace.Map.Plots.Plot3.Structure.GableFascia,193/121/47,Plastic
1.26,0.019,74.3,12.9,-101.2,Workspace.Map.Plots.Plot3.Structure.RoofShingle,73/42/101,Plastic,Workspace.Map.Plots.Plot3.Structure.GableFascia,193/121/47,Plastic
1.26,0.019,74.3,12.9,-114.3,Workspace.Map.Plots.Plot3.Structure.RoofShingle,88/49/118,Plastic,Workspace.Map.Plots.Plot3.Structure.GableFascia,193/121/47,Plastic
1.26,0.019,70.4,11.8,-101.2,Workspace.Map.Plots.Plot3.Structure.RoofShingle,88/49/118,Plastic,Workspace.Map.Plots.Plot3.Structure.GableFascia,193/121/47,Plastic
1.26,0.019,70.4,11.8,-114.3,Workspace.Map.Plots.Plot3.Structure.RoofShingle,64/36/86,Plastic,Workspace.Map.Plots.Plot3.Structure.GableFascia,193/121/47,Plastic
1.26,0.019,-84.1,16.1,-101.2,Workspace.Map.Plots.Plot4.Structure.RoofShingle,73/42/101,Plastic,Workspace.Map.Plots.Plot4.Structure.GableFascia,193/121/47,Plastic
1.26,0.019,-84.1,16.1,-114.3,Workspace.Map.Plots.Plot4.Structure.RoofShingle,88/49/118,Plastic,Workspace.Map.Plots.Plot4.Structure.GableFascia,193/121/47,Plastic
1.26,0.019,-80.2,15.1,-101.2,Workspace.Map.Plots.Plot4.Structure.RoofShingle,88/49/118,Plastic,Workspace.Map.Plots.Plot4.Structure.GableFascia,193/121/47,Plastic
1.26,0.019,-80.2,15.1,-114.3,Workspace.Map.Plots.Plot4.Structure.RoofShingle,64/36/86,Plastic,Workspace.Map.Plots.Plot4.Structure.GableFascia,193/121/47,Plastic
1.26,0.019,-76.2,13.9,-101.2,Workspace.Map.Plots.Plot4.Structure.RoofShingle,64/36/86,Plastic,Workspace.Map.Plots.Plot4.Structure.GableFascia,193/121/47,Plastic
1.26,0.019,-76.2,13.9,-114.3,Workspace.Map.Plots.Plot4.Structure.RoofShingle,73/42/101,Plastic,Workspace.Map.Plots.Plot4.Structure.GableFascia,193/121/47,Plastic
1.26,0.019,-72.3,12.9,-101.2,Workspace.Map.Plots.Plot4.Structure.RoofShingle,73/42/101,Plastic,Workspace.Map.Plots.Plot4.Structure.GableFascia,193/121/47,Plastic
1.26,0.019,-72.3,12.9,-114.3,Workspace.Map.Plots.Plot4.Structure.RoofShingle,88/49/118,Plastic,Workspace.Map.Plots.Plot4.Structure.GableFascia,193/121/47,Plastic
1.26,0.019,-68.4,11.8,-101.2,Workspace.Map.Plots.Plot4.Structure.RoofShingle,88/49/118,Plastic,Workspace.Map.Plots.Plot4.Structure.GableFascia,193/121/47,Plastic
1.26,0.019,-68.4,11.8,-114.3,Workspace.Map.Plots.Plot4.Structure.RoofShingle,64/36/86,Plastic,Workspace.Map.Plots.Plot4.Structure.GableFascia,193/121/47,Plastic
1.26,0.019,-87.9,16.1,-101.2,Workspace.Map.Plots.Plot4.Structure.RoofShingle,73/42/101,Plastic,Workspace.Map.Plots.Plot4.Structure.GableFascia,193/121/47,Plastic
1.26,0.019,-87.9,16.1,-114.3,Workspace.Map.Plots.Plot4.Structure.RoofShingle,88/49/118,Plastic,Workspace.Map.Plots.Plot4.Structure.GableFascia,193/121/47,Plastic
1.26,0.019,-91.8,15.1,-101.2,Workspace.Map.Plots.Plot4.Structure.RoofShingle,88/49/118,Plastic,Workspace.Map.Plots.Plot4.Structure.GableFascia,193/121/47,Plastic
1.26,0.019,-91.8,15.1,-114.3,Workspace.Map.Plots.Plot4.Structure.RoofShingle,64/36/86,Plastic,Workspace.Map.Plots.Plot4.Structure.GableFascia,193/121/47,Plastic
1.26,0.019,-95.8,13.9,-101.2,Workspace.Map.Plots.Plot4.Structure.RoofShingle,64/36/86,Plastic,Workspace.Map.Plots.Plot4.Structure.GableFascia,193/121/47,Plastic
1.26,0.019,-95.8,13.9,-114.3,Workspace.Map.Plots.Plot4.Structure.RoofShingle,73/42/101,Plastic,Workspace.Map.Plots.Plot4.Structure.GableFascia,193/121/47,Plastic
1.26,0.019,-99.7,12.9,-101.2,Workspace.Map.Plots.Plot4.Structure.RoofShingle,73/42/101,Plastic,Workspace.Map.Plots.Plot4.Structure.GableFascia,193/121/47,Plastic
1.26,0.019,-99.7,12.9,-114.3,Workspace.Map.Plots.Plot4.Structure.RoofShingle,88/49/118,Plastic,Workspace.Map.Plots.Plot4.Structure.GableFascia,193/121/47,Plastic
1.26,0.019,-103.6,11.8,-101.2,Workspace.Map.Plots.Plot4.Structure.RoofShingle,88/49/118,Plastic,Workspace.Map.Plots.Plot4.Structure.GableFascia,193/121/47,Plastic
1.26,0.019,-103.6,11.8,-114.3,Workspace.Map.Plots.Plot4.Structure.RoofShingle,64/36/86,Plastic,Workspace.Map.Plots.Plot4.Structure.GableFascia,193/121/47,Plastic
1.26,0.019,147.9,16.1,-101.2,Workspace.Map.Plots.Plot5.Structure.RoofShingle,73/42/101,Plastic,Workspace.Map.Plots.Plot5.Structure.GableFascia,193/121/47,Plastic
1.26,0.019,147.9,16.1,-114.3,Workspace.Map.Plots.Plot5.Structure.RoofShingle,88/49/118,Plastic,Workspace.Map.Plots.Plot5.Structure.GableFascia,193/121/47,Plastic
1.26,0.019,151.9,15.1,-101.2,Workspace.Map.Plots.Plot5.Structure.RoofShingle,88/49/118,Plastic,Workspace.Map.Plots.Plot5.Structure.GableFascia,193/121/47,Plastic
1.26,0.019,151.9,15.1,-114.3,Workspace.Map.Plots.Plot5.Structure.RoofShingle,64/36/86,Plastic,Workspace.Map.Plots.Plot5.Structure.GableFascia,193/121/47,Plastic
1.26,0.019,155.8,13.9,-101.2,Workspace.Map.Plots.Plot5.Structure.RoofShingle,64/36/86,Plastic,Workspace.Map.Plots.Plot5.Structure.GableFascia,193/121/47,Plastic
1.26,0.019,155.8,13.9,-114.3,Workspace.Map.Plots.Plot5.Structure.RoofShingle,73/42/101,Plastic,Workspace.Map.Plots.Plot5.Structure.GableFascia,193/121/47,Plastic
1.26,0.019,159.6,12.9,-101.2,Workspace.Map.Plots.Plot5.Structure.RoofShingle,73/42/101,Plastic,Workspace.Map.Plots.Plot5.Structure.GableFascia,193/121/47,Plastic
1.26,0.019,159.6,12.9,-114.3,Workspace.Map.Plots.Plot5.Structure.RoofShingle,88/49/118,Plastic,Workspace.Map.Plots.Plot5.Structure.GableFascia,193/121/47,Plastic
1.26,0.019,163.6,11.8,-101.2,Workspace.Map.Plots.Plot5.Structure.RoofShingle,88/49/118,Plastic,Workspace.Map.Plots.Plot5.Structure.GableFascia,193/121/47,Plastic
1.26,0.019,163.6,11.8,-114.3,Workspace.Map.Plots.Plot5.Structure.RoofShingle,64/36/86,Plastic,Workspace.Map.Plots.Plot5.Structure.GableFascia,193/121/47,Plastic
1.26,0.019,136.2,13.9,-101.2,Workspace.Map.Plots.Plot5.Structure.RoofShingle,64/36/86,Plastic,Workspace.Map.Plots.Plot5.Structure.GableFascia,193/121/47,Plastic
1.26,0.019,128.4,11.8,-101.2,Workspace.Map.Plots.Plot5.Structure.RoofShingle,88/49/118,Plastic,Workspace.Map.Plots.Plot5.Structure.GableFascia,193/121/47,Plastic
1.26,0.019,140.1,15.1,-114.3,Workspace.Map.Plots.Plot5.Structure.RoofShingle,64/36/86,Plastic,Workspace.Map.Plots.Plot5.Structure.GableFascia,193/121/47,Plastic
1.26,0.019,140.1,15.1,-101.2,Workspace.Map.Plots.Plot5.Structure.RoofShingle,88/49/118,Plastic,Workspace.Map.Plots.Plot5.Structure.GableFascia,193/121/47,Plastic
1.26,0.019,136.2,13.9,-114.3,Workspace.Map.Plots.Plot5.Structure.RoofShingle,73/42/101,Plastic,Workspace.Map.Plots.Plot5.Structure.GableFascia,193/121/47,Plastic
1.26,0.019,-22.1,15.1,-101.2,Workspace.Map.Plots.Plot2.Structure.RoofShingle,88/49/118,Plastic,Workspace.Map.Plots.Plot2.Structure.GableFascia,193/121/47,Plastic
1.26,0.019,-14.4,12.9,-101.2,Workspace.Map.Plots.Plot2.Structure.RoofShingle,73/42/101,Plastic,Workspace.Map.Plots.Plot2.Structure.GableFascia,193/121/47,Plastic
1.26,0.019,-22.1,15.1,-114.3,Workspace.Map.Plots.Plot2.Structure.RoofShingle,64/36/86,Plastic,Workspace.Map.Plots.Plot2.Structure.GableFascia,193/121/47,Plastic
1.26,0.019,144.1,16.1,-114.3,Workspace.Map.Plots.Plot5.Structure.RoofShingle,88/49/118,Plastic,Workspace.Map.Plots.Plot5.Structure.GableFascia,193/121/47,Plastic
1.24,0.0,86.9,24.7,543.1,Workspace.Map.Street.Houses.House3.Structure.Roof.OverlappingShingle,94/70/61,Plastic,Workspace.Map.Street.Houses.House3.Structure.Roof.OverlappingShingle,86/62/53,Plastic
1.24,0.0,86.9,24.7,539.1,Workspace.Map.Street.Houses.House3.Structure.Roof.OverlappingShingle,92/68/59,Plastic,Workspace.Map.Street.Houses.House3.Structure.Roof.OverlappingShingle,86/62/53,Plastic
1.24,0.0,86.9,24.7,530.9,Workspace.Map.Street.Houses.House3.Structure.Roof.OverlappingShingle,94/70/61,Plastic,Workspace.Map.Street.Houses.House3.Structure.Roof.OverlappingShingle,87/63/54,Plastic
1.24,0.0,86.9,24.7,526.9,Workspace.Map.Street.Houses.House3.Structure.Roof.OverlappingShingle,81/57/48,Plastic,Workspace.Map.Street.Houses.House3.Structure.Roof.OverlappingShingle,85/61/52,Plastic
1.24,0.0,67.3,36.5,591.7,Workspace.Map.Street.Houses.House3.Structure.Roof.OverlappingShingle,81/57/48,Plastic,Workspace.Map.Street.Houses.House3.Structure.Roof.OverlappingShingle,89/65/56,Plastic
1.24,0.0,67.3,36.5,587.6,Workspace.Map.Street.Houses.House3.Structure.Roof.OverlappingShingle,88/64/55,Plastic,Workspace.Map.Street.Houses.House3.Structure.Roof.OverlappingShingle,83/59/50,Plastic
1.24,0.0,67.3,36.5,583.6,Workspace.Map.Street.Houses.House3.Structure.Roof.OverlappingShingle,90/66/57,Plastic,Workspace.Map.Street.Houses.House3.Structure.Roof.OverlappingShingle,87/63/54,Plastic
1.24,0.0,67.3,36.5,579.6,Workspace.Map.Street.Houses.House3.Structure.Roof.OverlappingShingle,93/69/60,Plastic,Workspace.Map.Street.Houses.House3.Structure.Roof.OverlappingShingle,87/63/54,Plastic
1.24,0.0,67.3,36.5,571.4,Workspace.Map.Street.Houses.House3.Structure.Roof.OverlappingShingle,94/70/61,Plastic,Workspace.Map.Street.Houses.House3.Structure.Roof.OverlappingShingle,90/66/57,Plastic
1.24,0.0,67.3,36.5,567.4,Workspace.Map.Street.Houses.House3.Structure.Roof.OverlappingShingle,84/60/51,Plastic,Workspace.Map.Street.Houses.House3.Structure.Roof.OverlappingShingle,89/65/56,Plastic
1.24,0.0,67.3,36.5,563.4,Workspace.Map.Street.Houses.House3.Structure.Roof.OverlappingShingle,89/65/56,Plastic,Workspace.Map.Street.Houses.House3.Structure.Roof.OverlappingShingle,81/57/48,Plastic
1.24,0.0,67.3,36.5,559.3,Workspace.Map.Street.Houses.House3.Structure.Roof.OverlappingShingle,81/57/48,Plastic,Workspace.Map.Street.Houses.House3.Structure.Roof.OverlappingShingle,84/60/51,Plastic
1.24,0.0,67.3,36.5,551.2,Workspace.Map.Street.Houses.House3.Structure.Roof.OverlappingShingle,87/63/54,Plastic,Workspace.Map.Street.Houses.House3.Structure.Roof.OverlappingShingle,83/59/50,Plastic
1.24,0.0,67.3,36.5,547.1,Workspace.Map.Street.Houses.House3.Structure.Roof.OverlappingShingle,82/58/49,Plastic,Workspace.Map.Street.Houses.House3.Structure.Roof.OverlappingShingle,84/60/51,Plastic
1.24,0.0,67.3,36.5,543.1,Workspace.Map.Street.Houses.House3.Structure.Roof.OverlappingShingle,90/66/57,Plastic,Workspace.Map.Street.Houses.House3.Structure.Roof.OverlappingShingle,92/68/59,Plastic
1.24,0.0,67.3,36.5,539.1,Workspace.Map.Street.Houses.House3.Structure.Roof.OverlappingShingle,93/69/60,Plastic,Workspace.Map.Street.Houses.House3.Structure.Roof.OverlappingShingle,81/57/48,Plastic
1.24,0.0,72.9,33.1,530.9,Workspace.Map.Street.Houses.House3.Structure.Roof.OverlappingShingle,91/67/58,Plastic,Workspace.Map.Street.Houses.House3.Structure.Roof.OverlappingShingle,83/59/50,Plastic
1.24,0.0,72.9,33.1,526.9,Workspace.Map.Street.Houses.House3.Structure.Roof.OverlappingShingle,88/64/55,Plastic,Workspace.Map.Street.Houses.House3.Structure.Roof.OverlappingShingle,83/59/50,Plastic
1.24,0.0,78.5,29.8,603.9,Workspace.Map.Street.Houses.House3.Structure.Roof.OverlappingShingle,86/62/53,Plastic,Workspace.Map.Street.Houses.House3.Structure.Roof.OverlappingShingle,85/61/52,Plastic
1.24,0.0,78.5,29.8,599.8,Workspace.Map.Street.Houses.House3.Structure.Roof.OverlappingShingle,85/61/52,Plastic,Workspace.Map.Street.Houses.House3.Structure.Roof.OverlappingShingle,86/62/53,Plastic
1.24,0.0,78.5,29.8,539.1,Workspace.Map.Street.Houses.House3.Structure.Roof.OverlappingShingle,90/66/57,Plastic,Workspace.Map.Street.Houses.House3.Structure.Roof.OverlappingShingle,92/68/59,Plastic
1.24,0.0,78.5,29.8,530.9,Workspace.Map.Street.Houses.House3.Structure.Roof.OverlappingShingle,85/61/52,Plastic,Workspace.Map.Street.Houses.House3.Structure.Roof.OverlappingShingle,82/58/49,Plastic
1.24,0.0,78.5,29.8,526.9,Workspace.Map.Street.Houses.House3.Structure.Roof.OverlappingShingle,80/56/47,Plastic,Workspace.Map.Street.Houses.House3.Structure.Roof.OverlappingShingle,88/64/55,Plastic
1.24,0.0,84.1,26.4,599.8,Workspace.Map.Street.Houses.House3.Structure.Roof.OverlappingShingle,94/70/61,Plastic,Workspace.Map.Street.Houses.House3.Structure.Roof.OverlappingShingle,87/63/54,Plastic
1.24,0.0,84.1,26.4,591.7,Workspace.Map.Street.Houses.House3.Structure.Roof.OverlappingShingle,81/57/48,Plastic,Workspace.Map.Street.Houses.House3.Structure.Roof.OverlappingShingle,89/65/56,Plastic
1.24,0.0,84.1,26.4,587.6,Workspace.Map.Street.Houses.House3.Structure.Roof.OverlappingShingle,83/59/50,Plastic,Workspace.Map.Street.Houses.House3.Structure.Roof.OverlappingShingle,80/56/47,Plastic
1.24,0.0,89.7,23.0,579.6,Workspace.Map.Street.Houses.House3.Structure.Roof.OverlappingShingle,85/61/52,Plastic,Workspace.Map.Street.Houses.House3.Structure.Roof.OverlappingShingle,94/70/61,Plastic
1.24,0.0,89.7,23.0,571.4,Workspace.Map.Street.Houses.House3.Structure.Roof.OverlappingShingle,93/69/60,Plastic,Workspace.Map.Street.Houses.House3.Structure.Roof.OverlappingShingle,84/60/51,Plastic
1.24,0.0,89.7,23.0,563.4,Workspace.Map.Street.Houses.House3.Structure.Roof.OverlappingShingle,83/59/50,Plastic,Workspace.Map.Street.Houses.House3.Structure.Roof.OverlappingShingle,84/60/51,Plastic
1.24,0.0,89.7,23.0,559.3,Workspace.Map.Street.Houses.House3.Structure.Roof.OverlappingShingle,83/59/50,Plastic,Workspace.Map.Street.Houses.House3.Structure.Roof.OverlappingShingle,90/66/57,Plastic
1.24,0.0,89.7,23.0,551.2,Workspace.Map.Street.Houses.House3.Structure.Roof.OverlappingShingle,87/63/54,Plastic,Workspace.Map.Street.Houses.House3.Structure.Roof.OverlappingShingle,84/60/51,Plastic
1.24,0.0,89.7,23.0,547.1,Workspace.Map.Street.Houses.House3.Structure.Roof.OverlappingShingle,86/62/53,Plastic,Workspace.Map.Street.Houses.House3.Structure.Roof.OverlappingShingle,85/61/52,Plastic
1.24,0.0,70.1,34.8,603.9,Workspace.Map.Street.Houses.House3.Structure.Roof.OverlappingShingle,87/63/54,Plastic,Workspace.Map.Street.Houses.House3.Structure.Roof.OverlappingShingle,82/58/49,Plastic
1.24,0.0,70.1,34.8,599.8,Workspace.Map.Street.Houses.House3.Structure.Roof.OverlappingShingle,93/69/60,Plastic,Workspace.Map.Street.Houses.House3.Structure.Roof.OverlappingShingle,80/56/47,Plastic
1.24,0.0,75.7,31.4,591.7,Workspace.Map.Street.Houses.House3.Structure.Roof.OverlappingShingle,82/58/49,Plastic,Workspace.Map.Street.Houses.House3.Structure.Roof.OverlappingShingle,90/66/57,Plastic
1.24,0.0,75.7,31.4,587.6,Workspace.Map.Street.Houses.House3.Structure.Roof.OverlappingShingle,88/64/55,Plastic,Workspace.Map.Street.Houses.House3.Structure.Roof.OverlappingShingle,83/59/50,Plastic
1.24,0.0,75.7,31.4,579.6,Workspace.Map.Street.Houses.House3.Structure.Roof.OverlappingShingle,81/57/48,Plastic,Workspace.Map.Street.Houses.House3.Structure.Roof.OverlappingShingle,83/59/50,Plastic
1.24,0.0,75.7,31.4,571.4,Workspace.Map.Street.Houses.House3.Structure.Roof.OverlappingShingle,83/59/50,Plastic,Workspace.Map.Street.Houses.House3.Structure.Roof.OverlappingShingle,91/67/58,Plastic
1.24,0.0,75.7,31.4,567.4,Workspace.Map.Street.Houses.House3.Structure.Roof.OverlappingShingle,92/68/59,Plastic,Workspace.Map.Street.Houses.House3.Structure.Roof.OverlappingShingle,82/58/49,Plastic
1.24,0.0,75.7,31.4,563.4,Workspace.Map.Street.Houses.House3.Structure.Roof.OverlappingShingle,83/59/50,Plastic,Workspace.Map.Street.Houses.House3.Structure.Roof.OverlappingShingle,84/60/51,Plastic
1.24,0.0,75.7,31.4,559.3,Workspace.Map.Street.Houses.House3.Structure.Roof.OverlappingShingle,83/59/50,Plastic,Workspace.Map.Street.Houses.House3.Structure.Roof.OverlappingShingle,80/56/47,Plastic
1.24,0.0,75.7,31.4,551.2,Workspace.Map.Street.Houses.House3.Structure.Roof.OverlappingShingle,92/68/59,Plastic,Workspace.Map.Street.Houses.House3.Structure.Roof.OverlappingShingle,86/62/53,Plastic
1.24,0.0,75.7,31.4,547.1,Workspace.Map.Street.Houses.House3.Structure.Roof.OverlappingShingle,86/62/53,Plastic,Workspace.Map.Street.Houses.House3.Structure.Roof.OverlappingShingle,81/57/48,Plastic
1.24,0.0,81.3,28.1,579.6,Workspace.Map.Street.Houses.House3.Structure.Roof.OverlappingShingle,87/63/54,Plastic,Workspace.Map.Street.Houses.House3.Structure.Roof.OverlappingShingle,93/69/60,Plastic
1.24,0.0,81.3,28.1,571.4,Workspace.Map.Street.Houses.House3.Structure.Roof.OverlappingShingle,84/60/51,Plastic,Workspace.Map.Street.Houses.House3.Structure.Roof.OverlappingShingle,89/65/56,Plastic
1.24,0.0,81.3,28.1,567.4,Workspace.Map.Street.Houses.House3.Structure.Roof.OverlappingShingle,80/56/47,Plastic,Workspace.Map.Street.Houses.House3.Structure.Roof.OverlappingShingle,84/60/51,Plastic
1.24,0.0,81.3,28.1,563.4,Workspace.Map.Street.Houses.House3.Structure.Roof.OverlappingShingle,80/56/47,Plastic,Workspace.Map.Street.Houses.House3.Structure.Roof.OverlappingShingle,81/57/48,Plastic
1.24,0.0,81.3,28.1,559.3,Workspace.Map.Street.Houses.House3.Structure.Roof.OverlappingShingle,92/68/59,Plastic,Workspace.Map.Street.Houses.House3.Structure.Roof.OverlappingShingle,94/70/61,Plastic
1.24,0.0,81.3,28.1,551.2,Workspace.Map.Street.Houses.House3.Structure.Roof.OverlappingShingle,91/67/58,Plastic,Workspace.Map.Street.Houses.House3.Structure.Roof.OverlappingShingle,89/65/56,Plastic
1.24,0.0,81.3,28.1,543.1,Workspace.Map.Street.Houses.House3.Structure.Roof.OverlappingShingle,92/68/59,Plastic,Workspace.Map.Street.Houses.House3.Structure.Roof.OverlappingShingle,83/59/50,Plastic
1.24,0.0,34.3,23.0,543.1,Workspace.Map.Street.Houses.House3.Structure.Roof.OverlappingShingle,82/58/49,Plastic,Workspace.Map.Street.Houses.House3.Structure.Roof.OverlappingShingle,90/66/57,Plastic
1.24,0.0,59.5,38.2,603.9,Workspace.Map.Street.Houses.House3.Structure.Roof.OverlappingShingle,89/65/56,Plastic,Workspace.Map.Street.Houses.House3.Structure.Roof.OverlappingShingle,85/61/52,Plastic
1.24,0.0,59.5,38.2,599.8,Workspace.Map.Street.Houses.House3.Structure.Roof.OverlappingShingle,85/61/52,Plastic,Workspace.Map.Street.Houses.House3.Structure.Roof.OverlappingShingle,84/60/51,Plastic
1.24,0.0,59.5,38.2,591.7,Workspace.Map.Street.Houses.House3.Structure.Roof.OverlappingShingle,87/63/54,Plastic,Workspace.Map.Street.Houses.House3.Structure.Roof.OverlappingShingle,85/61/52,Plastic
1.24,0.0,59.5,38.2,587.6,Workspace.Map.Street.Houses.House3.Structure.Roof.OverlappingShingle,94/70/61,Plastic,Workspace.Map.Street.Houses.House3.Structure.Roof.OverlappingShingle,80/56/47,Plastic
1.24,0.0,59.5,38.2,551.2,Workspace.Map.Street.Houses.House3.Structure.Roof.OverlappingShingle,85/61/52,Plastic,Workspace.Map.Street.Houses.House3.Structure.Roof.OverlappingShingle,83/59/50,Plastic
1.24,0.0,59.5,38.2,547.1,Workspace.Map.Street.Houses.House3.Structure.Roof.OverlappingShingle,90/66/57,Plastic,Workspace.Map.Street.Houses.House3.Structure.Roof.OverlappingShingle,82/58/49,Plastic
1.24,0.0,59.5,38.2,543.1,Workspace.Map.Street.Houses.House3.Structure.Roof.OverlappingShingle,89/65/56,Plastic,Workspace.Map.Street.Houses.House3.Structure.Roof.OverlappingShingle,84/60/51,Plastic
1.24,0.0,59.5,38.2,539.1,Workspace.Map.Street.Houses.House3.Structure.Roof.OverlappingShingle,80/56/47,Plastic,Workspace.Map.Street.Houses.House3.Structure.Roof.OverlappingShingle,89/65/56,Plastic
1.24,0.0,59.5,38.2,530.9,Workspace.Map.Street.Houses.House3.Structure.Roof.OverlappingShingle,80/56/47,Plastic,Workspace.Map.Street.Houses.House3.Structure.Roof.OverlappingShingle,85/61/52,Plastic
1.24,0.0,59.5,38.2,526.9,Workspace.Map.Street.Houses.House3.Structure.Roof.OverlappingShingle,87/63/54,Plastic,Workspace.Map.Street.Houses.House3.Structure.Roof.OverlappingShingle,86/62/53,Plastic
1.24,0.0,53.9,34.8,579.6,Workspace.Map.Street.Houses.House3.Structure.Roof.OverlappingShingle,91/67/58,Plastic,Workspace.Map.Street.Houses.House3.Structure.Roof.OverlappingShingle,87/63/54,Plastic
1.24,0.0,53.9,34.8,567.4,Workspace.Map.Street.Houses.House3.Structure.Roof.OverlappingShingle,83/59/50,Plastic,Workspace.Map.Street.Houses.House3.Structure.Roof.OverlappingShingle,84/60/51,Plastic
1.24,0.0,53.9,34.8,563.4,Workspace.Map.Street.Houses.House3.Structure.Roof.OverlappingShingle,87/63/54,Plastic,Workspace.Map.Street.Houses.House3.Structure.Roof.OverlappingShingle,91/67/58,Plastic
1.24,0.0,53.9,34.8,559.3,Workspace.Map.Street.Houses.House3.Structure.Roof.OverlappingShingle,80/56/47,Plastic,Workspace.Map.Street.Houses.House3.Structure.Roof.OverlappingShingle,82/58/49,Plastic
1.24,0.0,53.9,34.8,551.2,Workspace.Map.Street.Houses.House3.Structure.Roof.OverlappingShingle,81/57/48,Plastic,Workspace.Map.Street.Houses.House3.Structure.Roof.OverlappingShingle,83/59/50,Plastic
1.24,0.0,53.9,34.8,547.1,Workspace.Map.Street.Houses.House3.Structure.Roof.OverlappingShingle,91/67/58,Plastic,Workspace.Map.Street.Houses.House3.Structure.Roof.OverlappingShingle,90/66/57,Plastic
1.24,0.0,53.9,34.8,543.1,Workspace.Map.Street.Houses.House3.Structure.Roof.OverlappingShingle,93/69/60,Plastic,Workspace.Map.Street.Houses.House3.Structure.Roof.OverlappingShingle,91/67/58,Plastic
1.24,0.0,53.9,34.8,539.1,Workspace.Map.Street.Houses.House3.Structure.Roof.OverlappingShingle,90/66/57,Plastic,Workspace.Map.Street.Houses.House3.Structure.Roof.OverlappingShingle,91/67/58,Plastic
1.24,0.0,53.9,34.8,530.9,Workspace.Map.Street.Houses.House3.Structure.Roof.OverlappingShingle,91/67/58,Plastic,Workspace.Map.Street.Houses.House3.Structure.Roof.OverlappingShingle,87/63/54,Plastic
1.24,0.0,53.9,34.8,526.9,Workspace.Map.Street.Houses.House3.Structure.Roof.OverlappingShingle,81/57/48,Plastic,Workspace.Map.Street.Houses.House3.Structure.Roof.OverlappingShingle,86/62/53,Plastic
1.24,0.0,48.3,31.4,603.9,Workspace.Map.Street.Houses.House3.Structure.Roof.OverlappingShingle,82/58/49,Plastic,Workspace.Map.Street.Houses.House3.Structure.Roof.OverlappingShingle,91/67/58,Plastic
1.24,0.0,48.3,31.4,599.8,Workspace.Map.Street.Houses.House3.Structure.Roof.OverlappingShingle,87/63/54,Plastic,Workspace.Map.Street.Houses.House3.Structure.Roof.OverlappingShingle,82/58/49,Plastic
1.24,0.0,48.3,31.4,587.6,Workspace.Map.Street.Houses.House3.Structure.Roof.OverlappingShingle,84/60/51,Plastic,Workspace.Map.Street.Houses.House3.Structure.Roof.OverlappingShingle,90/66/57,Plastic
1.24,0.0,48.3,31.4,583.6,Workspace.Map.Street.Houses.House3.Structure.Roof.OverlappingShingle,90/66/57,Plastic,Workspace.Map.Street.Houses.House3.Structure.Roof.OverlappingShingle,92/68/59,Plastic
1.24,0.0,48.3,31.4,579.6,Workspace.Map.Street.Houses.House3.Structure.Roof.OverlappingShingle,85/61/52,Plastic,Workspace.Map.Street.Houses.House3.Structure.Roof.OverlappingShingle,90/66/57,Plastic
1.24,0.0,48.3,31.4,571.4,Workspace.Map.Street.Houses.House3.Structure.Roof.OverlappingShingle,83/59/50,Plastic,Workspace.Map.Street.Houses.House3.Structure.Roof.OverlappingShingle,94/70/61,Plastic
1.24,0.0,48.3,31.4,567.4,Workspace.Map.Street.Houses.House3.Structure.Roof.OverlappingShingle,86/62/53,Plastic,Workspace.Map.Street.Houses.House3.Structure.Roof.OverlappingShingle,83/59/50,Plastic
1.24,0.0,48.3,31.4,563.4,Workspace.Map.Street.Houses.House3.Structure.Roof.OverlappingShingle,80/56/47,Plastic,Workspace.Map.Street.Houses.House3.Structure.Roof.OverlappingShingle,93/69/60,Plastic
1.24,0.0,48.3,31.4,559.3,Workspace.Map.Street.Houses.House3.Structure.Roof.OverlappingShingle,90/66/57,Plastic,Workspace.Map.Street.Houses.House3.Structure.Roof.OverlappingShingle,85/61/52,Plastic
1.24,0.0,48.3,31.4,551.2,Workspace.Map.Street.Houses.House3.Structure.Roof.OverlappingShingle,85/61/52,Plastic,Workspace.Map.Street.Houses.House3.Structure.Roof.OverlappingShingle,90/66/57,Plastic
1.24,0.0,48.3,31.4,547.1,Workspace.Map.Street.Houses.House3.Structure.Roof.OverlappingShingle,85/61/52,Plastic,Workspace.Map.Street.Houses.House3.Structure.Roof.OverlappingShingle,91/67/58,Plastic
1.24,0.0,48.3,31.4,543.1,Workspace.Map.Street.Houses.House3.Structure.Roof.OverlappingShingle,82/58/49,Plastic,Workspace.Map.Street.Houses.House3.Structure.Roof.OverlappingShingle,92/68/59,Plastic
1.24,0.0,48.3,31.4,539.1,Workspace.Map.Street.Houses.House3.Structure.Roof.OverlappingShingle,83/59/50,Plastic,Workspace.Map.Street.Houses.House3.Structure.Roof.OverlappingShingle,89/65/56,Plastic
1.24,0.0,48.3,31.4,530.9,Workspace.Map.Street.Houses.House3.Structure.Roof.OverlappingShingle,91/67/58,Plastic,Workspace.Map.Street.Houses.House3.Structure.Roof.OverlappingShingle,80/56/47,Plastic
1.24,0.0,48.3,31.4,526.9,Workspace.Map.Street.Houses.House3.Structure.Roof.OverlappingShingle,80/56/47,Plastic,Workspace.Map.Street.Houses.House3.Structure.Roof.OverlappingShingle,84/60/51,Plastic
1.24,0.0,42.7,28.1,603.9,Workspace.Map.Street.Houses.House3.Structure.Roof.OverlappingShingle,80/56/47,Plastic,Workspace.Map.Street.Houses.House3.Structure.Roof.OverlappingShingle,86/62/53,Plastic
1.24,0.0,42.7,28.1,591.7,Workspace.Map.Street.Houses.House3.Structure.Roof.OverlappingShingle,88/64/55,Plastic,Workspace.Map.Street.Houses.House3.Structure.Roof.OverlappingShingle,85/61/52,Plastic
1.24,0.0,42.7,28.1,587.6,Workspace.Map.Street.Houses.House3.Structure.Roof.OverlappingShingle,87/63/54,Plastic,Workspace.Map.Street.Houses.House3.Structure.Roof.OverlappingShingle,88/64/55,Plastic
1.24,0.0,42.7,28.1,583.6,Workspace.Map.Street.Houses.House3.Structure.Roof.OverlappingShingle,80/56/47,Plastic,Workspace.Map.Street.Houses.House3.Structure.Roof.OverlappingShingle,82/58/49,Plastic
1.24,0.0,42.7,28.1,579.6,Workspace.Map.Street.Houses.House3.Structure.Roof.OverlappingShingle,88/64/55,Plastic,Workspace.Map.Street.Houses.House3.Structure.Roof.OverlappingShingle,84/60/51,Plastic
1.24,0.0,42.7,28.1,571.4,Workspace.Map.Street.Houses.House3.Structure.Roof.OverlappingShingle,93/69/60,Plastic,Workspace.Map.Street.Houses.House3.Structure.Roof.OverlappingShingle,90/66/57,Plastic
1.24,0.0,42.7,28.1,567.4,Workspace.Map.Street.Houses.House3.Structure.Roof.OverlappingShingle,87/63/54,Plastic,Workspace.Map.Street.Houses.House3.Structure.Roof.OverlappingShingle,88/64/55,Plastic
1.24,0.0,42.7,28.1,563.4,Workspace.Map.Street.Houses.House3.Structure.Roof.OverlappingShingle,85/61/52,Plastic,Workspace.Map.Street.Houses.House3.Structure.Roof.OverlappingShingle,89/65/56,Plastic
1.24,0.0,42.7,28.1,559.3,Workspace.Map.Street.Houses.House3.Structure.Roof.OverlappingShingle,81/57/48,Plastic,Workspace.Map.Street.Houses.House3.Structure.Roof.OverlappingShingle,91/67/58,Plastic
1.24,0.0,42.7,28.1,547.1,Workspace.Map.Street.Houses.House3.Structure.Roof.OverlappingShingle,81/57/48,Plastic,Workspace.Map.Street.Houses.House3.Structure.Roof.OverlappingShingle,91/67/58,Plastic
1.24,0.0,64.5,38.2,603.9,Workspace.Map.Street.Houses.House3.Structure.Roof.OverlappingShingle,84/60/51,Plastic,Workspace.Map.Street.Houses.House3.Structure.Roof.OverlappingShingle,86/62/53,Plastic
1.24,0.0,64.5,38.2,591.7,Workspace.Map.Street.Houses.House3.Structure.Roof.OverlappingShingle,87/63/54,Plastic,Workspace.Map.Street.Houses.House3.Structure.Roof.OverlappingShingle,81/57/48,Plastic
1.24,0.0,64.5,38.2,587.6,Workspace.Map.Street.Houses.House3.Structure.Roof.OverlappingShingle,87/63/54,Plastic,Workspace.Map.Street.Houses.House3.Structure.Roof.OverlappingShingle,88/64/55,Plastic
1.24,0.0,64.5,38.2,583.6,Workspace.Map.Street.Houses.House3.Structure.Roof.OverlappingShingle,82/58/49,Plastic,Workspace.Map.Street.Houses.House3.Structure.Roof.OverlappingShingle,90/66/57,Plastic
1.24,0.0,64.5,38.2,579.6,Workspace.Map.Street.Houses.House3.Structure.Roof.OverlappingShingle,92/68/59,Plastic,Workspace.Map.Street.Houses.House3.Structure.Roof.OverlappingShingle,93/69/60,Plastic
1.24,0.0,56.7,36.5,603.9,Workspace.Map.Street.Houses.House3.Structure.Roof.OverlappingShingle,85/61/52,Plastic,Workspace.Map.Street.Houses.House3.Structure.Roof.OverlappingShingle,88/64/55,Plastic
1.24,0.0,56.7,36.5,599.8,Workspace.Map.Street.Houses.House3.Structure.Roof.OverlappingShingle,84/60/51,Plastic,Workspace.Map.Street.Houses.House3.Structure.Roof.OverlappingShingle,91/67/58,Plastic
1.24,0.0,56.7,36.5,591.7,Workspace.Map.Street.Houses.House3.Structure.Roof.OverlappingShingle,85/61/52,Plastic,Workspace.Map.Street.Houses.House3.Structure.Roof.OverlappingShingle,86/62/53,Plastic
1.24,0.0,56.7,36.5,587.6,Workspace.Map.Street.Houses.House3.Structure.Roof.OverlappingShingle,80/56/47,Plastic,Workspace.Map.Street.Houses.House3.Structure.Roof.OverlappingShingle,93/69/60,Plastic
1.24,0.0,56.7,36.5,583.6,Workspace.Map.Street.Houses.House3.Structure.Roof.OverlappingShingle,83/59/50,Plastic,Workspace.Map.Street.Houses.House3.Structure.Roof.OverlappingShingle,92/68/59,Plastic
1.24,0.0,56.7,36.5,571.4,Workspace.Map.Street.Houses.House3.Structure.Roof.OverlappingShingle,94/70/61,Plastic,Workspace.Map.Street.Houses.House3.Structure.Roof.OverlappingShingle,83/59/50,Plastic
1.24,0.0,56.7,36.5,567.4,Workspace.Map.Street.Houses.House3.Structure.Roof.OverlappingShingle,84/60/51,Plastic,Workspace.Map.Street.Houses.House3.Structure.Roof.OverlappingShingle,83/59/50,Plastic
1.24,0.0,56.7,36.5,563.4,Workspace.Map.Street.Houses.House3.Structure.Roof.OverlappingShingle,90/66/57,Plastic,Workspace.Map.Street.Houses.House3.Structure.Roof.OverlappingShingle,87/63/54,Plastic
1.24,0.0,56.7,36.5,551.2,Workspace.Map.Street.Houses.House3.Structure.Roof.OverlappingShingle,83/59/50,Plastic,Workspace.Map.Street.Houses.House3.Structure.Roof.OverlappingShingle,81/57/48,Plastic
1.24,0.0,56.7,36.5,547.1,Workspace.Map.Street.Houses.House3.Structure.Roof.OverlappingShingle,82/58/49,Plastic,Workspace.Map.Street.Houses.House3.Structure.Roof.OverlappingShingle,91/67/58,Plastic
1.24,0.0,56.7,36.5,543.1,Workspace.Map.Street.Houses.House3.Structure.Roof.OverlappingShingle,84/60/51,Plastic,Workspace.Map.Street.Houses.House3.Structure.Roof.OverlappingShingle,93/69/60,Plastic
1.24,0.0,56.7,36.5,539.1,Workspace.Map.Street.Houses.House3.Structure.Roof.OverlappingShingle,89/65/56,Plastic,Workspace.Map.Street.Houses.House3.Structure.Roof.OverlappingShingle,90/66/57,Plastic
1.24,0.0,56.7,36.5,530.9,Workspace.Map.Street.Houses.House3.Structure.Roof.OverlappingShingle,85/61/52,Plastic,Workspace.Map.Street.Houses.House3.Structure.Roof.OverlappingShingle,91/67/58,Plastic
1.24,0.0,56.7,36.5,526.9,Workspace.Map.Street.Houses.House3.Structure.Roof.OverlappingShingle,86/62/53,Plastic,Workspace.Map.Street.Houses.House3.Structure.Roof.OverlappingShingle,81/57/48,Plastic
1.24,0.0,51.1,33.1,603.9,Workspace.Map.Street.Houses.House3.Structure.Roof.OverlappingShingle,84/60/51,Plastic,Workspace.Map.Street.Houses.House3.Structure.Roof.OverlappingShingle,82/58/49,Plastic
1.24,0.0,51.1,33.1,599.8,Workspace.Map.Street.Houses.House3.Structure.Roof.OverlappingShingle,84/60/51,Plastic,Workspace.Map.Street.Houses.House3.Structure.Roof.OverlappingShingle,87/63/54,Plastic
1.24,0.0,51.1,33.1,591.7,Workspace.Map.Street.Houses.House3.Structure.Roof.OverlappingShingle,82/58/49,Plastic,Workspace.Map.Street.Houses.House3.Structure.Roof.OverlappingShingle,89/65/56,Plastic
1.24,0.0,51.1,33.1,583.6,Workspace.Map.Street.Houses.House3.Structure.Roof.OverlappingShingle,80/56/47,Plastic,Workspace.Map.Street.Houses.House3.Structure.Roof.OverlappingShingle,90/66/57,Plastic
1.24,0.0,51.1,33.1,579.6,Workspace.Map.Street.Houses.House3.Structure.Roof.OverlappingShingle,87/63/54,Plastic,Workspace.Map.Street.Houses.House3.Structure.Roof.OverlappingShingle,85/61/52,Plastic
1.24,0.0,51.1,33.1,571.4,Workspace.Map.Street.Houses.House3.Structure.Roof.OverlappingShingle,92/68/59,Plastic,Workspace.Map.Street.Houses.House3.Structure.Roof.OverlappingShingle,83/59/50,Plastic
1.24,0.0,51.1,33.1,567.4,Workspace.Map.Street.Houses.House3.Structure.Roof.OverlappingShingle,84/60/51,Plastic,Workspace.Map.Street.Houses.House3.Structure.Roof.OverlappingShingle,86/62/53,Plastic
1.24,0.0,51.1,33.1,563.4,Workspace.Map.Street.Houses.House3.Structure.Roof.OverlappingShingle,91/67/58,Plastic,Workspace.Map.Street.Houses.House3.Structure.Roof.OverlappingShingle,80/56/47,Plastic
1.24,0.0,51.1,33.1,559.3,Workspace.Map.Street.Houses.House3.Structure.Roof.OverlappingShingle,82/58/49,Plastic,Workspace.Map.Street.Houses.House3.Structure.Roof.OverlappingShingle,90/66/57,Plastic
1.24,0.0,45.5,29.8,603.9,Workspace.Map.Street.Houses.House3.Structure.Roof.OverlappingShingle,91/67/58,Plastic,Workspace.Map.Street.Houses.House3.Structure.Roof.OverlappingShingle,80/56/47,Plastic
1.24,0.0,45.5,29.8,599.8,Workspace.Map.Street.Houses.House3.Structure.Roof.OverlappingShingle,82/58/49,Plastic,Workspace.Map.Street.Houses.House3.Structure.Roof.OverlappingShingle,93/69/60,Plastic
1.24,0.0,45.5,29.8,591.7,Workspace.Map.Street.Houses.House3.Structure.Roof.OverlappingShingle,89/65/56,Plastic,Workspace.Map.Street.Houses.House3.Structure.Roof.OverlappingShingle,88/64/55,Plastic
1.24,0.0,45.5,29.8,587.6,Workspace.Map.Street.Houses.House3.Structure.Roof.OverlappingShingle,90/66/57,Plastic,Workspace.Map.Street.Houses.House3.Structure.Roof.OverlappingShingle,87/63/54,Plastic
1.24,0.0,45.5,29.8,551.2,Workspace.Map.Street.Houses.House3.Structure.Roof.OverlappingShingle,90/66/57,Plastic,Workspace.Map.Street.Houses.House3.Structure.Roof.OverlappingShingle,83/59/50,Plastic
1.24,0.0,45.5,29.8,547.1,Workspace.Map.Street.Houses.House3.Structure.Roof.OverlappingShingle,91/67/58,Plastic,Workspace.Map.Street.Houses.House3.Structure.Roof.OverlappingShingle,81/57/48,Plastic
1.24,0.0,45.5,29.8,543.1,Workspace.Map.Street.Houses.House3.Structure.Roof.OverlappingShingle,92/68/59,Plastic,Workspace.Map.Street.Houses.House3.Structure.Roof.OverlappingShingle,83/59/50,Plastic
1.24,0.0,45.5,29.8,539.1,Workspace.Map.Street.Houses.House3.Structure.Roof.OverlappingShingle,89/65/56,Plastic,Workspace.Map.Street.Houses.House3.Structure.Roof.OverlappingShingle,91/67/58,Plastic
1.24,0.0,45.5,29.8,530.9,Workspace.Map.Street.Houses.House3.Structure.Roof.OverlappingShingle,80/56/47,Plastic,Workspace.Map.Street.Houses.House3.Structure.Roof.OverlappingShingle,81/57/48,Plastic
1.24,0.0,45.5,29.8,526.9,Workspace.Map.Street.Houses.House3.Structure.Roof.OverlappingShingle,84/60/51,Plastic,Workspace.Map.Street.Houses.House3.Structure.Roof.OverlappingShingle,88/64/55,Plastic
1.24,0.0,34.3,23.0,583.6,Workspace.Map.Street.Houses.House3.Structure.Roof.OverlappingShingle,87/63/54,Plastic,Workspace.Map.Street.Houses.House3.Structure.Roof.OverlappingShingle,84/60/51,Plastic
1.24,0.0,34.3,23.0,547.1,Workspace.Map.Street.Houses.House3.Structure.Roof.OverlappingShingle,81/57/48,Plastic,Workspace.Map.Street.Houses.House3.Structure.Roof.OverlappingShingle,93/69/60,Plastic
1.24,0.0,34.3,23.0,539.1,Workspace.Map.Street.Houses.House3.Structure.Roof.OverlappingShingle,87/63/54,Plastic,Workspace.Map.Street.Houses.House3.Structure.Roof.OverlappingShingle,93/69/60,Plastic
1.24,0.0,34.3,23.0,530.9,Workspace.Map.Street.Houses.House3.Structure.Roof.OverlappingShingle,83/59/50,Plastic,Workspace.Map.Street.Houses.House3.Structure.Roof.OverlappingShingle,90/66/57,Plastic
1.24,0.0,34.3,23.0,526.9,Workspace.Map.Street.Houses.House3.Structure.Roof.OverlappingShingle,83/59/50,Plastic,Workspace.Map.Street.Houses.House3.Structure.Roof.OverlappingShingle,89/65/56,Plastic
1.24,0.0,86.9,24.7,535.0,Workspace.Map.Street.Houses.House3.Structure.Roof.OverlappingShingle,89/65/56,Plastic,Workspace.Map.Street.Houses.House3.Structure.Roof.OverlappingShingle,83/59/50,Plastic
1.24,0.0,67.3,36.5,575.5,Workspace.Map.Street.Houses.House3.Structure.Roof.OverlappingShingle,90/66/57,Plastic,Workspace.Map.Street.Houses.House3.Structure.Roof.OverlappingShingle,85/61/52,Plastic
1.24,0.0,67.3,36.5,555.2,Workspace.Map.Street.Houses.House3.Structure.Roof.OverlappingShingle,92/68/59,Plastic,Workspace.Map.Street.Houses.House3.Structure.Roof.OverlappingShingle,83/59/50,Plastic
1.24,0.0,67.3,36.5,535.0,Workspace.Map.Street.Houses.House3.Structure.Roof.OverlappingShingle,83/59/50,Plastic,Workspace.Map.Street.Houses.House3.Structure.Roof.OverlappingShingle,82/58/49,Plastic
1.24,0.0,84.1,26.4,595.8,Workspace.Map.Street.Houses.House3.Structure.Roof.OverlappingShingle,91/67/58,Plastic,Workspace.Map.Street.Houses.House3.Structure.Roof.OverlappingShingle,86/62/53,Plastic
1.24,0.0,89.7,23.0,575.5,Workspace.Map.Street.Houses.House3.Structure.Roof.OverlappingShingle,92/68/59,Plastic,Workspace.Map.Street.Houses.House3.Structure.Roof.OverlappingShingle,89/65/56,Plastic
1.24,0.0,89.7,23.0,555.2,Workspace.Map.Street.Houses.House3.Structure.Roof.OverlappingShingle,93/69/60,Plastic,Workspace.Map.Street.Houses.House3.Structure.Roof.OverlappingShingle,94/70/61,Plastic
1.24,0.0,70.1,34.8,595.8,Workspace.Map.Street.Houses.House3.Structure.Roof.OverlappingShingle,80/56/47,Plastic,Workspace.Map.Street.Houses.House3.Structure.Roof.OverlappingShingle,87/63/54,Plastic
1.24,0.0,75.7,31.4,595.8,Workspace.Map.Street.Houses.House3.Structure.Roof.OverlappingShingle,89/65/56,Plastic,Workspace.Map.Street.Houses.House3.Structure.Roof.OverlappingShingle,86/62/53,Plastic
1.24,0.0,75.7,31.4,575.5,Workspace.Map.Street.Houses.House3.Structure.Roof.OverlappingShingle,81/57/48,Plastic,Workspace.Map.Street.Houses.House3.Structure.Roof.OverlappingShingle,82/58/49,Plastic
1.24,0.0,75.7,31.4,555.2,Workspace.Map.Street.Houses.House3.Structure.Roof.OverlappingShingle,86/62/53,Plastic,Workspace.Map.Street.Houses.House3.Structure.Roof.OverlappingShingle,89/65/56,Plastic
1.24,0.0,75.7,31.4,535.0,Workspace.Map.Street.Houses.House3.Structure.Roof.OverlappingShingle,82/58/49,Plastic,Workspace.Map.Street.Houses.House3.Structure.Roof.OverlappingShingle,81/57/48,Plastic
1.24,0.0,81.3,28.1,575.5,Workspace.Map.Street.Houses.House3.Structure.Roof.OverlappingShingle,84/60/51,Plastic,Workspace.Map.Street.Houses.House3.Structure.Roof.OverlappingShingle,88/64/55,Plastic
1.24,0.0,81.3,28.1,555.2,Workspace.Map.Street.Houses.House3.Structure.Roof.OverlappingShingle,94/70/61,Plastic,Workspace.Map.Street.Houses.House3.Structure.Roof.OverlappingShingle,85/61/52,Plastic
1.24,0.0,86.9,24.7,603.9,Workspace.Map.Street.Houses.House3.Structure.Roof.OverlappingShingle,90/66/57,Plastic,Workspace.Map.Street.Houses.House3.Structure.Roof.OverlappingShingle,93/69/60,Plastic
1.24,0.0,86.9,24.7,599.8,Workspace.Map.Street.Houses.House3.Structure.Roof.OverlappingShingle,87/63/54,Plastic,Workspace.Map.Street.Houses.House3.Structure.Roof.OverlappingShingle,81/57/48,Plastic
1.24,0.0,86.9,24.7,591.7,Workspace.Map.Street.Houses.House3.Structure.Roof.OverlappingShingle,89/65/56,Plastic,Workspace.Map.Street.Houses.House3.Structure.Roof.OverlappingShingle,80/56/47,Plastic
1.24,0.0,86.9,24.7,587.6,Workspace.Map.Street.Houses.House3.Structure.Roof.OverlappingShingle,80/56/47,Plastic,Workspace.Map.Street.Houses.House3.Structure.Roof.OverlappingShingle,89/65/56,Plastic
1.24,0.0,86.9,24.7,583.6,Workspace.Map.Street.Houses.House3.Structure.Roof.OverlappingShingle,85/61/52,Plastic,Workspace.Map.Street.Houses.House3.Structure.Roof.OverlappingShingle,88/64/55,Plastic
1.24,0.0,86.9,24.7,579.6,Workspace.Map.Street.Houses.House3.Structure.Roof.OverlappingShingle,89/65/56,Plastic,Workspace.Map.Street.Houses.House3.Structure.Roof.OverlappingShingle,85/61/52,Plastic
1.24,0.0,86.9,24.7,571.4,Workspace.Map.Street.Houses.House3.Structure.Roof.OverlappingShingle,94/70/61,Plastic,Workspace.Map.Street.Houses.House3.Structure.Roof.OverlappingShingle,93/69/60,Plastic
1.24,0.0,86.9,24.7,567.4,Workspace.Map.Street.Houses.House3.Structure.Roof.OverlappingShingle,84/60/51,Plastic,Workspace.Map.Street.Houses.House3.Structure.Roof.OverlappingShingle,81/57/48,Plastic
1.24,0.0,86.9,24.7,563.4,Workspace.Map.Street.Houses.House3.Structure.Roof.OverlappingShingle,88/64/55,Plastic,Workspace.Map.Street.Houses.House3.Structure.Roof.OverlappingShingle,83/59/50,Plastic
1.24,0.0,86.9,24.7,559.3,Workspace.Map.Street.Houses.House3.Structure.Roof.OverlappingShingle,94/70/61,Plastic,Workspace.Map.Street.Houses.House3.Structure.Roof.OverlappingShingle,83/59/50,Plastic
1.24,0.0,86.9,24.7,551.2,Workspace.Map.Street.Houses.House3.Structure.Roof.OverlappingShingle,90/66/57,Plastic,Workspace.Map.Street.Houses.House3.Structure.Roof.OverlappingShingle,87/63/54,Plastic
1.24,0.0,86.9,24.7,547.1,Workspace.Map.Street.Houses.House3.Structure.Roof.OverlappingShingle,94/70/61,Plastic,Workspace.Map.Street.Houses.House3.Structure.Roof.OverlappingShingle,86/62/53,Plastic
1.24,0.0,59.5,38.2,571.4,Workspace.Map.Street.Houses.House3.Structure.Roof.OverlappingShingle,80/56/47,Plastic,Workspace.Map.Street.Houses.House3.Structure.Roof.OverlappingShingle,94/70/61,Plastic
1.24,0.0,59.5,38.2,567.4,Workspace.Map.Street.Houses.House3.Structure.Roof.OverlappingShingle,94/70/61,Plastic,Workspace.Map.Street.Houses.House3.Structure.Roof.OverlappingShingle,84/60/51,Plastic
1.24,0.0,59.5,38.2,563.4,Workspace.Map.Street.Houses.House3.Structure.Roof.OverlappingShingle,87/63/54,Plastic,Workspace.Map.Street.Houses.House3.Structure.Roof.OverlappingShingle,90/66/57,Plastic
1.24,0.0,59.5,38.2,559.3,Workspace.Map.Street.Houses.House3.Structure.Roof.OverlappingShingle,89/65/56,Plastic,Workspace.Map.Street.Houses.House3.Structure.Roof.OverlappingShingle,84/60/51,Plastic
1.24,0.0,53.9,34.8,603.9,Workspace.Map.Street.Houses.House3.Structure.Roof.OverlappingShingle,88/64/55,Plastic,Workspace.Map.Street.Houses.House3.Structure.Roof.OverlappingShingle,84/60/51,Plastic
1.24,0.0,53.9,34.8,599.8,Workspace.Map.Street.Houses.House3.Structure.Roof.OverlappingShingle,91/67/58,Plastic,Workspace.Map.Street.Houses.House3.Structure.Roof.OverlappingShingle,84/60/51,Plastic
1.24,0.0,53.9,34.8,591.7,Workspace.Map.Street.Houses.House3.Structure.Roof.OverlappingShingle,86/62/53,Plastic,Workspace.Map.Street.Houses.House3.Structure.Roof.OverlappingShingle,82/58/49,Plastic
1.24,0.0,53.9,34.8,587.6,Workspace.Map.Street.Houses.House3.Structure.Roof.OverlappingShingle,93/69/60,Plastic,Workspace.Map.Street.Houses.House3.Structure.Roof.OverlappingShingle,84/60/51,Plastic
1.24,0.0,53.9,34.8,583.6,Workspace.Map.Street.Houses.House3.Structure.Roof.OverlappingShingle,92/68/59,Plastic,Workspace.Map.Street.Houses.House3.Structure.Roof.OverlappingShingle,80/56/47,Plastic
1.24,0.0,42.7,28.1,539.1,Workspace.Map.Street.Houses.House3.Structure.Roof.OverlappingShingle,91/67/58,Plastic,Workspace.Map.Street.Houses.House3.Structure.Roof.OverlappingShingle,93/69/60,Plastic
1.24,0.0,42.7,28.1,530.9,Workspace.Map.Street.Houses.House3.Structure.Roof.OverlappingShingle,81/57/48,Plastic,Workspace.Map.Street.Houses.House3.Structure.Roof.OverlappingShingle,86/62/53,Plastic
1.24,0.0,42.7,28.1,526.9,Workspace.Map.Street.Houses.House3.Structure.Roof.OverlappingShingle,88/64/55,Plastic,Workspace.Map.Street.Houses.House3.Structure.Roof.OverlappingShingle,90/66/57,Plastic
1.24,0.0,67.3,36.5,603.9,Workspace.Map.Street.Houses.House3.Structure.Roof.OverlappingShingle,86/62/53,Plastic,Workspace.Map.Street.Houses.House3.Structure.Roof.OverlappingShingle,87/63/54,Plastic
1.24,0.0,67.3,36.5,599.8,Workspace.Map.Street.Houses.House3.Structure.Roof.OverlappingShingle,92/68/59,Plastic,Workspace.Map.Street.Houses.House3.Structure.Roof.OverlappingShingle,93/69/60,Plastic
1.24,0.0,72.9,33.1,603.9,Workspace.Map.Street.Houses.House3.Structure.Roof.OverlappingShingle,82/58/49,Plastic,Workspace.Map.Street.Houses.House3.Structure.Roof.OverlappingShingle,84/60/51,Plastic
1.24,0.0,72.9,33.1,599.8,Workspace.Map.Street.Houses.House3.Structure.Roof.OverlappingShingle,80/56/47,Plastic,Workspace.Map.Street.Houses.House3.Structure.Roof.OverlappingShingle,94/70/61,Plastic
1.24,0.0,72.9,33.1,591.7,Workspace.Map.Street.Houses.House3.Structure.Roof.OverlappingShingle,90/66/57,Plastic,Workspace.Map.Street.Houses.House3.Structure.Roof.OverlappingShingle,82/58/49,Plastic
1.24,0.0,72.9,33.1,587.6,Workspace.Map.Street.Houses.House3.Structure.Roof.OverlappingShingle,89/65/56,Plastic,Workspace.Map.Street.Houses.House3.Structure.Roof.OverlappingShingle,88/64/55,Plastic
1.24,0.0,72.9,33.1,583.6,Workspace.Map.Street.Houses.House3.Structure.Roof.OverlappingShingle,83/59/50,Plastic,Workspace.Map.Street.Houses.House3.Structure.Roof.OverlappingShingle,92/68/59,Plastic
1.24,0.0,72.9,33.1,579.6,Workspace.Map.Street.Houses.House3.Structure.Roof.OverlappingShingle,89/65/56,Plastic,Workspace.Map.Street.Houses.House3.Structure.Roof.OverlappingShingle,81/57/48,Plastic
1.24,0.0,72.9,33.1,571.4,Workspace.Map.Street.Houses.House3.Structure.Roof.OverlappingShingle,94/70/61,Plastic,Workspace.Map.Street.Houses.House3.Structure.Roof.OverlappingShingle,83/59/50,Plastic
1.24,0.0,72.9,33.1,567.4,Workspace.Map.Street.Houses.House3.Structure.Roof.OverlappingShingle,94/70/61,Plastic,Workspace.Map.Street.Houses.House3.Structure.Roof.OverlappingShingle,92/68/59,Plastic
1.24,0.0,72.9,33.1,563.4,Workspace.Map.Street.Houses.House3.Structure.Roof.OverlappingShingle,87/63/54,Plastic,Workspace.Map.Street.Houses.House3.Structure.Roof.OverlappingShingle,83/59/50,Plastic
1.24,0.0,72.9,33.1,559.3,Workspace.Map.Street.Houses.House3.Structure.Roof.OverlappingShingle,89/65/56,Plastic,Workspace.Map.Street.Houses.House3.Structure.Roof.OverlappingShingle,83/59/50,Plastic
1.24,0.0,72.9,33.1,551.2,Workspace.Map.Street.Houses.House3.Structure.Roof.OverlappingShingle,83/59/50,Plastic,Workspace.Map.Street.Houses.House3.Structure.Roof.OverlappingShingle,92/68/59,Plastic
1.24,0.0,72.9,33.1,547.1,Workspace.Map.Street.Houses.House3.Structure.Roof.OverlappingShingle,90/66/57,Plastic,Workspace.Map.Street.Houses.House3.Structure.Roof.OverlappingShingle,86/62/53,Plastic
1.24,0.0,78.5,29.8,591.7,Workspace.Map.Street.Houses.House3.Structure.Roof.OverlappingShingle,90/66/57,Plastic,Workspace.Map.Street.Houses.House3.Structure.Roof.OverlappingShingle,87/63/54,Plastic
1.24,0.0,78.5,29.8,587.6,Workspace.Map.Street.Houses.House3.Structure.Roof.OverlappingShingle,83/59/50,Plastic,Workspace.Map.Street.Houses.House3.Structure.Roof.OverlappingShingle,87/63/54,Plastic
1.24,0.0,78.5,29.8,583.6,Workspace.Map.Street.Houses.House3.Structure.Roof.OverlappingShingle,92/68/59,Plastic,Workspace.Map.Street.Houses.House3.Structure.Roof.OverlappingShingle,90/66/57,Plastic
1.24,0.0,78.5,29.8,579.6,Workspace.Map.Street.Houses.House3.Structure.Roof.OverlappingShingle,83/59/50,Plastic,Workspace.Map.Street.Houses.House3.Structure.Roof.OverlappingShingle,87/63/54,Plastic
1.24,0.0,78.5,29.8,571.4,Workspace.Map.Street.Houses.House3.Structure.Roof.OverlappingShingle,91/67/58,Plastic,Workspace.Map.Street.Houses.House3.Structure.Roof.OverlappingShingle,84/60/51,Plastic
1.24,0.0,78.5,29.8,567.4,Workspace.Map.Street.Houses.House3.Structure.Roof.OverlappingShingle,82/58/49,Plastic,Workspace.Map.Street.Houses.House3.Structure.Roof.OverlappingShingle,80/56/47,Plastic
1.24,0.0,78.5,29.8,563.4,Workspace.Map.Street.Houses.House3.Structure.Roof.OverlappingShingle,84/60/51,Plastic,Workspace.Map.Street.Houses.House3.Structure.Roof.OverlappingShingle,80/56/47,Plastic
1.24,0.0,78.5,29.8,559.3,Workspace.Map.Street.Houses.House3.Structure.Roof.OverlappingShingle,80/56/47,Plastic,Workspace.Map.Street.Houses.House3.Structure.Roof.OverlappingShingle,92/68/59,Plastic
1.24,0.0,78.5,29.8,551.2,Workspace.Map.Street.Houses.House3.Structure.Roof.OverlappingShingle,86/62/53,Plastic,Workspace.Map.Street.Houses.House3.Structure.Roof.OverlappingShingle,91/67/58,Plastic
1.24,0.0,78.5,29.8,547.1,Workspace.Map.Street.Houses.House3.Structure.Roof.OverlappingShingle,81/57/48,Plastic,Workspace.Map.Street.Houses.House3.Structure.Roof.OverlappingShingle,93/69/60,Plastic
1.24,0.0,78.5,29.8,543.1,Workspace.Map.Street.Houses.House3.Structure.Roof.OverlappingShingle,85/61/52,Plastic,Workspace.Map.Street.Houses.House3.Structure.Roof.OverlappingShingle,92/68/59,Plastic
1.24,0.0,84.1,26.4,583.6,Workspace.Map.Street.Houses.House3.Structure.Roof.OverlappingShingle,90/66/57,Plastic,Workspace.Map.Street.Houses.House3.Structure.Roof.OverlappingShingle,85/61/52,Plastic
1.24,0.0,84.1,26.4,579.6,Workspace.Map.Street.Houses.House3.Structure.Roof.OverlappingShingle,93/69/60,Plastic,Workspace.Map.Street.Houses.House3.Structure.Roof.OverlappingShingle,89/65/56,Plastic
1.24,0.0,84.1,26.4,571.4,Workspace.Map.Street.Houses.House3.Structure.Roof.OverlappingShingle,89/65/56,Plastic,Workspace.Map.Street.Houses.House3.Structure.Roof.OverlappingShingle,94/70/61,Plastic
1.24,0.0,84.1,26.4,563.4,Workspace.Map.Street.Houses.House3.Structure.Roof.OverlappingShingle,81/57/48,Plastic,Workspace.Map.Street.Houses.House3.Structure.Roof.OverlappingShingle,88/64/55,Plastic
1.24,0.0,84.1,26.4,551.2,Workspace.Map.Street.Houses.House3.Structure.Roof.OverlappingShingle,89/65/56,Plastic,Workspace.Map.Street.Houses.House3.Structure.Roof.OverlappingShingle,90/66/57,Plastic
1.24,0.0,84.1,26.4,547.1,Workspace.Map.Street.Houses.House3.Structure.Roof.OverlappingShingle,93/69/60,Plastic,Workspace.Map.Street.Houses.House3.Structure.Roof.OverlappingShingle,94/70/61,Plastic
1.24,0.0,84.1,26.4,543.1,Workspace.Map.Street.Houses.House3.Structure.Roof.OverlappingShingle,83/59/50,Plastic,Workspace.Map.Street.Houses.House3.Structure.Roof.OverlappingShingle,94/70/61,Plastic
1.24,0.0,84.1,26.4,539.1,Workspace.Map.Street.Houses.House3.Structure.Roof.OverlappingShingle,88/64/55,Plastic,Workspace.Map.Street.Houses.House3.Structure.Roof.OverlappingShingle,92/68/59,Plastic
1.24,0.0,84.1,26.4,530.9,Workspace.Map.Street.Houses.House3.Structure.Roof.OverlappingShingle,91/67/58,Plastic,Workspace.Map.Street.Houses.House3.Structure.Roof.OverlappingShingle,94/70/61,Plastic
1.24,0.0,84.1,26.4,526.9,Workspace.Map.Street.Houses.House3.Structure.Roof.OverlappingShingle,93/69/60,Plastic,Workspace.Map.Street.Houses.House3.Structure.Roof.OverlappingShingle,81/57/48,Plastic
1.24,0.0,89.7,23.0,603.9,Workspace.Map.Street.Houses.House3.Structure.Roof.OverlappingShingle,93/69/60,Plastic,Workspace.Map.Street.Houses.House3.Structure.Roof.OverlappingShingle,91/67/58,Plastic
1.24,0.0,89.7,23.0,599.8,Workspace.Map.Street.Houses.House3.Structure.Roof.OverlappingShingle,81/57/48,Plastic,Workspace.Map.Street.Houses.House3.Structure.Roof.OverlappingShingle,85/61/52,Plastic
1.24,0.0,89.7,23.0,591.7,Workspace.Map.Street.Houses.House3.Structure.Roof.OverlappingShingle,80/56/47,Plastic,Workspace.Map.Street.Houses.House3.Structure.Roof.OverlappingShingle,81/57/48,Plastic
1.24,0.0,89.7,23.0,587.6,Workspace.Map.Street.Houses.House3.Structure.Roof.OverlappingShingle,89/65/56,Plastic,Workspace.Map.Street.Houses.House3.Structure.Roof.OverlappingShingle,82/58/49,Plastic
1.24,0.0,89.7,23.0,539.1,Workspace.Map.Street.Houses.House3.Structure.Roof.OverlappingShingle,86/62/53,Plastic,Workspace.Map.Street.Houses.House3.Structure.Roof.OverlappingShingle,83/59/50,Plastic
1.24,0.0,89.7,23.0,530.9,Workspace.Map.Street.Houses.House3.Structure.Roof.OverlappingShingle,87/63/54,Plastic,Workspace.Map.Street.Houses.House3.Structure.Roof.OverlappingShingle,83/59/50,Plastic
1.24,0.0,64.5,38.2,571.4,Workspace.Map.Street.Houses.House3.Structure.Roof.OverlappingShingle,83/59/50,Plastic,Workspace.Map.Street.Houses.House3.Structure.Roof.OverlappingShingle,94/70/61,Plastic
1.24,0.0,64.5,38.2,567.4,Workspace.Map.Street.Houses.House3.Structure.Roof.OverlappingShingle,85/61/52,Plastic,Workspace.Map.Street.Houses.House3.Structure.Roof.OverlappingShingle,84/60/51,Plastic
1.24,0.0,64.5,38.2,563.4,Workspace.Map.Street.Houses.House3.Structure.Roof.OverlappingShingle,80/56/47,Plastic,Workspace.Map.Street.Houses.House3.Structure.Roof.OverlappingShingle,89/65/56,Plastic
1.24,0.0,64.5,38.2,559.3,Workspace.Map.Street.Houses.House3.Structure.Roof.OverlappingShingle,86/62/53,Plastic,Workspace.Map.Street.Houses.House3.Structure.Roof.OverlappingShingle,81/57/48,Plastic
1.24,0.0,64.5,38.2,547.1,Workspace.Map.Street.Houses.House3.Structure.Roof.OverlappingShingle,87/63/54,Plastic,Workspace.Map.Street.Houses.House3.Structure.Roof.OverlappingShingle,82/58/49,Plastic
1.24,0.0,64.5,38.2,543.1,Workspace.Map.Street.Houses.House3.Structure.Roof.OverlappingShingle,92/68/59,Plastic,Workspace.Map.Street.Houses.House3.Structure.Roof.OverlappingShingle,90/66/57,Plastic
1.24,0.0,64.5,38.2,530.9,Workspace.Map.Street.Houses.House3.Structure.Roof.OverlappingShingle,87/63/54,Plastic,Workspace.Map.Street.Houses.House3.Structure.Roof.OverlappingShingle,81/57/48,Plastic
1.24,0.0,64.5,38.2,526.9,Workspace.Map.Street.Houses.House3.Structure.Roof.OverlappingShingle,93/69/60,Plastic,Workspace.Map.Street.Houses.House3.Structure.Roof.OverlappingShingle,84/60/51,Plastic
1.24,0.0,56.7,36.5,579.6,Workspace.Map.Street.Houses.House3.Structure.Roof.OverlappingShingle,92/68/59,Plastic,Workspace.Map.Street.Houses.House3.Structure.Roof.OverlappingShingle,91/67/58,Plastic
1.24,0.0,51.1,33.1,551.2,Workspace.Map.Street.Houses.House3.Structure.Roof.OverlappingShingle,83/59/50,Plastic,Workspace.Map.Street.Houses.House3.Structure.Roof.OverlappingShingle,85/61/52,Plastic
1.24,0.0,51.1,33.1,547.1,Workspace.Map.Street.Houses.House3.Structure.Roof.OverlappingShingle,90/66/57,Plastic,Workspace.Map.Street.Houses.House3.Structure.Roof.OverlappingShingle,85/61/52,Plastic
1.24,0.0,51.1,33.1,543.1,Workspace.Map.Street.Houses.House3.Structure.Roof.OverlappingShingle,91/67/58,Plastic,Workspace.Map.Street.Houses.House3.Structure.Roof.OverlappingShingle,82/58/49,Plastic
1.24,0.0,51.1,33.1,539.1,Workspace.Map.Street.Houses.House3.Structure.Roof.OverlappingShingle,91/67/58,Plastic,Workspace.Map.Street.Houses.House3.Structure.Roof.OverlappingShingle,83/59/50,Plastic
1.24,0.0,51.1,33.1,530.9,Workspace.Map.Street.Houses.House3.Structure.Roof.OverlappingShingle,87/63/54,Plastic,Workspace.Map.Street.Houses.House3.Structure.Roof.OverlappingShingle,91/67/58,Plastic
1.24,0.0,51.1,33.1,526.9,Workspace.Map.Street.Houses.House3.Structure.Roof.OverlappingShingle,86/62/53,Plastic,Workspace.Map.Street.Houses.House3.Structure.Roof.OverlappingShingle,80/56/47,Plastic
1.24,0.0,45.5,29.8,583.6,Workspace.Map.Street.Houses.House3.Structure.Roof.OverlappingShingle,92/68/59,Plastic,Workspace.Map.Street.Houses.House3.Structure.Roof.OverlappingShingle,80/56/47,Plastic
1.24,0.0,45.5,29.8,579.6,Workspace.Map.Street.Houses.House3.Structure.Roof.OverlappingShingle,90/66/57,Plastic,Workspace.Map.Street.Houses.House3.Structure.Roof.OverlappingShingle,88/64/55,Plastic
1.24,0.0,45.5,29.8,571.4,Workspace.Map.Street.Houses.House3.Structure.Roof.OverlappingShingle,94/70/61,Plastic,Workspace.Map.Street.Houses.House3.Structure.Roof.OverlappingShingle,93/69/60,Plastic
1.24,0.0,45.5,29.8,567.4,Workspace.Map.Street.Houses.House3.Structure.Roof.OverlappingShingle,83/59/50,Plastic,Workspace.Map.Street.Houses.House3.Structure.Roof.OverlappingShingle,87/63/54,Plastic
1.24,0.0,45.5,29.8,563.4,Workspace.Map.Street.Houses.House3.Structure.Roof.OverlappingShingle,93/69/60,Plastic,Workspace.Map.Street.Houses.House3.Structure.Roof.OverlappingShingle,85/61/52,Plastic
1.24,0.0,45.5,29.8,559.3,Workspace.Map.Street.Houses.House3.Structure.Roof.OverlappingShingle,85/61/52,Plastic,Workspace.Map.Street.Houses.House3.Structure.Roof.OverlappingShingle,81/57/48,Plastic
1.24,0.0,34.3,23.0,603.9,Workspace.Map.Street.Houses.House3.Structure.Roof.OverlappingShingle,91/67/58,Plastic,Workspace.Map.Street.Houses.House3.Structure.Roof.OverlappingShingle,83/59/50,Plastic
1.24,0.0,34.3,23.0,599.8,Workspace.Map.Street.Houses.House3.Structure.Roof.OverlappingShingle,81/57/48,Plastic,Workspace.Map.Street.Houses.House3.Structure.Roof.OverlappingShingle,92/68/59,Plastic
1.24,0.0,34.3,23.0,591.7,Workspace.Map.Street.Houses.House3.Structure.Roof.OverlappingShingle,84/60/51,Plastic,Workspace.Map.Street.Houses.House3.Structure.Roof.OverlappingShingle,80/56/47,Plastic
1.24,0.0,34.3,23.0,587.6,Workspace.Map.Street.Houses.House3.Structure.Roof.OverlappingShingle,85/61/52,Plastic,Workspace.Map.Street.Houses.House3.Structure.Roof.OverlappingShingle,89/65/56,Plastic
1.24,0.0,70.1,34.8,591.7,Workspace.Map.Street.Houses.House3.Structure.Roof.OverlappingShingle,89/65/56,Plastic,Workspace.Map.Street.Houses.House3.Structure.Roof.OverlappingShingle,90/66/57,Plastic
1.24,0.0,70.1,34.8,587.6,Workspace.Map.Street.Houses.House3.Structure.Roof.OverlappingShingle,83/59/50,Plastic,Workspace.Map.Street.Houses.House3.Structure.Roof.OverlappingShingle,89/65/56,Plastic
1.24,0.0,70.1,34.8,583.6,Workspace.Map.Street.Houses.House3.Structure.Roof.OverlappingShingle,87/63/54,Plastic,Workspace.Map.Street.Houses.House3.Structure.Roof.OverlappingShingle,83/59/50,Plastic
1.24,0.0,70.1,34.8,579.6,Workspace.Map.Street.Houses.House3.Structure.Roof.OverlappingShingle,87/63/54,Plastic,Workspace.Map.Street.Houses.House3.Structure.Roof.OverlappingShingle,89/65/56,Plastic
1.24,0.0,70.1,34.8,571.4,Workspace.Map.Street.Houses.House3.Structure.Roof.OverlappingShingle,90/66/57,Plastic,Workspace.Map.Street.Houses.House3.Structure.Roof.OverlappingShingle,94/70/61,Plastic
1.24,0.0,70.1,34.8,567.4,Workspace.Map.Street.Houses.House3.Structure.Roof.OverlappingShingle,89/65/56,Plastic,Workspace.Map.Street.Houses.House3.Structure.Roof.OverlappingShingle,94/70/61,Plastic
1.24,0.0,70.1,34.8,563.4,Workspace.Map.Street.Houses.House3.Structure.Roof.OverlappingShingle,81/57/48,Plastic,Workspace.Map.Street.Houses.House3.Structure.Roof.OverlappingShingle,87/63/54,Plastic
1.24,0.0,70.1,34.8,559.3,Workspace.Map.Street.Houses.House3.Structure.Roof.OverlappingShingle,84/60/51,Plastic,Workspace.Map.Street.Houses.House3.Structure.Roof.OverlappingShingle,89/65/56,Plastic
1.24,0.0,70.1,34.8,547.1,Workspace.Map.Street.Houses.House3.Structure.Roof.OverlappingShingle,84/60/51,Plastic,Workspace.Map.Street.Houses.House3.Structure.Roof.OverlappingShingle,90/66/57,Plastic
1.24,0.0,70.1,34.8,543.1,Workspace.Map.Street.Houses.House3.Structure.Roof.OverlappingShingle,92/68/59,Plastic,Workspace.Map.Street.Houses.House3.Structure.Roof.OverlappingShingle,85/61/52,Plastic
1.24,0.0,70.1,34.8,530.9,Workspace.Map.Street.Houses.House3.Structure.Roof.OverlappingShingle,81/57/48,Plastic,Workspace.Map.Street.Houses.House3.Structure.Roof.OverlappingShingle,91/67/58,Plastic
1.24,0.0,70.1,34.8,526.9,Workspace.Map.Street.Houses.House3.Structure.Roof.OverlappingShingle,84/60/51,Plastic,Workspace.Map.Street.Houses.House3.Structure.Roof.OverlappingShingle,88/64/55,Plastic
1.24,0.0,75.7,31.4,603.9,Workspace.Map.Street.Houses.House3.Structure.Roof.OverlappingShingle,84/60/51,Plastic,Workspace.Map.Street.Houses.House3.Structure.Roof.OverlappingShingle,86/62/53,Plastic
1.24,0.0,75.7,31.4,599.8,Workspace.Map.Street.Houses.House3.Structure.Roof.OverlappingShingle,94/70/61,Plastic,Workspace.Map.Street.Houses.House3.Structure.Roof.OverlappingShingle,85/61/52,Plastic
1.24,0.0,75.7,31.4,530.9,Workspace.Map.Street.Houses.House3.Structure.Roof.OverlappingShingle,83/59/50,Plastic,Workspace.Map.Street.Houses.House3.Structure.Roof.OverlappingShingle,85/61/52,Plastic
1.24,0.0,75.7,31.4,526.9,Workspace.Map.Street.Houses.House3.Structure.Roof.OverlappingShingle,83/59/50,Plastic,Workspace.Map.Street.Houses.House3.Structure.Roof.OverlappingShingle,80/56/47,Plastic
1.24,0.0,81.3,28.1,603.9,Workspace.Map.Street.Houses.House3.Structure.Roof.OverlappingShingle,85/61/52,Plastic,Workspace.Map.Street.Houses.House3.Structure.Roof.OverlappingShingle,90/66/57,Plastic
1.24,0.0,81.3,28.1,599.8,Workspace.Map.Street.Houses.House3.Structure.Roof.OverlappingShingle,86/62/53,Plastic,Workspace.Map.Street.Houses.House3.Structure.Roof.OverlappingShingle,94/70/61,Plastic
1.24,0.0,81.3,28.1,591.7,Workspace.Map.Street.Houses.House3.Structure.Roof.OverlappingShingle,87/63/54,Plastic,Workspace.Map.Street.Houses.House3.Structure.Roof.OverlappingShingle,81/57/48,Plastic
1.24,0.0,81.3,28.1,587.6,Workspace.Map.Street.Houses.House3.Structure.Roof.OverlappingShingle,87/63/54,Plastic,Workspace.Map.Street.Houses.House3.Structure.Roof.OverlappingShingle,83/59/50,Plastic
1.24,0.0,81.3,28.1,539.1,Workspace.Map.Street.Houses.House3.Structure.Roof.OverlappingShingle,92/68/59,Plastic,Workspace.Map.Street.Houses.House3.Structure.Roof.OverlappingShingle,88/64/55,Plastic
1.24,0.0,81.3,28.1,530.9,Workspace.Map.Street.Houses.House3.Structure.Roof.OverlappingShingle,82/58/49,Plastic,Workspace.Map.Street.Houses.House3.Structure.Roof.OverlappingShingle,91/67/58,Plastic
1.24,0.0,81.3,28.1,526.9,Workspace.Map.Street.Houses.House3.Structure.Roof.OverlappingShingle,88/64/55,Plastic,Workspace.Map.Street.Houses.House3.Structure.Roof.OverlappingShingle,93/69/60,Plastic
1.24,0.0,59.5,38.2,595.8,Workspace.Map.Street.Houses.House3.Structure.Roof.OverlappingShingle,89/65/56,Plastic,Workspace.Map.Street.Houses.House3.Structure.Roof.OverlappingShingle,86/62/53,Plastic
1.24,0.0,59.5,38.2,555.2,Workspace.Map.Street.Houses.House3.Structure.Roof.OverlappingShingle,94/70/61,Plastic,Workspace.Map.Street.Houses.House3.Structure.Roof.OverlappingShingle,93/69/60,Plastic
1.24,0.0,59.5,38.2,535.0,Workspace.Map.Street.Houses.House3.Structure.Roof.OverlappingShingle,89/65/56,Plastic,Workspace.Map.Street.Houses.House3.Structure.Roof.OverlappingShingle,92/68/59,Plastic
1.24,0.0,53.9,34.8,575.5,Workspace.Map.Street.Houses.House3.Structure.Roof.OverlappingShingle,81/57/48,Plastic,Workspace.Map.Street.Houses.House3.Structure.Roof.OverlappingShingle,86/62/53,Plastic
1.24,0.0,53.9,34.8,555.2,Workspace.Map.Street.Houses.House3.Structure.Roof.OverlappingShingle,92/68/59,Plastic,Workspace.Map.Street.Houses.House3.Structure.Roof.OverlappingShingle,87/63/54,Plastic
1.24,0.0,53.9,34.8,535.0,Workspace.Map.Street.Houses.House3.Structure.Roof.OverlappingShingle,86/62/53,Plastic,Workspace.Map.Street.Houses.House3.Structure.Roof.OverlappingShingle,81/57/48,Plastic
1.24,0.0,48.3,31.4,595.8,Workspace.Map.Street.Houses.House3.Structure.Roof.OverlappingShingle,89/65/56,Plastic,Workspace.Map.Street.Houses.House3.Structure.Roof.OverlappingShingle,86/62/53,Plastic
1.24,0.0,48.3,31.4,575.5,Workspace.Map.Street.Houses.House3.Structure.Roof.OverlappingShingle,86/62/53,Plastic,Workspace.Map.Street.Houses.House3.Structure.Roof.OverlappingShingle,88/64/55,Plastic
1.24,0.0,48.3,31.4,535.0,Workspace.Map.Street.Houses.House3.Structure.Roof.OverlappingShingle,92/68/59,Plastic,Workspace.Map.Street.Houses.House3.Structure.Roof.OverlappingShingle,89/65/56,Plastic
1.24,0.0,42.7,28.1,595.8,Workspace.Map.Street.Houses.House3.Structure.Roof.OverlappingShingle,85/61/52,Plastic,Workspace.Map.Street.Houses.House3.Structure.Roof.OverlappingShingle,82/58/49,Plastic
1.24,0.0,42.7,28.1,575.5,Workspace.Map.Street.Houses.House3.Structure.Roof.OverlappingShingle,88/64/55,Plastic,Workspace.Map.Street.Houses.House3.Structure.Roof.OverlappingShingle,84/60/51,Plastic
1.24,0.0,42.7,28.1,555.2,Workspace.Map.Street.Houses.House3.Structure.Roof.OverlappingShingle,90/66/57,Plastic,Workspace.Map.Street.Houses.House3.Structure.Roof.OverlappingShingle,94/70/61,Plastic
1.24,0.0,64.5,38.2,595.8,Workspace.Map.Street.Houses.House3.Structure.Roof.OverlappingShingle,84/60/51,Plastic,Workspace.Map.Street.Houses.House3.Structure.Roof.OverlappingShingle,83/59/50,Plastic
1.24,0.0,64.5,38.2,575.5,Workspace.Map.Street.Houses.House3.Structure.Roof.OverlappingShingle,82/58/49,Plastic,Workspace.Map.Street.Houses.House3.Structure.Roof.OverlappingShingle,90/66/57,Plastic
1.24,0.0,56.7,36.5,595.8,Workspace.Map.Street.Houses.House3.Structure.Roof.OverlappingShingle,86/62/53,Plastic,Workspace.Map.Street.Houses.House3.Structure.Roof.OverlappingShingle,92/68/59,Plastic
1.24,0.0,56.7,36.5,575.5,Workspace.Map.Street.Houses.House3.Structure.Roof.OverlappingShingle,85/61/52,Plastic,Workspace.Map.Street.Houses.House3.Structure.Roof.OverlappingShingle,81/57/48,Plastic
1.24,0.0,56.7,36.5,555.2,Workspace.Map.Street.Houses.House3.Structure.Roof.OverlappingShingle,93/69/60,Plastic,Workspace.Map.Street.Houses.House3.Structure.Roof.OverlappingShingle,92/68/59,Plastic
1.24,0.0,56.7,36.5,535.0,Workspace.Map.Street.Houses.House3.Structure.Roof.OverlappingShingle,92/68/59,Plastic,Workspace.Map.Street.Houses.House3.Structure.Roof.OverlappingShingle,86/62/53,Plastic
1.24,0.0,51.1,33.1,595.8,Workspace.Map.Street.Houses.House3.Structure.Roof.OverlappingShingle,80/56/47,Plastic,Workspace.Map.Street.Houses.House3.Structure.Roof.OverlappingShingle,89/65/56,Plastic
1.24,0.0,51.1,33.1,555.2,Workspace.Map.Street.Houses.House3.Structure.Roof.OverlappingShingle,87/63/54,Plastic,Workspace.Map.Street.Houses.House3.Structure.Roof.OverlappingShingle,94/70/61,Plastic
1.24,0.0,45.5,29.8,595.8,Workspace.Map.Street.Houses.House3.Structure.Roof.OverlappingShingle,86/62/53,Plastic,Workspace.Map.Street.Houses.House3.Structure.Roof.OverlappingShingle,85/61/52,Plastic
1.24,0.0,45.5,29.8,535.0,Workspace.Map.Street.Houses.House3.Structure.Roof.OverlappingShingle,89/65/56,Plastic,Workspace.Map.Street.Houses.House3.Structure.Roof.OverlappingShingle,83/59/50,Plastic
1.24,0.0,34.3,23.0,535.0,Workspace.Map.Street.Houses.House3.Structure.Roof.OverlappingShingle,89/65/56,Plastic,Workspace.Map.Street.Houses.House3.Structure.Roof.OverlappingShingle,81/57/48,Plastic
1.24,0.0,86.9,24.7,595.8,Workspace.Map.Street.Houses.House3.Structure.Roof.OverlappingShingle,86/62/53,Plastic,Workspace.Map.Street.Houses.House3.Structure.Roof.OverlappingShingle,81/57/48,Plastic
1.24,0.0,86.9,24.7,575.5,Workspace.Map.Street.Houses.House3.Structure.Roof.OverlappingShingle,94/70/61,Plastic,Workspace.Map.Street.Houses.House3.Structure.Roof.OverlappingShingle,92/68/59,Plastic
1.24,0.0,86.9,24.7,555.2,Workspace.Map.Street.Houses.House3.Structure.Roof.OverlappingShingle,94/70/61,Plastic,Workspace.Map.Street.Houses.House3.Structure.Roof.OverlappingShingle,93/69/60,Plastic
1.24,0.0,53.9,34.8,595.8,Workspace.Map.Street.Houses.House3.Structure.Roof.OverlappingShingle,92/68/59,Plastic,Workspace.Map.Street.Houses.House3.Structure.Roof.OverlappingShingle,80/56/47,Plastic
1.24,0.0,42.7,28.1,535.0,Workspace.Map.Street.Houses.House3.Structure.Roof.OverlappingShingle,83/59/50,Plastic,Workspace.Map.Street.Houses.House3.Structure.Roof.OverlappingShingle,88/64/55,Plastic
1.24,0.0,67.3,36.5,595.8,Workspace.Map.Street.Houses.House3.Structure.Roof.OverlappingShingle,83/59/50,Plastic,Workspace.Map.Street.Houses.House3.Structure.Roof.OverlappingShingle,80/56/47,Plastic
1.24,0.0,72.9,33.1,595.8,Workspace.Map.Street.Houses.House3.Structure.Roof.OverlappingShingle,87/63/54,Plastic,Workspace.Map.Street.Houses.House3.Structure.Roof.OverlappingShingle,89/65/56,Plastic
1.24,0.0,72.9,33.1,575.5,Workspace.Map.Street.Houses.House3.Structure.Roof.OverlappingShingle,80/56/47,Plastic,Workspace.Map.Street.Houses.House3.Structure.Roof.OverlappingShingle,81/57/48,Plastic
1.24,0.0,72.9,33.1,535.0,Workspace.Map.Street.Houses.House3.Structure.Roof.OverlappingShingle,86/62/53,Plastic,Workspace.Map.Street.Houses.House3.Structure.Roof.OverlappingShingle,82/58/49,Plastic
1.24,0.0,78.5,29.8,595.8,Workspace.Map.Street.Houses.House3.Structure.Roof.OverlappingShingle,86/62/53,Plastic,Workspace.Map.Street.Houses.House3.Structure.Roof.OverlappingShingle,87/63/54,Plastic
1.24,0.0,78.5,29.8,575.5,Workspace.Map.Street.Houses.House3.Structure.Roof.OverlappingShingle,82/58/49,Plastic,Workspace.Map.Street.Houses.House3.Structure.Roof.OverlappingShingle,84/60/51,Plastic
1.24,0.0,78.5,29.8,555.2,Workspace.Map.Street.Houses.House3.Structure.Roof.OverlappingShingle,89/65/56,Plastic,Workspace.Map.Street.Houses.House3.Structure.Roof.OverlappingShingle,94/70/61,Plastic
1.24,0.0,84.1,26.4,575.5,Workspace.Map.Street.Houses.House3.Structure.Roof.OverlappingShingle,88/64/55,Plastic,Workspace.Map.Street.Houses.House3.Structure.Roof.OverlappingShingle,94/70/61,Plastic
1.24,0.0,84.1,26.4,555.2,Workspace.Map.Street.Houses.House3.Structure.Roof.OverlappingShingle,85/61/52,Plastic,Workspace.Map.Street.Houses.House3.Structure.Roof.OverlappingShingle,94/70/61,Plastic
1.24,0.0,84.1,26.4,535.0,Workspace.Map.Street.Houses.House3.Structure.Roof.OverlappingShingle,87/63/54,Plastic,Workspace.Map.Street.Houses.House3.Structure.Roof.OverlappingShingle,89/65/56,Plastic
1.24,0.0,89.7,23.0,595.8,Workspace.Map.Street.Houses.House3.Structure.Roof.OverlappingShingle,81/57/48,Plastic,Workspace.Map.Street.Houses.House3.Structure.Roof.OverlappingShingle,86/62/53,Plastic
1.24,0.0,89.7,23.0,535.0,Workspace.Map.Street.Houses.House3.Structure.Roof.OverlappingShingle,83/59/50,Plastic,Workspace.Map.Street.Houses.House3.Structure.Roof.OverlappingShingle,93/69/60,Plastic
1.24,0.0,64.5,38.2,555.2,Workspace.Map.Street.Houses.House3.Structure.Roof.OverlappingShingle,85/61/52,Plastic,Workspace.Map.Street.Houses.House3.Structure.Roof.OverlappingShingle,92/68/59,Plastic
1.24,0.0,64.5,38.2,535.0,Workspace.Map.Street.Houses.House3.Structure.Roof.OverlappingShingle,91/67/58,Plastic,Workspace.Map.Street.Houses.House3.Structure.Roof.OverlappingShingle,83/59/50,Plastic
1.24,0.0,51.1,33.1,535.0,Workspace.Map.Street.Houses.House3.Structure.Roof.OverlappingShingle,81/57/48,Plastic,Workspace.Map.Street.Houses.House3.Structure.Roof.OverlappingShingle,92/68/59,Plastic
1.24,0.0,45.5,29.8,555.2,Workspace.Map.Street.Houses.House3.Structure.Roof.OverlappingShingle,93/69/60,Plastic,Workspace.Map.Street.Houses.House3.Structure.Roof.OverlappingShingle,90/66/57,Plastic
1.24,0.0,34.3,23.0,595.8,Workspace.Map.Street.Houses.House3.Structure.Roof.OverlappingShingle,81/57/48,Plastic,Workspace.Map.Street.Houses.House3.Structure.Roof.OverlappingShingle,92/68/59,Plastic
1.24,0.0,70.1,34.8,575.5,Workspace.Map.Street.Houses.House3.Structure.Roof.OverlappingShingle,85/61/52,Plastic,Workspace.Map.Street.Houses.House3.Structure.Roof.OverlappingShingle,80/56/47,Plastic
1.24,0.0,70.1,34.8,555.2,Workspace.Map.Street.Houses.House3.Structure.Roof.OverlappingShingle,83/59/50,Plastic,Workspace.Map.Street.Houses.House3.Structure.Roof.OverlappingShingle,86/62/53,Plastic
1.24,0.0,70.1,34.8,535.0,Workspace.Map.Street.Houses.House3.Structure.Roof.OverlappingShingle,82/58/49,Plastic,Workspace.Map.Street.Houses.House3.Structure.Roof.OverlappingShingle,86/62/53,Plastic
1.24,0.0,81.3,28.1,595.8,Workspace.Map.Street.Houses.House3.Structure.Roof.OverlappingShingle,87/63/54,Plastic,Workspace.Map.Street.Houses.House3.Structure.Roof.OverlappingShingle,91/67/58,Plastic
1.24,0.0,81.3,28.1,535.0,Workspace.Map.Street.Houses.House3.Structure.Roof.OverlappingShingle,81/57/48,Plastic,Workspace.Map.Street.Houses.House3.Structure.Roof.OverlappingShingle,87/63/54,Plastic
1.22,0.036,194.4,8.2,-27.8,Workspace.Map.Hub.CostumeShop.Mannequins.Vampire.Art.CostumeArt.Head,225/220/232,SmoothPlastic,Workspace.Map.Hub.CostumeShop.Mannequins.Vampire.Art.CostumeArt.UpperTorso,28/22/34,SmoothPlastic
1.15,0.052,194.4,4.0,-28.3,Workspace.Map.Hub.CostumeShop.Mannequins.Vampire.Art.CostumeArt.RightLowerLeg,28/22/34,SmoothPlastic,ServerStorage.ArtBackups.CostumeShopArt_BeforeSkins.Vampire.LiningFlare,170/10/30,SmoothPlastic
1.15,0.052,194.4,4.0,-27.3,Workspace.Map.Hub.CostumeShop.Mannequins.Vampire.Art.CostumeArt.LeftLowerLeg,28/22/34,SmoothPlastic,ServerStorage.ArtBackups.CostumeShopArt_BeforeSkins.Vampire.LiningFlare,170/10/30,SmoothPlastic
1.13,0.0,21.0,17.1,556.8,Workspace.Map.Street.Houses.House3.Structure.Porch.PorchShingle,81/48/39,Plastic,Workspace.Map.Street.Houses.House3.Structure.Porch.PorchShingle,84/48/39,Plastic
1.13,0.0,24.2,17.1,556.8,Workspace.Map.Street.Houses.House3.Structure.Porch.PorchShingle,81/48/39,Plastic,Workspace.Map.Street.Houses.House3.Structure.Porch.PorchShingle,84/48/39,Plastic
1.13,0.0,27.4,17.1,556.8,Workspace.Map.Street.Houses.House3.Structure.Porch.PorchShingle,81/48/39,Plastic,Workspace.Map.Street.Houses.House3.Structure.Porch.PorchShingle,84/48/39,Plastic
1.13,0.0,30.6,17.1,556.8,Workspace.Map.Street.Houses.House3.Structure.Porch.PorchShingle,81/48/39,Plastic,Workspace.Map.Street.Houses.House3.Structure.Porch.PorchShingle,84/48/39,Plastic
1.13,0.0,21.0,17.1,573.2,Workspace.Map.Street.Houses.House3.Structure.Porch.PorchShingle,81/48/39,Plastic,Workspace.Map.Street.Houses.House3.Structure.Porch.PorchShingle,84/48/39,Plastic
1.13,0.0,24.2,17.1,573.2,Workspace.Map.Street.Houses.House3.Structure.Porch.PorchShingle,81/48/39,Plastic,Workspace.Map.Street.Houses.House3.Structure.Porch.PorchShingle,84/48/39,Plastic
1.13,0.0,27.4,17.1,573.2,Workspace.Map.Street.Houses.House3.Structure.Porch.PorchShingle,81/48/39,Plastic,Workspace.Map.Street.Houses.House3.Structure.Porch.PorchShingle,84/48/39,Plastic
1.13,0.0,30.6,17.1,573.2,Workspace.Map.Street.Houses.House3.Structure.Porch.PorchShingle,81/48/39,Plastic,Workspace.Map.Street.Houses.House3.Structure.Porch.PorchShingle,84/48/39,Plastic
1.13,0.0,33.8,17.1,573.2,Workspace.Map.Street.Houses.House3.Structure.Porch.PorchShingle,81/48/39,Plastic,Workspace.Map.Street.Houses.House3.Structure.Porch.PorchShingle,84/48/39,Plastic
1.13,0.0,33.8,17.1,556.8,Workspace.Map.Street.Houses.House3.Structure.Porch.PorchShingle,81/48/39,Plastic,Workspace.Map.Street.Houses.House3.Structure.Porch.PorchShingle,84/48/39,Plastic
1.13,0.0,21.0,19.8,567.6,Workspace.Map.Street.Houses.House3.Structure.Porch.PorchShingle,75/48/39,Plastic,Workspace.Map.Street.Houses.House3.Structure.Porch.PorchShingle,78/48/39,Plastic
1.13,0.0,24.2,19.8,567.6,Workspace.Map.Street.Houses.House3.Structure.Porch.PorchShingle,75/48/39,Plastic,Workspace.Map.Street.Houses.House3.Structure.Porch.PorchShingle,78/48/39,Plastic
1.13,0.0,27.4,19.8,567.6,Workspace.Map.Street.Houses.House3.Structure.Porch.PorchShingle,75/48/39,Plastic,Workspace.Map.Street.Houses.House3.Structure.Porch.PorchShingle,78/48/39,Plastic
1.13,0.0,30.6,19.8,567.6,Workspace.Map.Street.Houses.House3.Structure.Porch.PorchShingle,75/48/39,Plastic,Workspace.Map.Street.Houses.House3.Structure.Porch.PorchShingle,78/48/39,Plastic
1.13,0.0,21.0,18.4,570.4,Workspace.Map.Street.Houses.House3.Structure.Porch.PorchShingle,78/48/39,Plastic,Workspace.Map.Street.Houses.House3.Structure.Porch.PorchShingle,81/48/39,Plastic
1.13,0.0,24.2,18.4,570.4,Workspace.Map.Street.Houses.House3.Structure.Porch.PorchShingle,78/48/39,Plastic,Workspace.Map.Street.Houses.House3.Structure.Porch.PorchShingle,81/48/39,Plastic
1.13,0.0,27.4,18.4,570.4,Workspace.Map.Street.Houses.House3.Structure.Porch.PorchShingle,78/48/39,Plastic,Workspace.Map.Street.Houses.House3.Structure.Porch.PorchShingle,81/48/39,Plastic
1.13,0.0,30.6,18.4,570.4,Workspace.Map.Street.Houses.House3.Structure.Porch.PorchShingle,78/48/39,Plastic,Workspace.Map.Street.Houses.House3.Structure.Porch.PorchShingle,81/48/39,Plastic
1.13,0.0,21.0,19.8,562.4,Workspace.Map.Street.Houses.House3.Structure.Porch.PorchShingle,75/48/39,Plastic,Workspace.Map.Street.Houses.House3.Structure.Porch.PorchShingle,78/48/39,Plastic
1.13,0.0,24.2,19.8,562.4,Workspace.Map.Street.Houses.House3.Structure.Porch.PorchShingle,75/48/39,Plastic,Workspace.Map.Street.Houses.House3.Structure.Porch.PorchShingle,78/48/39,Plastic
1.13,0.0,27.4,19.8,562.4,Workspace.Map.Street.Houses.House3.Structure.Porch.PorchShingle,75/48/39,Plastic,Workspace.Map.Street.Houses.House3.Structure.Porch.PorchShingle,78/48/39,Plastic
1.13,0.0,30.6,19.8,562.4,Workspace.Map.Street.Houses.House3.Structure.Porch.PorchShingle,75/48/39,Plastic,Workspace.Map.Street.Houses.House3.Structure.Porch.PorchShingle,78/48/39,Plastic
1.13,0.0,21.0,18.4,559.6,Workspace.Map.Street.Houses.House3.Structure.Porch.PorchShingle,78/48/39,Plastic,Workspace.Map.Street.Houses.House3.Structure.Porch.PorchShingle,81/48/39,Plastic
1.13,0.0,24.2,18.4,559.6,Workspace.Map.Street.Houses.House3.Structure.Porch.PorchShingle,78/48/39,Plastic,Workspace.Map.Street.Houses.House3.Structure.Porch.PorchShingle,81/48/39,Plastic
1.13,0.0,27.4,18.4,559.6,Workspace.Map.Street.Houses.House3.Structure.Porch.PorchShingle,78/48/39,Plastic,Workspace.Map.Street.Houses.House3.Structure.Porch.PorchShingle,81/48/39,Plastic
1.13,0.0,30.6,18.4,559.6,Workspace.Map.Street.Houses.House3.Structure.Porch.PorchShingle,78/48/39,Plastic,Workspace.Map.Street.Houses.House3.Structure.Porch.PorchShingle,81/48/39,Plastic
1.13,0.0,33.8,19.8,567.6,Workspace.Map.Street.Houses.House3.Structure.Porch.PorchShingle,75/48/39,Plastic,Workspace.Map.Street.Houses.House3.Structure.Porch.PorchShingle,78/48/39,Plastic
1.13,0.0,33.8,18.4,570.4,Workspace.Map.Street.Houses.House3.Structure.Porch.PorchShingle,78/48/39,Plastic,Workspace.Map.Street.Houses.House3.Structure.Porch.PorchShingle,81/48/39,Plastic
1.13,0.0,33.8,19.8,562.4,Workspace.Map.Street.Houses.House3.Structure.Porch.PorchShingle,75/48/39,Plastic,Workspace.Map.Street.Houses.House3.Structure.Porch.PorchShingle,78/48/39,Plastic
1.13,0.0,33.8,18.4,559.6,Workspace.Map.Street.Houses.House3.Structure.Porch.PorchShingle,78/48/39,Plastic,Workspace.Map.Street.Houses.House3.Structure.Porch.PorchShingle,81/48/39,Plastic
1.07,0.021,194.5,7.0,-26.8,Workspace.Map.Hub.CostumeShop.Mannequins.Vampire.Art.CostumeArt.UpperTorso,170/10/30,SmoothPlastic,ServerStorage.ArtBackups.CostumeShopArt_BeforeSkins.Vampire.RightCollar,38/22/50,SmoothPlastic
1.07,0.0,84.3,604.2,3000.1,Workspace._ArtPreview.PetsCrow.HatCrown,205/165/85,SmoothPlastic,Workspace._ArtPreview.PetsCrow.HatBand,235/95/15,SmoothPlastic
1.0,0.025,194.5,6.0,-27.8,Workspace.Map.Hub.CostumeShop.Mannequins.Vampire.Art.CostumeArt.LowerTorso,28/22/34,SmoothPlastic,Workspace.Map.Hub.CostumeShop.Mannequins.Vampire.Art.CostumeArt.UpperTorso,170/10/30,SmoothPlastic
1.0,0.026,194.4,6.0,-27.8,Workspace.Map.Hub.CostumeShop.Mannequins.Vampire.Art.CostumeArt.LowerTorso,28/22/34,SmoothPlastic,ServerStorage.ArtBackups.CostumeShopArt_BeforeSkins.Vampire.Cape,38/22/50,SmoothPlastic
0.99,0.026,194.4,4.2,-28.3,Workspace.Map.Hub.CostumeShop.Mannequins.Vampire.Art.CostumeArt.RightLowerLeg,28/22/34,SmoothPlastic,ServerStorage.ArtBackups.CostumeShopArt_BeforeSkins.Vampire.Cape,38/22/50,SmoothPlastic
0.99,0.026,194.4,4.2,-27.3,Workspace.Map.Hub.CostumeShop.Mannequins.Vampire.Art.CostumeArt.LeftLowerLeg,28/22/34,SmoothPlastic,ServerStorage.ArtBackups.CostumeShopArt_BeforeSkins.Vampire.Cape,38/22/50,SmoothPlastic
0.95,0.05,-115.8,12.1,-20.6,Workspace.Map.Hub.SpeedShop.SideSigns.HangingSign,92/58/38,Plastic,Workspace.Map.Hub.SpeedShop.SideSigns.SignTrim,54/34/24,Plastic
0.95,0.05,-115.8,9.6,-20.6,Workspace.Map.Hub.SpeedShop.SideSigns.HangingSign,92/58/38,Plastic,Workspace.Map.Hub.SpeedShop.SideSigns.SignTrim,54/34/24,Plastic
0.95,0.05,-115.9,12.1,-37.4,Workspace.Map.Hub.SpeedShop.SideSigns.HangingSign,92/58/38,Plastic,Workspace.Map.Hub.SpeedShop.SideSigns.SignTrim,54/34/24,Plastic
0.95,0.05,-115.9,9.6,-37.4,Workspace.Map.Hub.SpeedShop.SideSigns.HangingSign,92/58/38,Plastic,Workspace.Map.Hub.SpeedShop.SideSigns.SignTrim,54/34/24,Plastic
0.86,0.0,34.5,34.2,557.3,Workspace.Map.Street.Houses.House3.Structure.Roof.GableShingle,93/69/60,Plastic,Workspace.Map.Street.Houses.House3.Structure.Roof.GableShingle,88/64/55,Plastic
0.86,0.0,38.0,34.2,557.3,Workspace.Map.Street.Houses.House3.Structure.Roof.GableShingle,81/57/48,Plastic,Workspace.Map.Street.Houses.House3.Structure.Roof.GableShingle,86/62/53,Plastic
0.86,0.0,41.5,34.2,557.3,Workspace.Map.Street.Houses.House3.Structure.Roof.GableShingle,81/57/48,Plastic,Workspace.Map.Street.Houses.House3.Structure.Roof.GableShingle,91/67/58,Plastic
0.86,0.0,48.5,34.2,557.3,Workspace.Map.Street.Houses.House3.Structure.Roof.GableShingle,88/64/55,Plastic,Workspace.Map.Street.Houses.House3.Structure.Roof.GableShingle,82/58/49,Plastic
0.86,0.0,52.0,34.2,557.3,Workspace.Map.Street.Houses.House3.Structure.Roof.GableShingle,94/70/61,Plastic,Workspace.Map.Street.Houses.House3.Structure.Roof.GableShingle,92/68/59,Plastic
0.86,0.0,55.5,34.2,557.3,Workspace.Map.Street.Houses.House3.Structure.Roof.GableShingle,81/57/48,Plastic,Workspace.Map.Street.Houses.House3.Structure.Roof.GableShingle,90/66/57,Plastic
0.86,0.0,59.0,34.2,557.3,Workspace.Map.Street.Houses.House3.Structure.Roof.GableShingle,80/56/47,Plastic,Workspace.Map.Street.Houses.House3.Structure.Roof.GableShingle,88/64/55,Plastic
0.86,0.0,62.5,34.2,557.3,Workspace.Map.Street.Houses.House3.Structure.Roof.GableShingle,88/64/55,Plastic,Workspace.Map.Street.Houses.House3.Structure.Roof.GableShingle,93/69/60,Plastic
0.86,0.0,59.0,27.1,552.0,Workspace.Map.Street.Houses.House3.Structure.Roof.GableShingle,90/66/57,Plastic,Workspace.Map.Street.Houses.House3.Structure.Roof.GableShingle,89/65/56,Plastic
0.86,0.0,62.5,27.1,552.0,Workspace.Map.Street.Houses.House3.Structure.Roof.GableShingle,85/61/52,Plastic,Workspace.Map.Street.Houses.House3.Structure.Roof.GableShingle,84/60/51,Plastic
0.86,0.0,31.0,34.2,557.3,Workspace.Map.Street.Houses.House3.Structure.Roof.GableShingle,88/64/55,Plastic,Workspace.Map.Street.Houses.House3.Structure.Roof.GableShingle,90/66/57,Plastic
0.86,0.0,38.0,34.2,572.7,Workspace.Map.Street.Houses.House3.Structure.Roof.GableShingle,90/66/57,Plastic,Workspace.Map.Street.Houses.House3.Structure.Roof.GableShingle,80/56/47,Plastic
0.86,0.0,41.5,34.2,572.7,Workspace.Map.Street.Houses.House3.Structure.Roof.GableShingle,83/59/50,Plastic,Workspace.Map.Street.Houses.House3.Structure.Roof.GableShingle,88/64/55,Plastic
0.86,0.0,45.0,34.2,572.7,Workspace.Map.Street.Houses.House3.Structure.Roof.GableShingle,83/59/50,Plastic,Workspace.Map.Street.Houses.House3.Structure.Roof.GableShingle,94/70/61,Plastic
0.86,0.0,48.5,34.2,572.7,Workspace.Map.Street.Houses.House3.Structure.Roof.GableShingle,90/66/57,Plastic,Workspace.Map.Street.Houses.House3.Structure.Roof.GableShingle,91/67/58,Plastic
0.86,0.0,52.0,34.2,572.7,Workspace.Map.Street.Houses.House3.Structure.Roof.GableShingle,88/64/55,Plastic,Workspace.Map.Street.Houses.House3.Structure.Roof.GableShingle,91/67/58,Plastic
0.86,0.0,55.5,34.2,572.7,Workspace.Map.Street.Houses.House3.Structure.Roof.GableShingle,83/59/50,Plastic,Workspace.Map.Street.Houses.House3.Structure.Roof.GableShingle,81/57/48,Plastic
0.86,0.0,59.0,34.2,572.7,Workspace.Map.Street.Houses.House3.Structure.Roof.GableShingle,83/59/50,Plastic,Workspace.Map.Street.Houses.House3.Structure.Roof.GableShingle,91/67/58,Plastic
0.86,0.0,62.5,34.2,572.7,Workspace.Map.Street.Houses.House3.Structure.Roof.GableShingle,91/67/58,Plastic,Workspace.Map.Street.Houses.House3.Structure.Roof.GableShingle,87/63/54,Plastic
0.86,0.0,59.0,27.1,578.0,Workspace.Map.Street.Houses.House3.Structure.Roof.GableShingle,85/61/52,Plastic,Workspace.Map.Street.Houses.House3.Structure.Roof.GableShingle,91/67/58,Plastic
0.86,0.0,31.0,41.4,562.6,Workspace.Map.Street.Houses.House3.Structure.Roof.GableShingle,84/60/51,Plastic,Workspace.Map.Street.Houses.House3.Structure.Roof.GableShingle,82/58/49,Plastic
0.86,0.0,31.0,30.6,554.6,Workspace.Map.Street.Houses.House3.Structure.Roof.GableShingle,90/66/57,Plastic,Workspace.Map.Street.Houses.House3.Structure.Roof.GableShingle,86/62/53,Plastic
0.86,0.0,34.5,41.4,562.6,Workspace.Map.Street.Houses.House3.Structure.Roof.GableShingle,87/63/54,Plastic,Workspace.Map.Street.Houses.House3.Structure.Roof.GableShingle,81/57/48,Plastic
0.86,0.0,38.0,41.4,562.6,Workspace.Map.Street.Houses.House3.Structure.Roof.GableShingle,94/70/61,Plastic,Workspace.Map.Street.Houses.House3.Structure.Roof.GableShingle,81/57/48,Plastic
0.86,0.0,41.5,41.4,562.6,Workspace.Map.Street.Houses.House3.Structure.Roof.GableShingle,94/70/61,Plastic,Workspace.Map.Street.Houses.House3.Structure.Roof.GableShingle,84/60/51,Plastic
0.86,0.0,45.0,41.4,562.6,Workspace.Map.Street.Houses.House3.Structure.Roof.GableShingle,89/65/56,Plastic,Workspace.Map.Street.Houses.House3.Structure.Roof.GableShingle,83/59/50,Plastic
0.86,0.0,48.5,41.4,562.6,Workspace.Map.Street.Houses.House3.Structure.Roof.GableShingle,81/57/48,Plastic,Workspace.Map.Street.Houses.House3.Structure.Roof.GableShingle,80/56/47,Plastic
0.86,0.0,52.0,41.4,562.6,Workspace.Map.Street.Houses.House3.Structure.Roof.GableShingle,86/62/53,Plastic,Workspace.Map.Street.Houses.House3.Structure.Roof.GableShingle,87/63/54,Plastic
0.86,0.0,55.5,41.4,562.6,Workspace.Map.Street.Houses.House3.Structure.Roof.GableShingle,82/58/49,Plastic,Workspace.Map.Street.Houses.House3.Structure.Roof.GableShingle,80/56/47,Plastic
0.86,0.0,59.0,41.4,562.6,Workspace.Map.Street.Houses.House3.Structure.Roof.GableShingle,90/66/57,Plastic,Workspace.Map.Street.Houses.House3.Structure.Roof.GableShingle,82/58/49,Plastic
0.86,0.0,62.5,41.4,562.6,Workspace.Map.Street.Houses.House3.Structure.Roof.GableShingle,91/67/58,Plastic,Workspace.Map.Street.Houses.House3.Structure.Roof.GableShingle,84/60/51,Plastic
0.86,0.0,34.5,30.6,554.6,Workspace.Map.Street.Houses.House3.Structure.Roof.GableShingle,88/64/55,Plastic,Workspace.Map.Street.Houses.House3.Structure.Roof.GableShingle,94/70/61,Plastic
0.86,0.0,38.0,30.6,554.6,Workspace.Map.Street.Houses.House3.Structure.Roof.GableShingle,86/62/53,Plastic,Workspace.Map.Street.Houses.House3.Structure.Roof.GableShingle,94/70/61,Plastic
0.86,0.0,41.5,30.6,554.6,Workspace.Map.Street.Houses.House3.Structure.Roof.GableShingle,91/67/58,Plastic,Workspace.Map.Street.Houses.House3.Structure.Roof.GableShingle,92/68/59,Plastic
0.86,0.0,45.0,30.6,554.6,Workspace.Map.Street.Houses.House3.Structure.Roof.GableShingle,90/66/57,Plastic,Workspace.Map.Street.Houses.House3.Structure.Roof.GableShingle,84/60/51,Plastic
0.86,0.0,52.0,30.6,554.6,Workspace.Map.Street.Houses.House3.Structure.Roof.GableShingle,92/68/59,Plastic,Workspace.Map.Street.Houses.House3.Structure.Roof.GableShingle,94/70/61,Plastic
0.86,0.0,59.0,30.6,554.6,Workspace.Map.Street.Houses.House3.Structure.Roof.GableShingle,88/64/55,Plastic,Workspace.Map.Street.Houses.House3.Structure.Roof.GableShingle,90/66/57,Plastic
0.86,0.0,62.5,30.6,554.6,Workspace.Map.Street.Houses.House3.Structure.Roof.GableShingle,93/69/60,Plastic,Workspace.Map.Street.Houses.House3.Structure.Roof.GableShingle,85/61/52,Plastic
0.86,0.0,34.5,41.4,567.4,Workspace.Map.Street.Houses.House3.Structure.Roof.GableShingle,87/63/54,Plastic,Workspace.Map.Street.Houses.House3.Structure.Roof.GableShingle,81/57/48,Plastic
0.86,0.0,38.0,41.4,567.4,Workspace.Map.Street.Houses.House3.Structure.Roof.GableShingle,86/62/53,Plastic,Workspace.Map.Street.Houses.House3.Structure.Roof.GableShingle,82/58/49,Plastic
0.86,0.0,41.5,41.4,567.4,Workspace.Map.Street.Houses.House3.Structure.Roof.GableShingle,87/63/54,Plastic,Workspace.Map.Street.Houses.House3.Structure.Roof.GableShingle,94/70/61,Plastic
0.86,0.0,45.0,41.4,567.4,Workspace.Map.Street.Houses.House3.Structure.Roof.GableShingle,92/68/59,Plastic,Workspace.Map.Street.Houses.House3.Structure.Roof.GableShingle,84/60/51,Plastic
0.86,0.0,48.5,41.4,567.4,Workspace.Map.Street.Houses.House3.Structure.Roof.GableShingle,92/68/59,Plastic,Workspace.Map.Street.Houses.House3.Structure.Roof.GableShingle,85/61/52,Plastic
0.86,0.0,52.0,41.4,567.4,Workspace.Map.Street.Houses.House3.Structure.Roof.GableShingle,80/56/47,Plastic,Workspace.Map.Street.Houses.House3.Structure.Roof.GableShingle,88/64/55,Plastic
0.86,0.0,55.5,41.4,567.4,Workspace.Map.Street.Houses.House3.Structure.Roof.GableShingle,86/62/53,Plastic,Workspace.Map.Street.Houses.House3.Structure.Roof.GableShingle,91/67/58,Plastic
0.86,0.0,59.0,41.4,567.4,Workspace.Map.Street.Houses.House3.Structure.Roof.GableShingle,92/68/59,Plastic,Workspace.Map.Street.Houses.House3.Structure.Roof.GableShingle,94/70/61,Plastic
0.86,0.0,62.5,41.4,567.4,Workspace.Map.Street.Houses.House3.Structure.Roof.GableShingle,82/58/49,Plastic,Workspace.Map.Street.Houses.House3.Structure.Roof.GableShingle,93/69/60,Plastic
0.86,0.0,34.5,30.6,575.4,Workspace.Map.Street.Houses.House3.Structure.Roof.GableShingle,85/61/52,Plastic,Workspace.Map.Street.Houses.House3.Structure.Roof.GableShingle,91/67/58,Plastic
0.86,0.0,38.0,30.6,575.4,Workspace.Map.Street.Houses.House3.Structure.Roof.GableShingle,80/56/47,Plastic,Workspace.Map.Street.Houses.House3.Structure.Roof.GableShingle,83/59/50,Plastic
0.86,0.0,41.5,30.6,575.4,Workspace.Map.Street.Houses.House3.Structure.Roof.GableShingle,88/64/55,Plastic,Workspace.Map.Street.Houses.House3.Structure.Roof.GableShingle,93/69/60,Plastic
0.86,0.0,45.0,30.6,575.4,Workspace.Map.Street.Houses.House3.Structure.Roof.GableShingle,94/70/61,Plastic,Workspace.Map.Street.Houses.House3.Structure.Roof.GableShingle,80/56/47,Plastic
0.86,0.0,52.0,30.6,575.4,Workspace.Map.Street.Houses.House3.Structure.Roof.GableShingle,91/67/58,Plastic,Workspace.Map.Street.Houses.House3.Structure.Roof.GableShingle,90/66/57,Plastic
0.86,0.0,59.0,30.6,575.4,Workspace.Map.Street.Houses.House3.Structure.Roof.GableShingle,91/67/58,Plastic,Workspace.Map.Street.Houses.House3.Structure.Roof.GableShingle,85/61/52,Plastic
0.86,0.0,62.5,30.6,575.4,Workspace.Map.Street.Houses.House3.Structure.Roof.GableShingle,87/63/54,Plastic,Workspace.Map.Street.Houses.House3.Structure.Roof.GableShingle,84/60/51,Plastic
0.86,0.0,34.5,37.8,570.1,Workspace.Map.Street.Houses.House3.Structure.Roof.GableShingle,81/57/48,Plastic,Workspace.Map.Street.Houses.House3.Structure.Roof.GableShingle,85/61/52,Plastic
0.86,0.0,38.0,37.8,570.1,Workspace.Map.Street.Houses.House3.Structure.Roof.GableShingle,82/58/49,Plastic,Workspace.Map.Street.Houses.House3.Structure.Roof.GableShingle,90/66/57,Plastic
0.86,0.0,41.5,37.8,570.1,Workspace.Map.Street.Houses.House3.Structure.Roof.GableShingle,94/70/61,Plastic,Workspace.Map.Street.Houses.House3.Structure.Roof.GableShingle,83/59/50,Plastic
0.86,0.0,45.0,37.8,570.1,Workspace.Map.Street.Houses.House3.Structure.Roof.GableShingle,84/60/51,Plastic,Workspace.Map.Street.Houses.House3.Structure.Roof.GableShingle,83/59/50,Plastic
0.86,0.0,48.5,37.8,570.1,Workspace.Map.Street.Houses.House3.Structure.Roof.GableShingle,85/61/52,Plastic,Workspace.Map.Street.Houses.House3.Structure.Roof.GableShingle,90/66/57,Plastic
0.86,0.0,55.5,37.8,570.1,Workspace.Map.Street.Houses.House3.Structure.Roof.GableShingle,91/67/58,Plastic,Workspace.Map.Street.Houses.House3.Structure.Roof.GableShingle,83/59/50,Plastic
0.86,0.0,62.5,37.8,570.1,Workspace.Map.Street.Houses.House3.Structure.Roof.GableShingle,93/69/60,Plastic,Workspace.Map.Street.Houses.House3.Structure.Roof.GableShingle,91/67/58,Plastic
0.86,0.0,34.5,37.8,559.9,Workspace.Map.Street.Houses.House3.Structure.Roof.GableShingle,81/57/48,Plastic,Workspace.Map.Street.Houses.House3.Structure.Roof.GableShingle,93/69/60,Plastic
0.86,0.0,41.5,37.8,559.9,Workspace.Map.Street.Houses.House3.Structure.Roof.GableShingle,84/60/51,Plastic,Workspace.Map.Street.Houses.House3.Structure.Roof.GableShingle,81/57/48,Plastic
0.86,0.0,45.0,37.8,559.9,Workspace.Map.Street.Houses.House3.Structure.Roof.GableShingle,83/59/50,Plastic,Workspace.Map.Street.Houses.House3.Structure.Roof.GableShingle,90/66/57,Plastic
0.86,0.0,48.5,37.8,559.9,Workspace.Map.Street.Houses.House3.Structure.Roof.GableShingle,80/56/47,Plastic,Workspace.Map.Street.Houses.House3.Structure.Roof.GableShingle,88/64/55,Plastic
0.86,0.0,52.0,37.8,559.9,Workspace.Map.Street.Houses.House3.Structure.Roof.GableShingle,87/63/54,Plastic,Workspace.Map.Street.Houses.House3.Structure.Roof.GableShingle,94/70/61,Plastic
0.86,0.0,55.5,37.8,559.9,Workspace.Map.Street.Houses.House3.Structure.Roof.GableShingle,80/56/47,Plastic,Workspace.Map.Street.Houses.House3.Structure.Roof.GableShingle,81/57/48,Plastic
0.86,0.0,62.5,37.8,559.9,Workspace.Map.Street.Houses.House3.Structure.Roof.GableShingle,84/60/51,Plastic,Workspace.Map.Street.Houses.House3.Structure.Roof.GableShingle,88/64/55,Plastic
0.86,0.0,31.0,37.8,559.9,Workspace.Map.Street.Houses.House3.Structure.Roof.GableShingle,82/58/49,Plastic,Workspace.Map.Street.Houses.House3.Structure.Roof.GableShingle,88/64/55,Plastic
0.85,0.025,-113.3,17.8,-27.1,Workspace.Map.Hub.SpeedShop.MainSign.SignGlow,190/90/255,Neon,Workspace.Map.Hub.SpeedShop.Bunting.PennantTop,120/40/170,Fabric
0.85,0.025,-113.3,17.8,-30.9,Workspace.Map.Hub.SpeedShop.MainSign.SignGlow,190/90/255,Neon,Workspace.Map.Hub.SpeedShop.Bunting.PennantTop,120/40/170,Fabric
0.85,0.025,-113.4,17.8,-34.7,Workspace.Map.Hub.SpeedShop.MainSign.SignGlow,190/90/255,Neon,Workspace.Map.Hub.SpeedShop.Bunting.PennantTop,120/40/170,Fabric
0.85,0.025,-113.3,17.8,-32.8,Workspace.Map.Hub.SpeedShop.MainSign.SignGlow,190/90/255,Neon,Workspace.Map.Hub.SpeedShop.Bunting.PennantTop,255/120/20,SmoothPlastic
0.85,0.025,-113.3,17.8,-29.0,Workspace.Map.Hub.SpeedShop.MainSign.SignGlow,190/90/255,Neon,Workspace.Map.Hub.SpeedShop.Bunting.PennantTop,255/120/20,SmoothPlastic
0.81,0.028,191.7,3.8,-58.5,Workspace.Map.Hub.CostumeShop.Mannequins.Ghost.Art.CostumeArt.RightLowerLeg,245/245/252,SmoothPlastic,ServerStorage.ArtBackups.CostumeShopArt_BeforeSkins.Ghost.Hem,215/218/235,SmoothPlastic
0.75,0.0,358.2,4.5,-175.0,Workspace.ModelGallery.Pets.Crow.HatCrown,205/165/85,SmoothPlastic,Workspace.ModelGallery.Pets.Crow.HatBand,235/95/15,SmoothPlastic
0.73,0.029,193.6,7.6,-17.8,Workspace.Map.Hub.CostumeShop.Mannequins.Skeleton.Art.CostumeArt.UpperTorso,20/18/24,SmoothPlastic,ServerStorage.ArtBackups.CostumeShopArt_BeforeSkins.Skeleton.Cranium,238/235/218,SmoothPlastic
0.7,0.0,36.0,15.0,839.0,Workspace.Map.Street.Houses.House4.Decor.Facade.Striped awning,242/212/164,SmoothPlastic,Workspace.Map.Street.Houses.House4.Decor.Facade.Striped awning,137/43/65,SmoothPlastic
0.7,0.0,36.0,15.0,830.8,Workspace.Map.Street.Houses.House4.Decor.Facade.Striped awning,242/212/164,SmoothPlastic,Workspace.Map.Street.Houses.House4.Decor.Facade.Striped awning,137/43/65,SmoothPlastic
0.7,0.0,36.0,15.0,822.5,Workspace.Map.Street.Houses.House4.Decor.Facade.Striped awning,242/212/164,SmoothPlastic,Workspace.Map.Street.Houses.House4.Decor.Facade.Striped awning,137/43/65,SmoothPlastic
0.7,0.0,36.0,15.0,818.5,Workspace.Map.Street.Houses.House4.Decor.Facade.Striped awning,137/43/65,SmoothPlastic,Workspace.Map.Street.Houses.House4.Decor.Facade.Striped awning,242/212/164,SmoothPlastic
0.7,0.0,36.0,15.0,810.2,Workspace.Map.Street.Houses.House4.Decor.Facade.Striped awning,137/43/65,SmoothPlastic,Workspace.Map.Street.Houses.House4.Decor.Facade.Striped awning,242/212/164,SmoothPlastic
0.7,0.0,36.0,15.0,802.0,Workspace.Map.Street.Houses.House4.Decor.Facade.Striped awning,137/43/65,SmoothPlastic,Workspace.Map.Street.Houses.House4.Decor.Facade.Striped awning,242/212/164,SmoothPlastic
0.7,0.0,36.0,15.0,798.0,Workspace.Map.Street.Houses.House4.Decor.Facade.Striped awning,242/212/164,SmoothPlastic,Workspace.Map.Street.Houses.House4.Decor.Facade.Striped awning,137/43/65,SmoothPlastic
0.7,0.0,36.0,15.0,789.8,Workspace.Map.Street.Houses.House4.Decor.Facade.Striped awning,242/212/164,SmoothPlastic,Workspace.Map.Street.Houses.House4.Decor.Facade.Striped awning,137/43/65,SmoothPlastic
0.7,0.0,36.0,15.0,781.5,Workspace.Map.Street.Houses.House4.Decor.Facade.Striped awning,242/212/164,SmoothPlastic,Workspace.Map.Street.Houses.House4.Decor.Facade.Striped awning,137/43/65,SmoothPlastic
0.7,0.0,36.0,15.0,777.5,Workspace.Map.Street.Houses.House4.Decor.Facade.Striped awning,137/43/65,SmoothPlastic,Workspace.Map.Street.Houses.House4.Decor.Facade.Striped awning,242/212/164,SmoothPlastic
0.7,0.0,36.0,15.0,769.2,Workspace.Map.Street.Houses.House4.Decor.Facade.Striped awning,137/43/65,SmoothPlastic,Workspace.Map.Street.Houses.House4.Decor.Facade.Striped awning,242/212/164,SmoothPlastic
0.7,0.0,36.0,15.0,761.0,Workspace.Map.Street.Houses.House4.Decor.Facade.Striped awning,137/43/65,SmoothPlastic,Workspace.Map.Street.Houses.House4.Decor.Facade.Striped awning,242/212/164,SmoothPlastic
0.7,0.0,36.0,15.0,834.9,Workspace.Map.Street.Houses.House4.Decor.Facade.Striped awning,137/43/65,SmoothPlastic,Workspace.Map.Street.Houses.House4.Decor.Facade.Striped awning,242/212/164,SmoothPlastic
0.7,0.0,36.0,15.0,826.6,Workspace.Map.Street.Houses.House4.Decor.Facade.Striped awning,137/43/65,SmoothPlastic,Workspace.Map.Street.Houses.House4.Decor.Facade.Striped awning,242/212/164,SmoothPlastic
0.7,0.0,36.0,15.0,814.4,Workspace.Map.Street.Houses.House4.Decor.Facade.Striped awning,242/212/164,SmoothPlastic,Workspace.Map.Street.Houses.House4.Decor.Facade.Striped awning,137/43/65,SmoothPlastic
0.7,0.0,36.0,15.0,806.1,Workspace.Map.Street.Houses.House4.Decor.Facade.Striped awning,242/212/164,SmoothPlastic,Workspace.Map.Street.Houses.House4.Decor.Facade.Striped awning,137/43/65,SmoothPlastic
0.7,0.0,36.0,15.0,793.9,Workspace.Map.Street.Houses.House4.Decor.Facade.Striped awning,137/43/65,SmoothPlastic,Workspace.Map.Street.Houses.House4.Decor.Facade.Striped awning,242/212/164,SmoothPlastic
0.7,0.0,36.0,15.0,785.6,Workspace.Map.Street.Houses.House4.Decor.Facade.Striped awning,137/43/65,SmoothPlastic,Workspace.Map.Street.Houses.House4.Decor.Facade.Striped awning,242/212/164,SmoothPlastic
0.7,0.0,36.0,15.0,773.4,Workspace.Map.Street.Houses.House4.Decor.Facade.Striped awning,242/212/164,SmoothPlastic,Workspace.Map.Street.Houses.House4.Decor.Facade.Striped awning,137/43/65,SmoothPlastic
0.7,0.0,36.0,15.0,765.1,Workspace.Map.Street.Houses.House4.Decor.Facade.Striped awning,242/212/164,SmoothPlastic,Workspace.Map.Street.Houses.House4.Decor.Facade.Striped awning,137/43/65,SmoothPlastic
0.66,0.025,194.5,7.2,-26.6,Workspace.Map.Hub.CostumeShop.Mannequins.Vampire.Art.CostumeArt.LeftUpperArm,28/22/34,SmoothPlastic,Workspace.Map.Hub.CostumeShop.Mannequins.Vampire.Art.CostumeArt.UpperTorso,170/10/30,SmoothPlastic
0.65,0.046,194.4,7.0,-28.6,Workspace.Map.Hub.CostumeShop.Mannequins.Vampire.Art.CostumeArt.UpperTorso,28/22/34,SmoothPlastic,ServerStorage.ArtBackups.CostumeShopArt_BeforeSkins.Vampire.LeftCollar,38/22/50,SmoothPlastic
0.65,0.05,3.8,1.9,162.2,Workspace.Map.Street.Houses.House1.Decor.FrontDecor.Crate.CrateBox,128/88/52,Plastic,Workspace.Map.Street.Houses.House1.Decor.FrontDecor.Crate.CrateEdge,84/56/34,Plastic
0.65,0.05,3.8,1.9,162.2,Workspace.Map.Street.Houses.House1.Decor.FrontDecor.Crate.CrateBox,128/88/52,Plastic,ServerStorage.MapBackup_BeforeRearrange2.Street.Houses.House1.Decor.FrontDecor.Crate.CrateEdge,84/56/34,Plastic
0.65,0.05,3.8,1.9,162.2,Workspace.Map.Street.Houses.House1.Decor.FrontDecor.Crate.CrateEdge,84/56/34,Plastic,ServerStorage.MapBackup_BeforeRearrange2.Street.Houses.House1.Decor.FrontDecor.Crate.CrateBox,128/88/52,Plastic
0.65,0.05,1.0,1.9,160.3,Workspace.Map.Street.Houses.House1.Decor.FrontDecor.Crate.CrateBox,128/88/52,Plastic,Workspace.Map.Street.Houses.House1.Decor.FrontDecor.Crate.CrateEdge,84/56/34,Plastic
0.65,0.05,1.0,1.9,160.3,Workspace.Map.Street.Houses.House1.Decor.FrontDecor.Crate.CrateBox,128/88/52,Plastic,ServerStorage.MapBackup_BeforeRearrange2.Street.Houses.House1.Decor.FrontDecor.Crate.CrateEdge,84/56/34,Plastic
0.65,0.05,1.0,1.9,160.3,Workspace.Map.Street.Houses.House1.Decor.FrontDecor.Crate.CrateEdge,84/56/34,Plastic,ServerStorage.MapBackup_BeforeRearrange2.Street.Houses.House1.Decor.FrontDecor.Crate.CrateBox,128/88/52,Plastic
0.65,0.05,1.5,1.9,162.6,Workspace.Map.Street.Houses.House1.Decor.FrontDecor.Crate.CrateBox,128/88/52,Plastic,Workspace.Map.Street.Houses.House1.Decor.FrontDecor.Crate.CrateEdge,84/56/34,Plastic
0.65,0.05,1.5,1.9,162.6,Workspace.Map.Street.Houses.House1.Decor.FrontDecor.Crate.CrateBox,128/88/52,Plastic,ServerStorage.MapBackup_BeforeRearrange2.Street.Houses.House1.Decor.FrontDecor.Crate.CrateEdge,84/56/34,Plastic
0.65,0.05,1.5,1.9,162.6,Workspace.Map.Street.Houses.House1.Decor.FrontDecor.Crate.CrateEdge,84/56/34,Plastic,ServerStorage.MapBackup_BeforeRearrange2.Street.Houses.House1.Decor.FrontDecor.Crate.CrateBox,128/88/52,Plastic
0.65,0.05,3.3,1.9,159.9,Workspace.Map.Street.Houses.House1.Decor.FrontDecor.Crate.CrateBox,128/88/52,Plastic,Workspace.Map.Street.Houses.House1.Decor.FrontDecor.Crate.CrateEdge,84/56/34,Plastic
0.65,0.05,3.3,1.9,159.9,Workspace.Map.Street.Houses.House1.Decor.FrontDecor.Crate.CrateBox,128/88/52,Plastic,ServerStorage.MapBackup_BeforeRearrange2.Street.Houses.House1.Decor.FrontDecor.Crate.CrateEdge,84/56/34,Plastic
0.65,0.05,3.3,1.9,159.9,Workspace.Map.Street.Houses.House1.Decor.FrontDecor.Crate.CrateEdge,84/56/34,Plastic,ServerStorage.MapBackup_BeforeRearrange2.Street.Houses.House1.Decor.FrontDecor.Crate.CrateBox,128/88/52,Plastic
0.64,0.025,194.5,6.1,-26.6,Workspace.Map.Hub.CostumeShop.Mannequins.Vampire.Art.CostumeArt.LeftLowerArm,28/22/34,SmoothPlastic,Workspace.Map.Hub.CostumeShop.Mannequins.Vampire.Art.CostumeArt.UpperTorso,170/10/30,SmoothPlastic
0.59,0.046,194.5,7.1,-26.5,Workspace.Map.Hub.CostumeShop.Mannequins.Vampire.Art.CostumeArt.LeftUpperArm,28/22/34,SmoothPlastic,ServerStorage.ArtBackups.CostumeShopArt_BeforeSkins.Vampire.RightCollar,38/22/50,SmoothPlastic
0.56,0.049,211.2,12.2,-50.6,Workspace.Map.Hub.CostumeShop.Mannequins.Reaper.Art.CostumeArt.Head,30/28/38,SmoothPlastic,Workspace.Map.Hub.CostumeShop.Mannequins.Reaper.Art.CostumeArt.Head,45/42/55,SmoothPlastic
0.54,0.052,194.5,7.0,-27.0,Workspace.Map.Hub.CostumeShop.Mannequins.Vampire.Art.CostumeArt.UpperTorso,28/22/34,SmoothPlastic,ServerStorage.ArtBackups.CostumeShopArt_BeforeSkins.Vampire.RightCollarLining,170/10/30,SmoothPlastic
0.54,0.0,213.1,8.8,-28.2,Workspace.Map.Hub.CostumeShop.Mannequins.Frankenstein.Art.CostumeArt.RightLowerArm,45/40/52,SmoothPlastic,Workspace.Map.Hub.CostumeShop.Mannequins.Frankenstein.Art.CostumeArt.RightLowerArm,115/175/90,SmoothPlastic
0.54,0.0,213.3,8.8,-25.2,Workspace.Map.Hub.CostumeShop.Mannequins.Frankenstein.Art.CostumeArt.LeftLowerArm,45/40/52,SmoothPlastic,Workspace.Map.Hub.CostumeShop.Mannequins.Frankenstein.Art.CostumeArt.LeftLowerArm,115/175/90,SmoothPlastic
0.54,0.04,213.8,9.0,-14.7,Workspace.Map.Hub.CostumeShop.Mannequins.Devil.Art.CostumeArt.LowerTorso,205/30/30,SmoothPlastic,Workspace.Map.Hub.CostumeShop.Mannequins.Devil.Art.CostumeArt.LowerTorso,20/16/24,SmoothPlastic
0.53,0.06,214.3,10.2,-15.4,Workspace.Map.Hub.CostumeShop.Mannequins.Devil.Art.CostumeArt.UpperTorso,205/30/30,SmoothPlastic,Workspace.Map.Hub.CostumeShop.Mannequins.Devil.Art.CostumeArt.UpperTorso,140/15/20,SmoothPlastic
0.52,0.025,191.7,5.8,-59.7,Workspace.Map.Hub.CostumeShop.Mannequins.Ghost.Art.CostumeArt.RightLowerArm,212/215/232,SmoothPlastic,ServerStorage.ArtBackups.CostumeShopArt_BeforeSkins.Ghost.LeftArmDrape,245/245/252,SmoothPlastic
0.52,0.048,193.4,6.8,-27.1,Workspace.Map.Hub.CostumeShop.Mannequins.Vampire.Art.CostumeArt.UpperTorso,28/22/34,SmoothPlastic,Workspace.Map.Hub.CostumeShop.Mannequins.Vampire.Art.CostumeArt.UpperTorso,110/5/20,SmoothPlastic
0.5,0.049,211.2,11.5,-49.9,Workspace.Map.Hub.CostumeShop.Mannequins.Reaper.Art.CostumeArt.Head,30/28/38,SmoothPlastic,Workspace.Map.Hub.CostumeShop.Mannequins.Reaper.Art.CostumeArt.Head,45/42/55,SmoothPlastic
0.45,0.04,213.2,9.0,-26.7,Workspace.Map.Hub.CostumeShop.Mannequins.Frankenstein.Art.CostumeArt.LowerTorso,40/38/48,SmoothPlastic,Workspace.Map.Hub.CostumeShop.Mannequins.Frankenstein.Art.CostumeArt.LowerTorso,70/50/30,SmoothPlastic
0.45,0.048,212.0,10.6,-52.1,Workspace.Map.Hub.CostumeShop.Mannequins.Reaper.Art.CostumeArt.RightUpperArm,30/28/38,SmoothPlastic,ServerStorage.ArtBackups.CostumeShopArt_BeforeSkins.Reaper.Hood,28/26/34,SmoothPlastic
0.41,0.021,191.6,7.4,-48.6,Workspace.Map.Hub.CostumeShop.Mannequins.Pumpkin.Art.CostumeArt.UpperTorso,60/35/80,SmoothPlastic,ServerStorage.ArtBackups.CostumeShopArt_BeforeSkins.Pumpkin.Pumpkin,245/120/20,SmoothPlastic
0.4,0.045,193.0,6.0,-17.7,Workspace.Map.Hub.CostumeShop.Mannequins.Skeleton.Art.CostumeArt.LowerTorso,20/18/24,SmoothPlastic,Workspace.Map.Hub.CostumeShop.Mannequins.Skeleton.Art.CostumeArt.LowerTorso,238/235/218,SmoothPlastic
0.4,0.05,7.9,3.0,158.5,Workspace.Map.Street.Houses.House1.Decor.FrontDecor.Crate.CrateBox,128/88/52,Plastic,Workspace.Map.Street.Houses.House1.Decor.FrontDecor.Crate.CrateEdge,84/56/34,Plastic
0.4,0.05,7.9,3.0,158.5,Workspace.Map.Street.Houses.House1.Decor.FrontDecor.Crate.CrateBox,128/88/52,Plastic,ServerStorage.MapBackup_BeforeRearrange2.Street.Houses.House1.Decor.FrontDecor.Crate.CrateEdge,84/56/34,Plastic
0.4,0.05,7.9,3.0,158.5,Workspace.Map.Street.Houses.House1.Decor.FrontDecor.Crate.CrateEdge,84/56/34,Plastic,ServerStorage.MapBackup_BeforeRearrange2.Street.Houses.House1.Decor.FrontDecor.Crate.CrateBox,128/88/52,Plastic
0.4,0.05,6.6,3.0,158.6,Workspace.Map.Street.Houses.House1.Decor.FrontDecor.Crate.CrateBox,128/88/52,Plastic,Workspace.Map.Street.Houses.House1.Decor.FrontDecor.Crate.CrateEdge,84/56/34,Plastic
0.4,0.05,6.6,3.0,158.6,Workspace.Map.Street.Houses.House1.Decor.FrontDecor.Crate.CrateBox,128/88/52,Plastic,ServerStorage.MapBackup_BeforeRearrange2.Street.Houses.House1.Decor.FrontDecor.Crate.CrateEdge,84/56/34,Plastic
0.4,0.05,6.6,3.0,158.6,Workspace.Map.Street.Houses.House1.Decor.FrontDecor.Crate.CrateEdge,84/56/34,Plastic,ServerStorage.MapBackup_BeforeRearrange2.Street.Houses.House1.Decor.FrontDecor.Crate.CrateBox,128/88/52,Plastic
0.4,0.05,6.5,3.0,157.2,Workspace.Map.Street.Houses.House1.Decor.FrontDecor.Crate.CrateBox,128/88/52,Plastic,Workspace.Map.Street.Houses.House1.Decor.FrontDecor.Crate.CrateEdge,84/56/34,Plastic
0.4,0.05,6.5,3.0,157.2,Workspace.Map.Street.Houses.House1.Decor.FrontDecor.Crate.CrateBox,128/88/52,Plastic,ServerStorage.MapBackup_BeforeRearrange2.Street.Houses.House1.Decor.FrontDecor.Crate.CrateEdge,84/56/34,Plastic
0.4,0.05,6.5,3.0,157.2,Workspace.Map.Street.Houses.House1.Decor.FrontDecor.Crate.CrateEdge,84/56/34,Plastic,ServerStorage.MapBackup_BeforeRearrange2.Street.Houses.House1.Decor.FrontDecor.Crate.CrateBox,128/88/52,Plastic
0.4,0.05,7.8,3.0,157.1,Workspace.Map.Street.Houses.House1.Decor.FrontDecor.Crate.CrateEdge,84/56/34,Plastic,ServerStorage.MapBackup_BeforeRearrange2.Street.Houses.House1.Decor.FrontDecor.Crate.CrateBox,128/88/52,Plastic
0.4,0.05,7.8,3.0,157.1,Workspace.Map.Street.Houses.House1.Decor.FrontDecor.Crate.CrateBox,128/88/52,Plastic,Workspace.Map.Street.Houses.House1.Decor.FrontDecor.Crate.CrateEdge,84/56/34,Plastic
0.4,0.05,7.8,3.0,157.1,Workspace.Map.Street.Houses.House1.Decor.FrontDecor.Crate.CrateBox,128/88/52,Plastic,ServerStorage.MapBackup_BeforeRearrange2.Street.Houses.House1.Decor.FrontDecor.Crate.CrateEdge,84/56/34,Plastic
0.36,0.04,211.6,9.5,-61.1,Workspace.Map.Hub.CostumeShop.Mannequins.Werewolf.Art.CostumeArt.LeftLowerArm,110/78/55,SmoothPlastic,Workspace.Map.Hub.CostumeShop.Mannequins.Werewolf.Art.CostumeArt.LeftLowerArm,180/40/40,SmoothPlastic
0.36,0.04,211.4,9.5,-64.1,Workspace.Map.Hub.CostumeShop.Mannequins.Werewolf.Art.CostumeArt.RightLowerArm,110/78/55,SmoothPlastic,Workspace.Map.Hub.CostumeShop.Mannequins.Werewolf.Art.CostumeArt.RightLowerArm,180/40/40,SmoothPlastic
0.36,0.055,191.2,8.2,-47.7,Workspace.Map.Hub.CostumeShop.Mannequins.Pumpkin.Art.CostumeArt.Head,245/120/20,SmoothPlastic,Workspace.Map.Hub.CostumeShop.Mannequins.Pumpkin.Art.CostumeArt.Head,255/210/70,Neon
0.36,0.04,192.2,6.0,-47.7,Workspace.Map.Hub.CostumeShop.Mannequins.Pumpkin.Art.CostumeArt.LowerTorso,45/40/55,SmoothPlastic,Workspace.Map.Hub.CostumeShop.Mannequins.Pumpkin.Art.CostumeArt.LowerTorso,20/16/24,SmoothPlastic
0.35,0.04,211.5,7.5,-63.1,Workspace.Map.Hub.CostumeShop.Mannequins.Werewolf.Art.CostumeArt.RightLowerLeg,110/78/55,SmoothPlastic,Workspace.Map.Hub.CostumeShop.Mannequins.Werewolf.Art.CostumeArt.RightLowerLeg,60/85/140,SmoothPlastic
0.35,0.04,211.5,7.5,-62.1,Workspace.Map.Hub.CostumeShop.Mannequins.Werewolf.Art.CostumeArt.LeftLowerLeg,110/78/55,SmoothPlastic,Workspace.Map.Hub.CostumeShop.Mannequins.Werewolf.Art.CostumeArt.LeftLowerLeg,60/85/140,SmoothPlastic
0.33,0.048,193.9,9.0,-27.8,Workspace.Map.Hub.CostumeShop.Mannequins.Vampire.Art.CostumeArt.Head,225/220/232,SmoothPlastic,Workspace.Map.Hub.CostumeShop.Mannequins.Vampire.Art.CostumeArt.Head,20/16/24,SmoothPlastic
0.33,0.035,211.4,7.9,-49.7,Workspace.Map.Hub.CostumeShop.Mannequins.Reaper.Art.CostumeArt.LowerTorso,30/28/38,SmoothPlastic,Workspace.Map.Hub.CostumeShop.Mannequins.Reaper.Art.CostumeArt.LowerTorso,16/15/22,SmoothPlastic
0.32,0.021,194.5,4.6,-27.8,Workspace.Map.Hub.CostumeShop.Mannequins.Vampire.Art.CostumeArt.UpperTorso,170/10/30,SmoothPlastic,ServerStorage.ArtBackups.CostumeShopArt_BeforeSkins.Vampire.Cape,38/22/50,SmoothPlastic
0.32,0.045,194.2,7.0,-17.8,Workspace.Map.Hub.CostumeShop.Mannequins.Skeleton.Art.CostumeArt.UpperTorso,20/18/24,SmoothPlastic,Workspace.Map.Hub.CostumeShop.Mannequins.Skeleton.Art.CostumeArt.UpperTorso,238/235/218,SmoothPlastic
0.31,0.011,21.0,16.5,574.6,Workspace.Map.Street.Houses.House3.Structure.Porch.PorchRoof,57/40/43,Plastic,Workspace.Map.Street.Houses.House3.Structure.Porch.PorchShingle,84/48/39,Plastic
0.31,0.011,30.6,16.5,555.4,Workspace.Map.Street.Houses.House3.Structure.Porch.PorchRoof,57/40/43,Plastic,Workspace.Map.Street.Houses.House3.Structure.Porch.PorchShingle,84/48/39,Plastic
0.31,0.011,24.2,16.5,574.6,Workspace.Map.Street.Houses.House3.Structure.Porch.PorchRoof,57/40/43,Plastic,Workspace.Map.Street.Houses.House3.Structure.Porch.PorchShingle,84/48/39,Plastic
0.31,0.011,27.4,16.5,555.4,Workspace.Map.Street.Houses.House3.Structure.Porch.PorchRoof,57/40/43,Plastic,Workspace.Map.Street.Houses.House3.Structure.Porch.PorchShingle,84/48/39,Plastic
0.31,0.011,27.4,16.5,574.6,Workspace.Map.Street.Houses.House3.Structure.Porch.PorchRoof,57/40/43,Plastic,Workspace.Map.Street.Houses.House3.Structure.Porch.PorchShingle,84/48/39,Plastic
0.31,0.011,24.2,16.5,555.4,Workspace.Map.Street.Houses.House3.Structure.Porch.PorchRoof,57/40/43,Plastic,Workspace.Map.Street.Houses.House3.Structure.Porch.PorchShingle,84/48/39,Plastic
0.31,0.011,30.6,16.5,574.6,Workspace.Map.Street.Houses.House3.Structure.Porch.PorchRoof,57/40/43,Plastic,Workspace.Map.Street.Houses.House3.Structure.Porch.PorchShingle,84/48/39,Plastic
0.31,0.011,21.0,16.5,555.4,Workspace.Map.Street.Houses.House3.Structure.Porch.PorchRoof,57/40/43,Plastic,Workspace.Map.Street.Houses.House3.Structure.Porch.PorchShingle,84/48/39,Plastic
0.31,0.045,192.1,7.8,-37.7,Workspace.Map.Hub.CostumeShop.Mannequins.Witch.Art.CostumeArt.UpperTorso,95/50/135,SmoothPlastic,Workspace.Map.Hub.CostumeShop.Mannequins.Witch.Art.CostumeArt.UpperTorso,240/110/20,SmoothPlastic
0.31,0.056,-5.9,1.2,202.1,Workspace.Map.Street.Houses.House1.Decor.Yard.FrontYard.JackOLantern.PumpkinLobe,214/104/24,Plastic,Workspace.Map.Street.Houses.House1.Decor.Yard.FrontYard.JackOLantern.Mouth,255/200/60,Neon
0.31,0.056,-5.9,1.2,202.1,Workspace.Map.Street.Houses.House1.Decor.Yard.FrontYard.JackOLantern.PumpkinLobe,214/104/24,Plastic,ServerStorage.MapBackup_BeforeRearrange2.Street.Houses.House1.Decor.Yard.FrontYard.JackOLantern.Mouth,255/200/60,Neon
0.31,0.056,-5.9,1.2,202.1,Workspace.Map.Street.Houses.House1.Decor.Yard.FrontYard.JackOLantern.Mouth,255/200/60,Neon,ServerStorage.MapBackup_BeforeRearrange2.Street.Houses.House1.Decor.Yard.FrontYard.JackOLantern.PumpkinLobe,214/104/24,Plastic
0.31,0.02,191.6,6.3,-59.8,Workspace.Map.Hub.CostumeShop.Mannequins.Ghost.Art.CostumeArt.RightUpperArm,245/245/252,SmoothPlastic,Workspace.Map.Hub.CostumeShop.Mannequins.Ghost.Art.CostumeArt.RightLowerArm,212/215/232,SmoothPlastic
0.3,0.039,99.6,603.4,3000.1,Workspace._ArtPreview.PetsLanternMoth.LeftWing.UpperWing,215/140/60,SmoothPlastic,Workspace._ArtPreview.PetsLanternMoth.LeftWing.SkullSpot,255/255/255,SmoothPlastic
0.3,0.039,99.6,603.4,3000.1,Workspace._ArtPreview.PetsLanternMoth.LeftWing.UpperWing,215/140/60,SmoothPlastic,Workspace._ArtPreview.PetsLanternMoth.LeftWing.SkullSpot,255/255/255,SmoothPlastic
0.3,0.039,96.4,603.4,3000.1,Workspace._ArtPreview.PetsLanternMoth.RightWing.UpperWing,215/140/60,SmoothPlastic,Workspace._ArtPreview.PetsLanternMoth.RightWing.SkullSpot,255/255/255,SmoothPlastic
0.3,0.039,96.4,603.4,3000.1,Workspace._ArtPreview.PetsLanternMoth.RightWing.UpperWing,215/140/60,SmoothPlastic,Workspace._ArtPreview.PetsLanternMoth.RightWing.SkullSpot,255/255/255,SmoothPlastic
0.3,0.039,99.6,603.4,3000.1,Workspace._ArtPreview.PetsLanternMoth.LeftWing.UpperWing,215/140/60,SmoothPlastic,Workspace._ArtPreview.PetsLanternMoth.LeftWing.SkullSpot,255/255/255,SmoothPlastic
0.3,0.039,96.4,603.4,3000.1,Workspace._ArtPreview.PetsLanternMoth.RightWing.UpperWing,215/140/60,SmoothPlastic,Workspace._ArtPreview.PetsLanternMoth.RightWing.SkullSpot,255/255/255,SmoothPlastic
0.27,0.04,211.3,7.2,-62.4,Workspace.Map.Hub.CostumeShop.Mannequins.Werewolf.Art.CostumeArt.LeftLowerLeg,110/78/55,SmoothPlastic,Workspace.Map.Hub.CostumeShop.Mannequins.Werewolf.Art.CostumeArt.LeftLowerLeg,60/85/140,SmoothPlastic
0.27,0.0,192.2,6.2,-47.7,Workspace.Map.Hub.CostumeShop.Mannequins.Pumpkin.Art.CostumeArt.UpperTorso,60/35/80,SmoothPlastic,Workspace.Map.Hub.CostumeShop.Mannequins.Pumpkin.Art.CostumeArt.LowerTorso,45/40/55,SmoothPlastic
0.27,0.0,211.5,9.2,-62.6,Workspace.Map.Hub.CostumeShop.Mannequins.Werewolf.Art.CostumeArt.UpperTorso,180/40/40,SmoothPlastic,Workspace.Map.Hub.CostumeShop.Mannequins.Werewolf.Art.CostumeArt.LowerTorso,60/85/140,SmoothPlastic
0.27,0.0,213.2,9.2,-26.7,Workspace.Map.Hub.CostumeShop.Mannequins.Frankenstein.Art.CostumeArt.UpperTorso,45/40/52,SmoothPlastic,Workspace.Map.Hub.CostumeShop.Mannequins.Frankenstein.Art.CostumeArt.LowerTorso,40/38/48,SmoothPlastic
0.27,0.045,193.0,7.6,-17.7,Workspace.Map.Hub.CostumeShop.Mannequins.Skeleton.Art.CostumeArt.UpperTorso,20/18/24,SmoothPlastic,Workspace.Map.Hub.CostumeShop.Mannequins.Skeleton.Art.CostumeArt.UpperTorso,238/235/218,SmoothPlastic
0.27,0.04,192.6,3.9,-38.2,Workspace.Map.Hub.CostumeShop.Mannequins.Witch.Art.CostumeArt.RightLowerLeg,25/20/30,SmoothPlastic,Workspace.Map.Hub.CostumeShop.Mannequins.Witch.Art.CostumeArt.RightLowerLeg,240/110/20,SmoothPlastic
0.26,0.03,212.6,10.4,-38.7,Workspace.Map.Hub.CostumeShop.Mannequins.Mummy.Art.CostumeArt.UpperTorso,244/238/218,SmoothPlastic,Workspace.Map.Hub.CostumeShop.Mannequins.Mummy.Art.CostumeArt.UpperTorso,180/165/125,SmoothPlastic
0.24,0.025,194.4,4.6,-28.3,Workspace.Map.Hub.CostumeShop.Mannequins.Vampire.Art.CostumeArt.RightLowerLeg,28/22/34,SmoothPlastic,Workspace.Map.Hub.CostumeShop.Mannequins.Vampire.Art.CostumeArt.UpperTorso,170/10/30,SmoothPlastic
0.24,0.025,194.5,4.6,-27.3,Workspace.Map.Hub.CostumeShop.Mannequins.Vampire.Art.CostumeArt.LeftLowerLeg,28/22/34,SmoothPlastic,Workspace.Map.Hub.CostumeShop.Mannequins.Vampire.Art.CostumeArt.UpperTorso,170/10/30,SmoothPlastic
0.24,0.013,211.7,10.2,-49.5,Workspace.Map.Hub.CostumeShop.Mannequins.Reaper.Art.CostumeArt.LeftUpperArm,30/28/38,SmoothPlastic,ServerStorage.ArtBackups.CostumeShopArt_BeforeSkins.Reaper.Staff,80/55/35,SmoothPlastic
0.24,0.056,214.4,11.0,-14.2,Workspace.Map.Hub.CostumeShop.Mannequins.Devil.Art.CostumeArt.Head,205/30/30,SmoothPlastic,Workspace.Map.Hub.CostumeShop.Mannequins.Devil.Art.CostumeArt.UpperTorso,140/15/20,SmoothPlastic
0.24,0.04,211.3,7.2,-62.9,Workspace.Map.Hub.CostumeShop.Mannequins.Werewolf.Art.CostumeArt.RightLowerLeg,110/78/55,SmoothPlastic,Workspace.Map.Hub.CostumeShop.Mannequins.Werewolf.Art.CostumeArt.RightLowerLeg,60/85/140,SmoothPlastic
0.21,0.0,157.7,13.4,-102.3,Workspace.Map.Plots.Plot5.Structure.RoofShingle,64/36/86,Plastic,Workspace.Map.Plots.Plot5.Structure.RoofShingle,73/42/101,Plastic
0.21,0.0,157.7,13.4,-105.1,Workspace.Map.Plots.Plot5.Structure.RoofShingle,73/42/101,Plastic,Workspace.Map.Plots.Plot5.Structure.RoofShingle,88/49/118,Plastic
0.21,0.0,157.7,13.4,-107.8,Workspace.Map.Plots.Plot5.Structure.RoofShingle,88/49/118,Plastic,Workspace.Map.Plots.Plot5.Structure.RoofShingle,64/36/86,Plastic
0.21,0.0,157.7,13.4,-110.4,Workspace.Map.Plots.Plot5.Structure.RoofShingle,64/36/86,Plastic,Workspace.Map.Plots.Plot5.Structure.RoofShingle,73/42/101,Plastic
0.21,0.0,157.7,13.4,-113.2,Workspace.Map.Plots.Plot5.Structure.RoofShingle,73/42/101,Plastic,Workspace.Map.Plots.Plot5.Structure.RoofShingle,88/49/118,Plastic
0.21,0.0,134.3,13.4,-102.3,Workspace.Map.Plots.Plot5.Structure.RoofShingle,64/36/86,Plastic,Workspace.Map.Plots.Plot5.Structure.RoofShingle,73/42/101,Plastic
0.21,0.0,134.3,13.4,-105.1,Workspace.Map.Plots.Plot5.Structure.RoofShingle,73/42/101,Plastic,Workspace.Map.Plots.Plot5.Structure.RoofShingle,88/49/118,Plastic
0.21,0.0,134.3,13.4,-107.8,Workspace.Map.Plots.Plot5.Structure.RoofShingle,88/49/118,Plastic,Workspace.Map.Plots.Plot5.Structure.RoofShingle,64/36/86,Plastic
0.21,0.0,134.3,13.4,-110.4,Workspace.Map.Plots.Plot5.Structure.RoofShingle,64/36/86,Plastic,Workspace.Map.Plots.Plot5.Structure.RoofShingle,73/42/101,Plastic
0.21,0.0,134.3,13.4,-113.2,Workspace.Map.Plots.Plot5.Structure.RoofShingle,73/42/101,Plastic,Workspace.Map.Plots.Plot5.Structure.RoofShingle,88/49/118,Plastic
0.21,0.0,138.2,14.5,-102.3,Workspace.Map.Plots.Plot5.Structure.RoofShingle,88/49/118,Plastic,Workspace.Map.Plots.Plot5.Structure.RoofShingle,64/36/86,Plastic
0.21,0.0,138.2,14.5,-105.1,Workspace.Map.Plots.Plot5.Structure.RoofShingle,64/36/86,Plastic,Workspace.Map.Plots.Plot5.Structure.RoofShingle,73/42/101,Plastic
0.21,0.0,138.2,14.5,-107.8,Workspace.Map.Plots.Plot5.Structure.RoofShingle,73/42/101,Plastic,Workspace.Map.Plots.Plot5.Structure.RoofShingle,88/49/118,Plastic
0.21,0.0,138.2,14.5,-110.4,Workspace.Map.Plots.Plot5.Structure.RoofShingle,88/49/118,Plastic,Workspace.Map.Plots.Plot5.Structure.RoofShingle,64/36/86,Plastic
0.21,0.0,138.2,14.5,-113.2,Workspace.Map.Plots.Plot5.Structure.RoofShingle,64/36/86,Plastic,Workspace.Map.Plots.Plot5.Structure.RoofShingle,73/42/101,Plastic
0.21,0.0,153.8,14.5,-102.3,Workspace.Map.Plots.Plot5.Structure.RoofShingle,88/49/118,Plastic,Workspace.Map.Plots.Plot5.Structure.RoofShingle,64/36/86,Plastic
0.21,0.0,153.8,14.5,-105.1,Workspace.Map.Plots.Plot5.Structure.RoofShingle,64/36/86,Plastic,Workspace.Map.Plots.Plot5.Structure.RoofShingle,73/42/101,Plastic
0.21,0.0,153.8,14.5,-107.8,Workspace.Map.Plots.Plot5.Structure.RoofShingle,73/42/101,Plastic,Workspace.Map.Plots.Plot5.Structure.RoofShingle,88/49/118,Plastic
0.21,0.0,153.8,14.5,-110.4,Workspace.Map.Plots.Plot5.Structure.RoofShingle,88/49/118,Plastic,Workspace.Map.Plots.Plot5.Structure.RoofShingle,64/36/86,Plastic
0.21,0.0,153.8,14.5,-113.2,Workspace.Map.Plots.Plot5.Structure.RoofShingle,64/36/86,Plastic,Workspace.Map.Plots.Plot5.Structure.RoofShingle,73/42/101,Plastic
0.21,0.0,33.9,15.6,-102.3,Workspace.Map.Plots.Plot1.Structure.RoofShingle,73/42/101,Plastic,Workspace.Map.Plots.Plot1.Structure.RoofShingle,88/49/118,Plastic
0.21,0.0,33.9,15.6,-105.1,Workspace.Map.Plots.Plot1.Structure.RoofShingle,88/49/118,Plastic,Workspace.Map.Plots.Plot1.Structure.RoofShingle,64/36/86,Plastic
0.21,0.0,33.9,15.6,-107.8,Workspace.Map.Plots.Plot1.Structure.RoofShingle,64/36/86,Plastic,Workspace.Map.Plots.Plot1.Structure.RoofShingle,73/42/101,Plastic
0.21,0.0,33.9,15.6,-110.4,Workspace.Map.Plots.Plot1.Structure.RoofShingle,73/42/101,Plastic,Workspace.Map.Plots.Plot1.Structure.RoofShingle,88/49/118,Plastic
0.21,0.0,33.9,15.6,-113.2,Workspace.Map.Plots.Plot1.Structure.RoofShingle,88/49/118,Plastic,Workspace.Map.Plots.Plot1.Structure.RoofShingle,64/36/86,Plastic
0.21,0.0,-31.9,15.6,-102.3,Workspace.Map.Plots.Plot2.Structure.RoofShingle,73/42/101,Plastic,Workspace.Map.Plots.Plot2.Structure.RoofShingle,88/49/118,Plastic
0.21,0.0,-31.9,15.6,-105.1,Workspace.Map.Plots.Plot2.Structure.RoofShingle,88/49/118,Plastic,Workspace.Map.Plots.Plot2.Structure.RoofShingle,64/36/86,Plastic
0.21,0.0,-31.9,15.6,-107.8,Workspace.Map.Plots.Plot2.Structure.RoofShingle,64/36/86,Plastic,Workspace.Map.Plots.Plot2.Structure.RoofShingle,73/42/101,Plastic
0.21,0.0,-31.9,15.6,-110.4,Workspace.Map.Plots.Plot2.Structure.RoofShingle,73/42/101,Plastic,Workspace.Map.Plots.Plot2.Structure.RoofShingle,88/49/118,Plastic
0.21,0.0,-31.9,15.6,-113.2,Workspace.Map.Plots.Plot2.Structure.RoofShingle,88/49/118,Plastic,Workspace.Map.Plots.Plot2.Structure.RoofShingle,64/36/86,Plastic
0.21,0.0,-43.6,12.3,-102.3,Workspace.Map.Plots.Plot2.Structure.RoofShingle,73/42/101,Plastic,Workspace.Map.Plots.Plot2.Structure.RoofShingle,88/49/118,Plastic
0.21,0.0,-43.6,12.3,-105.1,Workspace.Map.Plots.Plot2.Structure.RoofShingle,88/49/118,Plastic,Workspace.Map.Plots.Plot2.Structure.RoofShingle,64/36/86,Plastic
0.21,0.0,-43.6,12.3,-107.8,Workspace.Map.Plots.Plot2.Structure.RoofShingle,64/36/86,Plastic,Workspace.Map.Plots.Plot2.Structure.RoofShingle,73/42/101,Plastic
0.21,0.0,-43.6,12.3,-110.4,Workspace.Map.Plots.Plot2.Structure.RoofShingle,73/42/101,Plastic,Workspace.Map.Plots.Plot2.Structure.RoofShingle,88/49/118,Plastic
0.21,0.0,-43.6,12.3,-113.2,Workspace.Map.Plots.Plot2.Structure.RoofShingle,88/49/118,Plastic,Workspace.Map.Plots.Plot2.Structure.RoofShingle,64/36/86,Plastic
0.21,0.0,45.6,12.3,-102.3,Workspace.Map.Plots.Plot1.Structure.RoofShingle,73/42/101,Plastic,Workspace.Map.Plots.Plot1.Structure.RoofShingle,88/49/118,Plastic
0.21,0.0,45.6,12.3,-105.1,Workspace.Map.Plots.Plot1.Structure.RoofShingle,88/49/118,Plastic,Workspace.Map.Plots.Plot1.Structure.RoofShingle,64/36/86,Plastic
0.21,0.0,45.6,12.3,-107.8,Workspace.Map.Plots.Plot1.Structure.RoofShingle,64/36/86,Plastic,Workspace.Map.Plots.Plot1.Structure.RoofShingle,73/42/101,Plastic
0.21,0.0,45.6,12.3,-110.4,Workspace.Map.Plots.Plot1.Structure.RoofShingle,73/42/101,Plastic,Workspace.Map.Plots.Plot1.Structure.RoofShingle,88/49/118,Plastic
0.21,0.0,45.6,12.3,-113.2,Workspace.Map.Plots.Plot1.Structure.RoofShingle,88/49/118,Plastic,Workspace.Map.Plots.Plot1.Structure.RoofShingle,64/36/86,Plastic
0.21,0.0,26.1,15.6,-102.3,Workspace.Map.Plots.Plot1.Structure.RoofShingle,73/42/101,Plastic,Workspace.Map.Plots.Plot1.Structure.RoofShingle,88/49/118,Plastic
0.21,0.0,26.1,15.6,-105.1,Workspace.Map.Plots.Plot1.Structure.RoofShingle,88/49/118,Plastic,Workspace.Map.Plots.Plot1.Structure.RoofShingle,64/36/86,Plastic
0.21,0.0,26.1,15.6,-107.8,Workspace.Map.Plots.Plot1.Structure.RoofShingle,64/36/86,Plastic,Workspace.Map.Plots.Plot1.Structure.RoofShingle,73/42/101,Plastic
0.21,0.0,26.1,15.6,-110.4,Workspace.Map.Plots.Plot1.Structure.RoofShingle,73/42/101,Plastic,Workspace.Map.Plots.Plot1.Structure.RoofShingle,88/49/118,Plastic
0.21,0.0,26.1,15.6,-113.2,Workspace.Map.Plots.Plot1.Structure.RoofShingle,88/49/118,Plastic,Workspace.Map.Plots.Plot1.Structure.RoofShingle,64/36/86,Plastic
0.21,0.0,18.3,13.4,-102.3,Workspace.Map.Plots.Plot1.Structure.RoofShingle,64/36/86,Plastic,Workspace.Map.Plots.Plot1.Structure.RoofShingle,73/42/101,Plastic
0.21,0.0,18.3,13.4,-105.1,Workspace.Map.Plots.Plot1.Structure.RoofShingle,73/42/101,Plastic,Workspace.Map.Plots.Plot1.Structure.RoofShingle,88/49/118,Plastic
0.21,0.0,18.3,13.4,-107.8,Workspace.Map.Plots.Plot1.Structure.RoofShingle,88/49/118,Plastic,Workspace.Map.Plots.Plot1.Structure.RoofShingle,64/36/86,Plastic
0.21,0.0,18.3,13.4,-110.4,Workspace.Map.Plots.Plot1.Structure.RoofShingle,64/36/86,Plastic,Workspace.Map.Plots.Plot1.Structure.RoofShingle,73/42/101,Plastic
0.21,0.0,18.3,13.4,-113.2,Workspace.Map.Plots.Plot1.Structure.RoofShingle,73/42/101,Plastic,Workspace.Map.Plots.Plot1.Structure.RoofShingle,88/49/118,Plastic
0.21,0.0,-24.1,15.6,-102.3,Workspace.Map.Plots.Plot2.Structure.RoofShingle,73/42/101,Plastic,Workspace.Map.Plots.Plot2.Structure.RoofShingle,88/49/118,Plastic
0.21,0.0,-24.1,15.6,-105.1,Workspace.Map.Plots.Plot2.Structure.RoofShingle,88/49/118,Plastic,Workspace.Map.Plots.Plot2.Structure.RoofShingle,64/36/86,Plastic
0.21,0.0,-24.1,15.6,-107.8,Workspace.Map.Plots.Plot2.Structure.RoofShingle,64/36/86,Plastic,Workspace.Map.Plots.Plot2.Structure.RoofShingle,73/42/101,Plastic
0.21,0.0,-24.1,15.6,-110.4,Workspace.Map.Plots.Plot2.Structure.RoofShingle,73/42/101,Plastic,Workspace.Map.Plots.Plot2.Structure.RoofShingle,88/49/118,Plastic
0.21,0.0,-24.1,15.6,-113.2,Workspace.Map.Plots.Plot2.Structure.RoofShingle,88/49/118,Plastic,Workspace.Map.Plots.Plot2.Structure.RoofShingle,64/36/86,Plastic
0.21,0.0,-16.3,13.4,-102.3,Workspace.Map.Plots.Plot2.Structure.RoofShingle,64/36/86,Plastic,Workspace.Map.Plots.Plot2.Structure.RoofShingle,73/42/101,Plastic
0.21,0.0,-16.3,13.4,-105.1,Workspace.Map.Plots.Plot2.Structure.RoofShingle,73/42/101,Plastic,Workspace.Map.Plots.Plot2.Structure.RoofShingle,88/49/118,Plastic
0.21,0.0,-16.3,13.4,-107.8,Workspace.Map.Plots.Plot2.Structure.RoofShingle,88/49/118,Plastic,Workspace.Map.Plots.Plot2.Structure.RoofShingle,64/36/86,Plastic
0.21,0.0,-16.3,13.4,-110.4,Workspace.Map.Plots.Plot2.Structure.RoofShingle,64/36/86,Plastic,Workspace.Map.Plots.Plot2.Structure.RoofShingle,73/42/101,Plastic
0.21,0.0,-16.3,13.4,-113.2,Workspace.Map.Plots.Plot2.Structure.RoofShingle,73/42/101,Plastic,Workspace.Map.Plots.Plot2.Structure.RoofShingle,88/49/118,Plastic
0.21,0.0,22.2,14.5,-102.3,Workspace.Map.Plots.Plot1.Structure.RoofShingle,88/49/118,Plastic,Workspace.Map.Plots.Plot1.Structure.RoofShingle,64/36/86,Plastic
0.21,0.0,22.2,14.5,-105.1,Workspace.Map.Plots.Plot1.Structure.RoofShingle,64/36/86,Plastic,Workspace.Map.Plots.Plot1.Structure.RoofShingle,73/42/101,Plastic
0.21,0.0,22.2,14.5,-107.8,Workspace.Map.Plots.Plot1.Structure.RoofShingle,73/42/101,Plastic,Workspace.Map.Plots.Plot1.Structure.RoofShingle,88/49/118,Plastic
0.21,0.0,22.2,14.5,-110.4,Workspace.Map.Plots.Plot1.Structure.RoofShingle,88/49/118,Plastic,Workspace.Map.Plots.Plot1.Structure.RoofShingle,64/36/86,Plastic
0.21,0.0,22.2,14.5,-113.2,Workspace.Map.Plots.Plot1.Structure.RoofShingle,64/36/86,Plastic,Workspace.Map.Plots.Plot1.Structure.RoofShingle,73/42/101,Plastic
0.21,0.0,14.4,12.3,-102.3,Workspace.Map.Plots.Plot1.Structure.RoofShingle,73/42/101,Plastic,Workspace.Map.Plots.Plot1.Structure.RoofShingle,88/49/118,Plastic
0.21,0.0,14.4,12.3,-105.1,Workspace.Map.Plots.Plot1.Structure.RoofShingle,88/49/118,Plastic,Workspace.Map.Plots.Plot1.Structure.RoofShingle,64/36/86,Plastic
0.21,0.0,14.4,12.3,-107.8,Workspace.Map.Plots.Plot1.Structure.RoofShingle,64/36/86,Plastic,Workspace.Map.Plots.Plot1.Structure.RoofShingle,73/42/101,Plastic
0.21,0.0,14.4,12.3,-110.4,Workspace.Map.Plots.Plot1.Structure.RoofShingle,73/42/101,Plastic,Workspace.Map.Plots.Plot1.Structure.RoofShingle,88/49/118,Plastic
0.21,0.0,14.4,12.3,-113.2,Workspace.Map.Plots.Plot1.Structure.RoofShingle,88/49/118,Plastic,Workspace.Map.Plots.Plot1.Structure.RoofShingle,64/36/86,Plastic
0.21,0.0,-20.2,14.5,-102.3,Workspace.Map.Plots.Plot2.Structure.RoofShingle,88/49/118,Plastic,Workspace.Map.Plots.Plot2.Structure.RoofShingle,64/36/86,Plastic
0.21,0.0,-20.2,14.5,-105.1,Workspace.Map.Plots.Plot2.Structure.RoofShingle,64/36/86,Plastic,Workspace.Map.Plots.Plot2.Structure.RoofShingle,73/42/101,Plastic
0.21,0.0,-20.2,14.5,-107.8,Workspace.Map.Plots.Plot2.Structure.RoofShingle,73/42/101,Plastic,Workspace.Map.Plots.Plot2.Structure.RoofShingle,88/49/118,Plastic
0.21,0.0,-20.2,14.5,-110.4,Workspace.Map.Plots.Plot2.Structure.RoofShingle,88/49/118,Plastic,Workspace.Map.Plots.Plot2.Structure.RoofShingle,64/36/86,Plastic
0.21,0.0,-20.2,14.5,-113.2,Workspace.Map.Plots.Plot2.Structure.RoofShingle,64/36/86,Plastic,Workspace.Map.Plots.Plot2.Structure.RoofShingle,73/42/101,Plastic
0.21,0.0,-12.4,12.3,-102.3,Workspace.Map.Plots.Plot2.Structure.RoofShingle,73/42/101,Plastic,Workspace.Map.Plots.Plot2.Structure.RoofShingle,88/49/118,Plastic
0.21,0.0,-12.4,12.3,-105.1,Workspace.Map.Plots.Plot2.Structure.RoofShingle,88/49/118,Plastic,Workspace.Map.Plots.Plot2.Structure.RoofShingle,64/36/86,Plastic
0.21,0.0,-12.4,12.3,-107.8,Workspace.Map.Plots.Plot2.Structure.RoofShingle,64/36/86,Plastic,Workspace.Map.Plots.Plot2.Structure.RoofShingle,73/42/101,Plastic
0.21,0.0,-12.4,12.3,-110.4,Workspace.Map.Plots.Plot2.Structure.RoofShingle,73/42/101,Plastic,Workspace.Map.Plots.Plot2.Structure.RoofShingle,88/49/118,Plastic
0.21,0.0,-12.4,12.3,-113.2,Workspace.Map.Plots.Plot2.Structure.RoofShingle,88/49/118,Plastic,Workspace.Map.Plots.Plot2.Structure.RoofShingle,64/36/86,Plastic
0.21,0.0,-39.7,13.4,-102.3,Workspace.Map.Plots.Plot2.Structure.RoofShingle,64/36/86,Plastic,Workspace.Map.Plots.Plot2.Structure.RoofShingle,73/42/101,Plastic
0.21,0.0,-39.7,13.4,-105.1,Workspace.Map.Plots.Plot2.Structure.RoofShingle,73/42/101,Plastic,Workspace.Map.Plots.Plot2.Structure.RoofShingle,88/49/118,Plastic
0.21,0.0,-39.7,13.4,-107.8,Workspace.Map.Plots.Plot2.Structure.RoofShingle,88/49/118,Plastic,Workspace.Map.Plots.Plot2.Structure.RoofShingle,64/36/86,Plastic
0.21,0.0,-39.7,13.4,-110.4,Workspace.Map.Plots.Plot2.Structure.RoofShingle,64/36/86,Plastic,Workspace.Map.Plots.Plot2.Structure.RoofShingle,73/42/101,Plastic
0.21,0.0,-39.7,13.4,-113.2,Workspace.Map.Plots.Plot2.Structure.RoofShingle,73/42/101,Plastic,Workspace.Map.Plots.Plot2.Structure.RoofShingle,88/49/118,Plastic
0.21,0.0,84.1,15.6,-102.3,Workspace.Map.Plots.Plot3.Structure.RoofShingle,73/42/101,Plastic,Workspace.Map.Plots.Plot3.Structure.RoofShingle,88/49/118,Plastic
0.21,0.0,84.1,15.6,-105.1,Workspace.Map.Plots.Plot3.Structure.RoofShingle,88/49/118,Plastic,Workspace.Map.Plots.Plot3.Structure.RoofShingle,64/36/86,Plastic
0.21,0.0,84.1,15.6,-107.8,Workspace.Map.Plots.Plot3.Structure.RoofShingle,64/36/86,Plastic,Workspace.Map.Plots.Plot3.Structure.RoofShingle,73/42/101,Plastic
0.21,0.0,84.1,15.6,-110.4,Workspace.Map.Plots.Plot3.Structure.RoofShingle,73/42/101,Plastic,Workspace.Map.Plots.Plot3.Structure.RoofShingle,88/49/118,Plastic
0.21,0.0,84.1,15.6,-113.2,Workspace.Map.Plots.Plot3.Structure.RoofShingle,88/49/118,Plastic,Workspace.Map.Plots.Plot3.Structure.RoofShingle,64/36/86,Plastic
0.21,0.0,76.3,13.4,-102.3,Workspace.Map.Plots.Plot3.Structure.RoofShingle,64/36/86,Plastic,Workspace.Map.Plots.Plot3.Structure.RoofShingle,73/42/101,Plastic
0.21,0.0,76.3,13.4,-105.1,Workspace.Map.Plots.Plot3.Structure.RoofShingle,73/42/101,Plastic,Workspace.Map.Plots.Plot3.Structure.RoofShingle,88/49/118,Plastic
0.21,0.0,76.3,13.4,-107.8,Workspace.Map.Plots.Plot3.Structure.RoofShingle,88/49/118,Plastic,Workspace.Map.Plots.Plot3.Structure.RoofShingle,64/36/86,Plastic
0.21,0.0,76.3,13.4,-110.4,Workspace.Map.Plots.Plot3.Structure.RoofShingle,64/36/86,Plastic,Workspace.Map.Plots.Plot3.Structure.RoofShingle,73/42/101,Plastic
0.21,0.0,76.3,13.4,-113.2,Workspace.Map.Plots.Plot3.Structure.RoofShingle,73/42/101,Plastic,Workspace.Map.Plots.Plot3.Structure.RoofShingle,88/49/118,Plastic
0.21,0.0,-89.9,15.6,-102.3,Workspace.Map.Plots.Plot4.Structure.RoofShingle,73/42/101,Plastic,Workspace.Map.Plots.Plot4.Structure.RoofShingle,88/49/118,Plastic
0.21,0.0,-89.9,15.6,-105.1,Workspace.Map.Plots.Plot4.Structure.RoofShingle,88/49/118,Plastic,Workspace.Map.Plots.Plot4.Structure.RoofShingle,64/36/86,Plastic
0.21,0.0,-89.9,15.6,-107.8,Workspace.Map.Plots.Plot4.Structure.RoofShingle,64/36/86,Plastic,Workspace.Map.Plots.Plot4.Structure.RoofShingle,73/42/101,Plastic
0.21,0.0,-89.9,15.6,-110.4,Workspace.Map.Plots.Plot4.Structure.RoofShingle,73/42/101,Plastic,Workspace.Map.Plots.Plot4.Structure.RoofShingle,88/49/118,Plastic
0.21,0.0,-89.9,15.6,-113.2,Workspace.Map.Plots.Plot4.Structure.RoofShingle,88/49/118,Plastic,Workspace.Map.Plots.Plot4.Structure.RoofShingle,64/36/86,Plastic
0.21,0.0,-97.7,13.4,-102.3,Workspace.Map.Plots.Plot4.Structure.RoofShingle,64/36/86,Plastic,Workspace.Map.Plots.Plot4.Structure.RoofShingle,73/42/101,Plastic
0.21,0.0,-97.7,13.4,-105.1,Workspace.Map.Plots.Plot4.Structure.RoofShingle,73/42/101,Plastic,Workspace.Map.Plots.Plot4.Structure.RoofShingle,88/49/118,Plastic
0.21,0.0,-97.7,13.4,-107.8,Workspace.Map.Plots.Plot4.Structure.RoofShingle,88/49/118,Plastic,Workspace.Map.Plots.Plot4.Structure.RoofShingle,64/36/86,Plastic
0.21,0.0,-97.7,13.4,-110.4,Workspace.Map.Plots.Plot4.Structure.RoofShingle,64/36/86,Plastic,Workspace.Map.Plots.Plot4.Structure.RoofShingle,73/42/101,Plastic
0.21,0.0,-97.7,13.4,-113.2,Workspace.Map.Plots.Plot4.Structure.RoofShingle,73/42/101,Plastic,Workspace.Map.Plots.Plot4.Structure.RoofShingle,88/49/118,Plastic
0.21,0.0,41.7,13.4,-102.3,Workspace.Map.Plots.Plot1.Structure.RoofShingle,64/36/86,Plastic,Workspace.Map.Plots.Plot1.Structure.RoofShingle,73/42/101,Plastic
0.21,0.0,41.7,13.4,-105.1,Workspace.Map.Plots.Plot1.Structure.RoofShingle,73/42/101,Plastic,Workspace.Map.Plots.Plot1.Structure.RoofShingle,88/49/118,Plastic
0.21,0.0,41.7,13.4,-107.8,Workspace.Map.Plots.Plot1.Structure.RoofShingle,88/49/118,Plastic,Workspace.Map.Plots.Plot1.Structure.RoofShingle,64/36/86,Plastic
0.21,0.0,41.7,13.4,-110.4,Workspace.Map.Plots.Plot1.Structure.RoofShingle,64/36/86,Plastic,Workspace.Map.Plots.Plot1.Structure.RoofShingle,73/42/101,Plastic
0.21,0.0,41.7,13.4,-113.2,Workspace.Map.Plots.Plot1.Structure.RoofShingle,73/42/101,Plastic,Workspace.Map.Plots.Plot1.Structure.RoofShingle,88/49/118,Plastic
0.21,0.0,91.9,15.6,-102.3,Workspace.Map.Plots.Plot3.Structure.RoofShingle,73/42/101,Plastic,Workspace.Map.Plots.Plot3.Structure.RoofShingle,88/49/118,Plastic
0.21,0.0,91.9,15.6,-105.1,Workspace.Map.Plots.Plot3.Structure.RoofShingle,88/49/118,Plastic,Workspace.Map.Plots.Plot3.Structure.RoofShingle,64/36/86,Plastic
0.21,0.0,91.9,15.6,-107.8,Workspace.Map.Plots.Plot3.Structure.RoofShingle,64/36/86,Plastic,Workspace.Map.Plots.Plot3.Structure.RoofShingle,73/42/101,Plastic
0.21,0.0,91.9,15.6,-110.4,Workspace.Map.Plots.Plot3.Structure.RoofShingle,73/42/101,Plastic,Workspace.Map.Plots.Plot3.Structure.RoofShingle,88/49/118,Plastic
0.21,0.0,91.9,15.6,-113.2,Workspace.Map.Plots.Plot3.Structure.RoofShingle,88/49/118,Plastic,Workspace.Map.Plots.Plot3.Structure.RoofShingle,64/36/86,Plastic
0.21,0.0,99.7,13.4,-102.3,Workspace.Map.Plots.Plot3.Structure.RoofShingle,64/36/86,Plastic,Workspace.Map.Plots.Plot3.Structure.RoofShingle,73/42/101,Plastic
0.21,0.0,99.7,13.4,-105.1,Workspace.Map.Plots.Plot3.Structure.RoofShingle,73/42/101,Plastic,Workspace.Map.Plots.Plot3.Structure.RoofShingle,88/49/118,Plastic
0.21,0.0,99.7,13.4,-107.8,Workspace.Map.Plots.Plot3.Structure.RoofShingle,88/49/118,Plastic,Workspace.Map.Plots.Plot3.Structure.RoofShingle,64/36/86,Plastic
0.21,0.0,99.7,13.4,-110.4,Workspace.Map.Plots.Plot3.Structure.RoofShingle,64/36/86,Plastic,Workspace.Map.Plots.Plot3.Structure.RoofShingle,73/42/101,Plastic
0.21,0.0,99.7,13.4,-113.2,Workspace.Map.Plots.Plot3.Structure.RoofShingle,73/42/101,Plastic,Workspace.Map.Plots.Plot3.Structure.RoofShingle,88/49/118,Plastic
0.21,0.0,-82.1,15.6,-102.3,Workspace.Map.Plots.Plot4.Structure.RoofShingle,73/42/101,Plastic,Workspace.Map.Plots.Plot4.Structure.RoofShingle,88/49/118,Plastic
0.21,0.0,-82.1,15.6,-105.1,Workspace.Map.Plots.Plot4.Structure.RoofShingle,88/49/118,Plastic,Workspace.Map.Plots.Plot4.Structure.RoofShingle,64/36/86,Plastic
0.21,0.0,-82.1,15.6,-107.8,Workspace.Map.Plots.Plot4.Structure.RoofShingle,64/36/86,Plastic,Workspace.Map.Plots.Plot4.Structure.RoofShingle,73/42/101,Plastic
0.21,0.0,-82.1,15.6,-110.4,Workspace.Map.Plots.Plot4.Structure.RoofShingle,73/42/101,Plastic,Workspace.Map.Plots.Plot4.Structure.RoofShingle,88/49/118,Plastic
0.21,0.0,-82.1,15.6,-113.2,Workspace.Map.Plots.Plot4.Structure.RoofShingle,88/49/118,Plastic,Workspace.Map.Plots.Plot4.Structure.RoofShingle,64/36/86,Plastic
0.21,0.0,-74.3,13.4,-102.3,Workspace.Map.Plots.Plot4.Structure.RoofShingle,64/36/86,Plastic,Workspace.Map.Plots.Plot4.Structure.RoofShingle,73/42/101,Plastic
0.21,0.0,-74.3,13.4,-105.1,Workspace.Map.Plots.Plot4.Structure.RoofShingle,73/42/101,Plastic,Workspace.Map.Plots.Plot4.Structure.RoofShingle,88/49/118,Plastic
0.21,0.0,-74.3,13.4,-107.8,Workspace.Map.Plots.Plot4.Structure.RoofShingle,88/49/118,Plastic,Workspace.Map.Plots.Plot4.Structure.RoofShingle,64/36/86,Plastic
0.21,0.0,-74.3,13.4,-110.4,Workspace.Map.Plots.Plot4.Structure.RoofShingle,64/36/86,Plastic,Workspace.Map.Plots.Plot4.Structure.RoofShingle,73/42/101,Plastic
0.21,0.0,-74.3,13.4,-113.2,Workspace.Map.Plots.Plot4.Structure.RoofShingle,73/42/101,Plastic,Workspace.Map.Plots.Plot4.Structure.RoofShingle,88/49/118,Plastic
0.21,0.0,37.8,14.5,-102.3,Workspace.Map.Plots.Plot1.Structure.RoofShingle,88/49/118,Plastic,Workspace.Map.Plots.Plot1.Structure.RoofShingle,64/36/86,Plastic
0.21,0.0,37.8,14.5,-105.1,Workspace.Map.Plots.Plot1.Structure.RoofShingle,64/36/86,Plastic,Workspace.Map.Plots.Plot1.Structure.RoofShingle,73/42/101,Plastic
0.21,0.0,37.8,14.5,-107.8,Workspace.Map.Plots.Plot1.Structure.RoofShingle,73/42/101,Plastic,Workspace.Map.Plots.Plot1.Structure.RoofShingle,88/49/118,Plastic
0.21,0.0,37.8,14.5,-110.4,Workspace.Map.Plots.Plot1.Structure.RoofShingle,88/49/118,Plastic,Workspace.Map.Plots.Plot1.Structure.RoofShingle,64/36/86,Plastic
0.21,0.0,37.8,14.5,-113.2,Workspace.Map.Plots.Plot1.Structure.RoofShingle,64/36/86,Plastic,Workspace.Map.Plots.Plot1.Structure.RoofShingle,73/42/101,Plastic
0.21,0.0,-35.8,14.5,-102.3,Workspace.Map.Plots.Plot2.Structure.RoofShingle,88/49/118,Plastic,Workspace.Map.Plots.Plot2.Structure.RoofShingle,64/36/86,Plastic
0.21,0.0,-35.8,14.5,-105.1,Workspace.Map.Plots.Plot2.Structure.RoofShingle,64/36/86,Plastic,Workspace.Map.Plots.Plot2.Structure.RoofShingle,73/42/101,Plastic
0.21,0.0,-35.8,14.5,-107.8,Workspace.Map.Plots.Plot2.Structure.RoofShingle,73/42/101,Plastic,Workspace.Map.Plots.Plot2.Structure.RoofShingle,88/49/118,Plastic
0.21,0.0,-35.8,14.5,-110.4,Workspace.Map.Plots.Plot2.Structure.RoofShingle,88/49/118,Plastic,Workspace.Map.Plots.Plot2.Structure.RoofShingle,64/36/86,Plastic
0.21,0.0,-35.8,14.5,-113.2,Workspace.Map.Plots.Plot2.Structure.RoofShingle,64/36/86,Plastic,Workspace.Map.Plots.Plot2.Structure.RoofShingle,73/42/101,Plastic
0.21,0.0,95.8,14.5,-102.3,Workspace.Map.Plots.Plot3.Structure.RoofShingle,88/49/118,Plastic,Workspace.Map.Plots.Plot3.Structure.RoofShingle,64/36/86,Plastic
0.21,0.0,95.8,14.5,-105.1,Workspace.Map.Plots.Plot3.Structure.RoofShingle,64/36/86,Plastic,Workspace.Map.Plots.Plot3.Structure.RoofShingle,73/42/101,Plastic
0.21,0.0,95.8,14.5,-107.8,Workspace.Map.Plots.Plot3.Structure.RoofShingle,73/42/101,Plastic,Workspace.Map.Plots.Plot3.Structure.RoofShingle,88/49/118,Plastic
0.21,0.0,95.8,14.5,-110.4,Workspace.Map.Plots.Plot3.Structure.RoofShingle,88/49/118,Plastic,Workspace.Map.Plots.Plot3.Structure.RoofShingle,64/36/86,Plastic
0.21,0.0,95.8,14.5,-113.2,Workspace.Map.Plots.Plot3.Structure.RoofShingle,64/36/86,Plastic,Workspace.Map.Plots.Plot3.Structure.RoofShingle,73/42/101,Plastic
0.21,0.0,103.6,12.3,-102.3,Workspace.Map.Plots.Plot3.Structure.RoofShingle,73/42/101,Plastic,Workspace.Map.Plots.Plot3.Structure.RoofShingle,88/49/118,Plastic
0.21,0.0,103.6,12.3,-105.1,Workspace.Map.Plots.Plot3.Structure.RoofShingle,88/49/118,Plastic,Workspace.Map.Plots.Plot3.Structure.RoofShingle,64/36/86,Plastic
0.21,0.0,103.6,12.3,-107.8,Workspace.Map.Plots.Plot3.Structure.RoofShingle,64/36/86,Plastic,Workspace.Map.Plots.Plot3.Structure.RoofShingle,73/42/101,Plastic
0.21,0.0,103.6,12.3,-110.4,Workspace.Map.Plots.Plot3.Structure.RoofShingle,73/42/101,Plastic,Workspace.Map.Plots.Plot3.Structure.RoofShingle,88/49/118,Plastic
0.21,0.0,103.6,12.3,-113.2,Workspace.Map.Plots.Plot3.Structure.RoofShingle,88/49/118,Plastic,Workspace.Map.Plots.Plot3.Structure.RoofShingle,64/36/86,Plastic
0.21,0.0,80.2,14.5,-102.3,Workspace.Map.Plots.Plot3.Structure.RoofShingle,88/49/118,Plastic,Workspace.Map.Plots.Plot3.Structure.RoofShingle,64/36/86,Plastic
0.21,0.0,80.2,14.5,-105.1,Workspace.Map.Plots.Plot3.Structure.RoofShingle,64/36/86,Plastic,Workspace.Map.Plots.Plot3.Structure.RoofShingle,73/42/101,Plastic
0.21,0.0,80.2,14.5,-107.8,Workspace.Map.Plots.Plot3.Structure.RoofShingle,73/42/101,Plastic,Workspace.Map.Plots.Plot3.Structure.RoofShingle,88/49/118,Plastic
0.21,0.0,80.2,14.5,-110.4,Workspace.Map.Plots.Plot3.Structure.RoofShingle,88/49/118,Plastic,Workspace.Map.Plots.Plot3.Structure.RoofShingle,64/36/86,Plastic
0.21,0.0,80.2,14.5,-113.2,Workspace.Map.Plots.Plot3.Structure.RoofShingle,64/36/86,Plastic,Workspace.Map.Plots.Plot3.Structure.RoofShingle,73/42/101,Plastic
0.21,0.0,72.4,12.3,-102.3,Workspace.Map.Plots.Plot3.Structure.RoofShingle,73/42/101,Plastic,Workspace.Map.Plots.Plot3.Structure.RoofShingle,88/49/118,Plastic
0.21,0.0,72.4,12.3,-105.1,Workspace.Map.Plots.Plot3.Structure.RoofShingle,88/49/118,Plastic,Workspace.Map.Plots.Plot3.Structure.RoofShingle,64/36/86,Plastic
0.21,0.0,72.4,12.3,-107.8,Workspace.Map.Plots.Plot3.Structure.RoofShingle,64/36/86,Plastic,Workspace.Map.Plots.Plot3.Structure.RoofShingle,73/42/101,Plastic
0.21,0.0,72.4,12.3,-110.4,Workspace.Map.Plots.Plot3.Structure.RoofShingle,73/42/101,Plastic,Workspace.Map.Plots.Plot3.Structure.RoofShingle,88/49/118,Plastic
0.21,0.0,72.4,12.3,-113.2,Workspace.Map.Plots.Plot3.Structure.RoofShingle,88/49/118,Plastic,Workspace.Map.Plots.Plot3.Structure.RoofShingle,64/36/86,Plastic
0.21,0.0,-78.2,14.5,-102.3,Workspace.Map.Plots.Plot4.Structure.RoofShingle,88/49/118,Plastic,Workspace.Map.Plots.Plot4.Structure.RoofShingle,64/36/86,Plastic
0.21,0.0,-78.2,14.5,-105.1,Workspace.Map.Plots.Plot4.Structure.RoofShingle,64/36/86,Plastic,Workspace.Map.Plots.Plot4.Structure.RoofShingle,73/42/101,Plastic
0.21,0.0,-78.2,14.5,-107.8,Workspace.Map.Plots.Plot4.Structure.RoofShingle,73/42/101,Plastic,Workspace.Map.Plots.Plot4.Structure.RoofShingle,88/49/118,Plastic
0.21,0.0,-78.2,14.5,-110.4,Workspace.Map.Plots.Plot4.Structure.RoofShingle,88/49/118,Plastic,Workspace.Map.Plots.Plot4.Structure.RoofShingle,64/36/86,Plastic
0.21,0.0,-78.2,14.5,-113.2,Workspace.Map.Plots.Plot4.Structure.RoofShingle,64/36/86,Plastic,Workspace.Map.Plots.Plot4.Structure.RoofShingle,73/42/101,Plastic
0.21,0.0,-70.4,12.3,-102.3,Workspace.Map.Plots.Plot4.Structure.RoofShingle,73/42/101,Plastic,Workspace.Map.Plots.Plot4.Structure.RoofShingle,88/49/118,Plastic
0.21,0.0,-70.4,12.3,-105.1,Workspace.Map.Plots.Plot4.Structure.RoofShingle,88/49/118,Plastic,Workspace.Map.Plots.Plot4.Structure.RoofShingle,64/36/86,Plastic
0.21,0.0,-70.4,12.3,-107.8,Workspace.Map.Plots.Plot4.Structure.RoofShingle,64/36/86,Plastic,Workspace.Map.Plots.Plot4.Structure.RoofShingle,73/42/101,Plastic
0.21,0.0,-70.4,12.3,-110.4,Workspace.Map.Plots.Plot4.Structure.RoofShingle,73/42/101,Plastic,Workspace.Map.Plots.Plot4.Structure.RoofShingle,88/49/118,Plastic
0.21,0.0,-70.4,12.3,-113.2,Workspace.Map.Plots.Plot4.Structure.RoofShingle,88/49/118,Plastic,Workspace.Map.Plots.Plot4.Structure.RoofShingle,64/36/86,Plastic
0.21,0.0,-93.8,14.5,-102.3,Workspace.Map.Plots.Plot4.Structure.RoofShingle,88/49/118,Plastic,Workspace.Map.Plots.Plot4.Structure.RoofShingle,64/36/86,Plastic
0.21,0.0,-93.8,14.5,-105.1,Workspace.Map.Plots.Plot4.Structure.RoofShingle,64/36/86,Plastic,Workspace.Map.Plots.Plot4.Structure.RoofShingle,73/42/101,Plastic
0.21,0.0,-93.8,14.5,-107.8,Workspace.Map.Plots.Plot4.Structure.RoofShingle,73/42/101,Plastic,Workspace.Map.Plots.Plot4.Structure.RoofShingle,88/49/118,Plastic
0.21,0.0,-93.8,14.5,-110.4,Workspace.Map.Plots.Plot4.Structure.RoofShingle,88/49/118,Plastic,Workspace.Map.Plots.Plot4.Structure.RoofShingle,64/36/86,Plastic
0.21,0.0,-93.8,14.5,-113.2,Workspace.Map.Plots.Plot4.Structure.RoofShingle,64/36/86,Plastic,Workspace.Map.Plots.Plot4.Structure.RoofShingle,73/42/101,Plastic
0.21,0.0,-101.6,12.3,-102.3,Workspace.Map.Plots.Plot4.Structure.RoofShingle,73/42/101,Plastic,Workspace.Map.Plots.Plot4.Structure.RoofShingle,88/49/118,Plastic
0.21,0.0,-101.6,12.3,-105.1,Workspace.Map.Plots.Plot4.Structure.RoofShingle,88/49/118,Plastic,Workspace.Map.Plots.Plot4.Structure.RoofShingle,64/36/86,Plastic
0.21,0.0,-101.6,12.3,-107.8,Workspace.Map.Plots.Plot4.Structure.RoofShingle,64/36/86,Plastic,Workspace.Map.Plots.Plot4.Structure.RoofShingle,73/42/101,Plastic
0.21,0.0,-101.6,12.3,-110.4,Workspace.Map.Plots.Plot4.Structure.RoofShingle,73/42/101,Plastic,Workspace.Map.Plots.Plot4.Structure.RoofShingle,88/49/118,Plastic
0.21,0.0,-101.6,12.3,-113.2,Workspace.Map.Plots.Plot4.Structure.RoofShingle,88/49/118,Plastic,Workspace.Map.Plots.Plot4.Structure.RoofShingle,64/36/86,Plastic
0.21,0.0,149.9,15.6,-102.3,Workspace.Map.Plots.Plot5.Structure.RoofShingle,73/42/101,Plastic,Workspace.Map.Plots.Plot5.Structure.RoofShingle,88/49/118,Plastic
0.21,0.0,149.9,15.6,-105.1,Workspace.Map.Plots.Plot5.Structure.RoofShingle,88/49/118,Plastic,Workspace.Map.Plots.Plot5.Structure.RoofShingle,64/36/86,Plastic
0.21,0.0,149.9,15.6,-107.8,Workspace.Map.Plots.Plot5.Structure.RoofShingle,64/36/86,Plastic,Workspace.Map.Plots.Plot5.Structure.RoofShingle,73/42/101,Plastic
0.21,0.0,149.9,15.6,-110.4,Workspace.Map.Plots.Plot5.Structure.RoofShingle,73/42/101,Plastic,Workspace.Map.Plots.Plot5.Structure.RoofShingle,88/49/118,Plastic
0.21,0.0,149.9,15.6,-113.2,Workspace.Map.Plots.Plot5.Structure.RoofShingle,88/49/118,Plastic,Workspace.Map.Plots.Plot5.Structure.RoofShingle,64/36/86,Plastic
0.21,0.0,142.1,15.6,-102.3,Workspace.Map.Plots.Plot5.Structure.RoofShingle,73/42/101,Plastic,Workspace.Map.Plots.Plot5.Structure.RoofShingle,88/49/118,Plastic
0.21,0.0,142.1,15.6,-105.1,Workspace.Map.Plots.Plot5.Structure.RoofShingle,88/49/118,Plastic,Workspace.Map.Plots.Plot5.Structure.RoofShingle,64/36/86,Plastic
0.21,0.0,142.1,15.6,-107.8,Workspace.Map.Plots.Plot5.Structure.RoofShingle,64/36/86,Plastic,Workspace.Map.Plots.Plot5.Structure.RoofShingle,73/42/101,Plastic
0.21,0.0,142.1,15.6,-110.4,Workspace.Map.Plots.Plot5.Structure.RoofShingle,73/42/101,Plastic,Workspace.Map.Plots.Plot5.Structure.RoofShingle,88/49/118,Plastic
0.21,0.0,142.1,15.6,-113.2,Workspace.Map.Plots.Plot5.Structure.RoofShingle,88/49/118,Plastic,Workspace.Map.Plots.Plot5.Structure.RoofShingle,64/36/86,Plastic
0.21,0.0,130.4,12.3,-102.3,Workspace.Map.Plots.Plot5.Structure.RoofShingle,73/42/101,Plastic,Workspace.Map.Plots.Plot5.Structure.RoofShingle,88/49/118,Plastic
0.21,0.0,130.4,12.3,-105.1,Workspace.Map.Plots.Plot5.Structure.RoofShingle,88/49/118,Plastic,Workspace.Map.Plots.Plot5.Structure.RoofShingle,64/36/86,Plastic
0.21,0.0,130.4,12.3,-107.8,Workspace.Map.Plots.Plot5.Structure.RoofShingle,64/36/86,Plastic,Workspace.Map.Plots.Plot5.Structure.RoofShingle,73/42/101,Plastic
0.21,0.0,130.4,12.3,-110.4,Workspace.Map.Plots.Plot5.Structure.RoofShingle,73/42/101,Plastic,Workspace.Map.Plots.Plot5.Structure.RoofShingle,88/49/118,Plastic
0.21,0.0,130.4,12.3,-113.2,Workspace.Map.Plots.Plot5.Structure.RoofShingle,88/49/118,Plastic,Workspace.Map.Plots.Plot5.Structure.RoofShingle,64/36/86,Plastic
0.21,0.0,161.6,12.3,-102.3,Workspace.Map.Plots.Plot5.Structure.RoofShingle,73/42/101,Plastic,Workspace.Map.Plots.Plot5.Structure.RoofShingle,88/49/118,Plastic
0.21,0.0,161.6,12.3,-105.1,Workspace.Map.Plots.Plot5.Structure.RoofShingle,88/49/118,Plastic,Workspace.Map.Plots.Plot5.Structure.RoofShingle,64/36/86,Plastic
0.21,0.0,161.6,12.3,-107.8,Workspace.Map.Plots.Plot5.Structure.RoofShingle,64/36/86,Plastic,Workspace.Map.Plots.Plot5.Structure.RoofShingle,73/42/101,Plastic
0.21,0.0,161.6,12.3,-110.4,Workspace.Map.Plots.Plot5.Structure.RoofShingle,73/42/101,Plastic,Workspace.Map.Plots.Plot5.Structure.RoofShingle,88/49/118,Plastic
0.21,0.0,161.6,12.3,-113.2,Workspace.Map.Plots.Plot5.Structure.RoofShingle,88/49/118,Plastic,Workspace.Map.Plots.Plot5.Structure.RoofShingle,64/36/86,Plastic
0.2,0.039,99.3,601.5,3000.3,Workspace._ArtPreview.PetsLanternMoth.LeftWing.LowerWing,215/140/60,SmoothPlastic,Workspace._ArtPreview.PetsLanternMoth.LeftWing.WingSpot,150/90/40,SmoothPlastic
0.2,0.039,96.7,601.5,3000.3,Workspace._ArtPreview.PetsLanternMoth.RightWing.LowerWing,215/140/60,SmoothPlastic,Workspace._ArtPreview.PetsLanternMoth.RightWing.WingSpot,150/90/40,SmoothPlastic
0.2,0.025,-113.4,17.8,-35.9,Workspace.Map.Hub.SpeedShop.MainSign.SignGlow,190/90/255,Neon,Workspace.Map.Hub.SpeedShop.Bunting.PennantTop,255/120/20,SmoothPlastic
0.19,0.045,192.0,6.1,-37.7,Workspace.Map.Hub.CostumeShop.Mannequins.Witch.Art.CostumeArt.LowerTorso,20/16/24,SmoothPlastic,Workspace.Map.Hub.CostumeShop.Mannequins.Witch.Art.CostumeArt.LowerTorso,255/196/60,Metal
0.19,0.04,213.7,8.6,-16.2,Workspace.Map.Hub.CostumeShop.Mannequins.Devil.Art.CostumeArt.RightLowerArm,205/30/30,SmoothPlastic,Workspace.Map.Hub.CostumeShop.Mannequins.Devil.Art.CostumeArt.RightLowerArm,255/196/60,Metal
0.19,0.04,213.8,8.6,-13.2,Workspace.Map.Hub.CostumeShop.Mannequins.Devil.Art.CostumeArt.LeftLowerArm,205/30/30,SmoothPlastic,Workspace.Map.Hub.CostumeShop.Mannequins.Devil.Art.CostumeArt.LeftLowerArm,255/196/60,Metal
0.18,0.02,214.3,10.9,-16.1,Workspace.Map.Hub.CostumeShop.Mannequins.Devil.Art.CostumeArt.UpperTorso,140/15/20,SmoothPlastic,Workspace.Map.Hub.CostumeShop.Mannequins.Devil.Art.CostumeArt.UpperTorso,20/16/24,SmoothPlastic
0.18,0.02,214.4,10.9,-13.4,Workspace.Map.Hub.CostumeShop.Mannequins.Devil.Art.CostumeArt.UpperTorso,140/15/20,SmoothPlastic,Workspace.Map.Hub.CostumeShop.Mannequins.Devil.Art.CostumeArt.UpperTorso,20/16/24,SmoothPlastic
0.18,0.025,194.5,5.4,-26.6,Workspace.Map.Hub.CostumeShop.Mannequins.Vampire.Art.CostumeArt.LeftHand,225/220/232,SmoothPlastic,Workspace.Map.Hub.CostumeShop.Mannequins.Vampire.Art.CostumeArt.UpperTorso,170/10/30,SmoothPlastic
0.18,0.04,212.6,8.0,-39.2,Workspace.Map.Hub.CostumeShop.Mannequins.Mummy.Art.CostumeArt.RightUpperLeg,244/238/218,SmoothPlastic,Workspace.Map.Hub.CostumeShop.Mannequins.Mummy.Art.CostumeArt.RightUpperLeg,212/198/164,SmoothPlastic
0.18,0.046,194.5,6.5,-26.5,Workspace.Map.Hub.CostumeShop.Mannequins.Vampire.Art.CostumeArt.LeftLowerArm,28/22/34,SmoothPlastic,ServerStorage.ArtBackups.CostumeShopArt_BeforeSkins.Vampire.RightCollar,38/22/50,SmoothPlastic
0.18,0.04,212.6,6.8,-39.2,Workspace.Map.Hub.CostumeShop.Mannequins.Mummy.Art.CostumeArt.RightLowerLeg,244/238/218,SmoothPlastic,Workspace.Map.Hub.CostumeShop.Mannequins.Mummy.Art.CostumeArt.RightLowerLeg,212/198/164,SmoothPlastic
0.18,0.04,212.7,6.8,-38.2,Workspace.Map.Hub.CostumeShop.Mannequins.Mummy.Art.CostumeArt.LeftLowerLeg,244/238/218,SmoothPlastic,Workspace.Map.Hub.CostumeShop.Mannequins.Mummy.Art.CostumeArt.LeftLowerLeg,212/198/164,SmoothPlastic
0.17,0.04,212.7,7.3,-38.2,Workspace.Map.Hub.CostumeShop.Mannequins.Mummy.Art.CostumeArt.LeftLowerLeg,244/238/218,SmoothPlastic,Workspace.Map.Hub.CostumeShop.Mannequins.Mummy.Art.CostumeArt.LeftLowerLeg,212/198/164,SmoothPlastic
0.17,0.04,211.2,9.3,-64.5,Workspace.Map.Hub.CostumeShop.Mannequins.Werewolf.Art.CostumeArt.RightLowerArm,110/78/55,SmoothPlastic,Workspace.Map.Hub.CostumeShop.Mannequins.Werewolf.Art.CostumeArt.RightLowerArm,180/40/40,SmoothPlastic
0.17,0.04,212.6,10.0,-40.2,Workspace.Map.Hub.CostumeShop.Mannequins.Mummy.Art.CostumeArt.RightUpperArm,244/238/218,SmoothPlastic,Workspace.Map.Hub.CostumeShop.Mannequins.Mummy.Art.CostumeArt.RightUpperArm,212/198/164,SmoothPlastic
0.17,0.04,212.7,10.0,-37.2,Workspace.Map.Hub.CostumeShop.Mannequins.Mummy.Art.CostumeArt.LeftUpperArm,244/238/218,SmoothPlastic,Workspace.Map.Hub.CostumeShop.Mannequins.Mummy.Art.CostumeArt.LeftUpperArm,212/198/164,SmoothPlastic
0.17,0.04,212.7,10.5,-37.2,Workspace.Map.Hub.CostumeShop.Mannequins.Mummy.Art.CostumeArt.LeftUpperArm,244/238/218,SmoothPlastic,Workspace.Map.Hub.CostumeShop.Mannequins.Mummy.Art.CostumeArt.LeftUpperArm,212/198/164,SmoothPlastic
0.17,0.04,212.6,10.5,-40.2,Workspace.Map.Hub.CostumeShop.Mannequins.Mummy.Art.CostumeArt.RightUpperArm,244/238/218,SmoothPlastic,Workspace.Map.Hub.CostumeShop.Mannequins.Mummy.Art.CostumeArt.RightUpperArm,212/198/164,SmoothPlastic
0.17,0.005,194.5,4.6,-27.3,Workspace.Map.Hub.CostumeShop.Mannequins.Vampire.Art.CostumeArt.LeftUpperLeg,28/22/34,SmoothPlastic,Workspace.Map.Hub.CostumeShop.Mannequins.Vampire.Art.CostumeArt.UpperTorso,170/10/30,SmoothPlastic
0.17,0.005,194.4,4.6,-28.3,Workspace.Map.Hub.CostumeShop.Mannequins.Vampire.Art.CostumeArt.RightUpperLeg,28/22/34,SmoothPlastic,Workspace.Map.Hub.CostumeShop.Mannequins.Vampire.Art.CostumeArt.UpperTorso,170/10/30,SmoothPlastic
0.17,0.001,193.4,6.4,-27.8,Workspace.Map.Hub.CostumeShop.Mannequins.Vampire.Art.CostumeArt.UpperTorso,28/22/34,SmoothPlastic,ServerStorage.ArtBackups.CostumeShopArt_BeforeSkins.Vampire.Clasp,255/196/60,Metal
0.17,0.013,100.2,603.6,2999.8,Workspace._ArtPreview.PetsLanternMoth.LeftWing.UpperWing,215/140/60,SmoothPlastic,Workspace._ArtPreview.PetsLanternMoth.LeftWing.WingEdge,150/90/40,SmoothPlastic
0.17,0.013,95.8,603.6,2999.8,Workspace._ArtPreview.PetsLanternMoth.RightWing.UpperWing,215/140/60,SmoothPlastic,Workspace._ArtPreview.PetsLanternMoth.RightWing.WingEdge,150/90/40,SmoothPlastic
0.17,0.04,193.9,5.5,-29.3,Workspace.Map.Hub.CostumeShop.Mannequins.Vampire.Art.CostumeArt.RightHand,225/220/232,SmoothPlastic,Workspace.Map.Hub.CostumeShop.Mannequins.Vampire.Art.CostumeArt.RightLowerArm,255/255/255,SmoothPlastic
0.16,0.04,193.9,5.6,-29.3,Workspace.Map.Hub.CostumeShop.Mannequins.Vampire.Art.CostumeArt.RightLowerArm,28/22/34,SmoothPlastic,Workspace.Map.Hub.CostumeShop.Mannequins.Vampire.Art.CostumeArt.RightLowerArm,255/255/255,SmoothPlastic
0.16,0.04,212.6,8.9,-40.2,Workspace.Map.Hub.CostumeShop.Mannequins.Mummy.Art.CostumeArt.RightLowerArm,244/238/218,SmoothPlastic,Workspace.Map.Hub.CostumeShop.Mannequins.Mummy.Art.CostumeArt.RightLowerArm,212/198/164,SmoothPlastic
0.16,0.04,212.7,8.9,-37.2,Workspace.Map.Hub.CostumeShop.Mannequins.Mummy.Art.CostumeArt.LeftLowerArm,244/238/218,SmoothPlastic,Workspace.Map.Hub.CostumeShop.Mannequins.Mummy.Art.CostumeArt.LeftLowerArm,212/198/164,SmoothPlastic
0.15,0.013,99.7,601.6,3000.1,Workspace._ArtPreview.PetsLanternMoth.LeftWing.LowerWing,215/140/60,SmoothPlastic,Workspace._ArtPreview.PetsLanternMoth.LeftWing.WingEdge,150/90/40,SmoothPlastic
0.15,0.013,96.3,601.6,3000.1,Workspace._ArtPreview.PetsLanternMoth.RightWing.LowerWing,215/140/60,SmoothPlastic,Workspace._ArtPreview.PetsLanternMoth.RightWing.WingEdge,150/90/40,SmoothPlastic
0.15,0.05,-113.3,18.2,-23.3,Workspace.Map.Hub.SpeedShop.Bunting.PennantTop,120/40/170,Fabric,Workspace.Map.Hub.SpeedShop.Bunting.BuntingCord,30/20/20,Plastic
0.15,0.05,-113.3,18.2,-27.1,Workspace.Map.Hub.SpeedShop.Bunting.PennantTop,120/40/170,Fabric,Workspace.Map.Hub.SpeedShop.Bunting.BuntingCord,30/20/20,Plastic
0.15,0.05,-113.3,18.2,-29.0,Workspace.Map.Hub.SpeedShop.Bunting.PennantTop,255/120/20,SmoothPlastic,Workspace.Map.Hub.SpeedShop.Bunting.BuntingCord,30/20/20,Plastic
0.15,0.05,-113.3,18.2,-25.2,Workspace.Map.Hub.SpeedShop.Bunting.PennantTop,255/120/20,SmoothPlastic,Workspace.Map.Hub.SpeedShop.Bunting.BuntingCord,30/20/20,Plastic
0.15,0.05,-113.3,18.2,-21.4,Workspace.Map.Hub.SpeedShop.Bunting.PennantTop,255/120/20,SmoothPlastic,Workspace.Map.Hub.SpeedShop.Bunting.BuntingCord,30/20/20,Plastic
0.14,0.005,194.5,4.6,-27.3,Workspace.Map.Hub.CostumeShop.Mannequins.Vampire.Art.CostumeArt.LeftLowerLeg,28/22/34,SmoothPlastic,Workspace.Map.Hub.CostumeShop.Mannequins.Vampire.Art.CostumeArt.UpperTorso,170/10/30,SmoothPlastic
0.14,0.005,194.4,4.6,-28.3,Workspace.Map.Hub.CostumeShop.Mannequins.Vampire.Art.CostumeArt.RightLowerLeg,28/22/34,SmoothPlastic,Workspace.Map.Hub.CostumeShop.Mannequins.Vampire.Art.CostumeArt.UpperTorso,170/10/30,SmoothPlastic
0.14,0.04,191.8,6.0,-55.7,Workspace.Map.Hub.CostumeShop.Mannequins.Ghost.Art.CostumeArt.LeftLowerArm,245/245/252,SmoothPlastic,Workspace.Map.Hub.CostumeShop.Mannequins.Ghost.Art.CostumeArt.LeftLowerArm,212/215/232,SmoothPlastic
0.14,0.056,-5.8,1.8,202.5,Workspace.Map.Street.Houses.House1.Decor.Yard.FrontYard.JackOLantern.PumpkinLobe,214/104/24,Plastic,Workspace.Map.Street.Houses.House1.Decor.Yard.FrontYard.JackOLantern.Eye,255/200/60,Neon
0.14,0.056,-5.8,1.8,202.5,Workspace.Map.Street.Houses.House1.Decor.Yard.FrontYard.JackOLantern.PumpkinLobe,214/104/24,Plastic,ServerStorage.MapBackup_BeforeRearrange2.Street.Houses.House1.Decor.Yard.FrontYard.JackOLantern.Eye,255/200/60,Neon
0.14,0.056,-5.8,1.8,202.5,Workspace.Map.Street.Houses.House1.Decor.Yard.FrontYard.JackOLantern.Eye,255/200/60,Neon,ServerStorage.MapBackup_BeforeRearrange2.Street.Houses.House1.Decor.Yard.FrontYard.JackOLantern.PumpkinLobe,214/104/24,Plastic
0.13,0.016,194.5,7.8,-27.8,Workspace.Map.Hub.CostumeShop.Mannequins.Vampire.Art.CostumeArt.Head,225/220/232,SmoothPlastic,Workspace.Map.Hub.CostumeShop.Mannequins.Vampire.Art.CostumeArt.UpperTorso,28/22/34,SmoothPlastic
0.13,0.014,194.5,5.6,-26.6,Workspace.Map.Hub.CostumeShop.Mannequins.Vampire.Art.CostumeArt.LeftLowerArm,255/255/255,SmoothPlastic,ServerStorage.ArtBackups.CostumeShopArt_BeforeSkins.Vampire.Cape,38/22/50,SmoothPlastic
0.13,0.014,194.4,5.6,-29.0,Workspace.Map.Hub.CostumeShop.Mannequins.Vampire.Art.CostumeArt.RightLowerArm,255/255/255,SmoothPlastic,ServerStorage.ArtBackups.CostumeShopArt_BeforeSkins.Vampire.Cape,38/22/50,SmoothPlastic
0.13,0.037,191.8,8.7,-48.7,Workspace.Map.Hub.CostumeShop.Mannequins.Pumpkin.Art.CostumeArt.Head,245/120/20,SmoothPlastic,Workspace.Map.Hub.CostumeShop.Mannequins.Pumpkin.Art.CostumeArt.Head,205/85/10,SmoothPlastic
0.13,0.037,192.6,8.7,-46.7,Workspace.Map.Hub.CostumeShop.Mannequins.Pumpkin.Art.CostumeArt.Head,245/120/20,SmoothPlastic,Workspace.Map.Hub.CostumeShop.Mannequins.Pumpkin.Art.CostumeArt.Head,205/85/10,SmoothPlastic
0.13,0.037,191.2,8.7,-47.2,Workspace.Map.Hub.CostumeShop.Mannequins.Pumpkin.Art.CostumeArt.Head,245/120/20,SmoothPlastic,Workspace.Map.Hub.CostumeShop.Mannequins.Pumpkin.Art.CostumeArt.Head,205/85/10,SmoothPlastic
0.13,0.003,191.7,4.9,-59.5,Workspace.Map.Hub.CostumeShop.Mannequins.Ghost.Art.CostumeArt.RightHand,240/110/20,SmoothPlastic,ServerStorage.ArtBackups.CostumeShopArt_BeforeSkins.Ghost.LeftArmTip,215/218/235,SmoothPlastic
0.13,0.02,214.3,11.2,-16.6,Workspace.Map.Hub.CostumeShop.Mannequins.Devil.Art.CostumeArt.UpperTorso,140/15/20,SmoothPlastic,Workspace.Map.Hub.CostumeShop.Mannequins.Devil.Art.CostumeArt.UpperTorso,20/16/24,SmoothPlastic
0.13,0.02,214.5,11.2,-12.8,Workspace.Map.Hub.CostumeShop.Mannequins.Devil.Art.CostumeArt.UpperTorso,140/15/20,SmoothPlastic,Workspace.Map.Hub.CostumeShop.Mannequins.Devil.Art.CostumeArt.UpperTorso,20/16/24,SmoothPlastic
0.12,0.015,194.5,5.6,-26.6,Workspace.Map.Hub.CostumeShop.Mannequins.Vampire.Art.CostumeArt.UpperTorso,170/10/30,SmoothPlastic,Workspace.Map.Hub.CostumeShop.Mannequins.Vampire.Art.CostumeArt.LeftLowerArm,255/255/255,SmoothPlastic
0.12,0.015,194.4,5.6,-29.0,Workspace.Map.Hub.CostumeShop.Mannequins.Vampire.Art.CostumeArt.UpperTorso,170/10/30,SmoothPlastic,Workspace.Map.Hub.CostumeShop.Mannequins.Vampire.Art.CostumeArt.RightLowerArm,255/255/255,SmoothPlastic
0.12,0.04,211.4,9.3,-60.8,Workspace.Map.Hub.CostumeShop.Mannequins.Werewolf.Art.CostumeArt.LeftLowerArm,110/78/55,SmoothPlastic,Workspace.Map.Hub.CostumeShop.Mannequins.Werewolf.Art.CostumeArt.LeftLowerArm,180/40/40,SmoothPlastic
0.12,0.045,212.6,9.2,-26.7,Workspace.Map.Hub.CostumeShop.Mannequins.Frankenstein.Art.CostumeArt.LowerTorso,40/38/48,SmoothPlastic,Workspace.Map.Hub.CostumeShop.Mannequins.Frankenstein.Art.CostumeArt.UpperTorso,95/90/100,SmoothPlastic
0.12,0.036,212.6,12.0,-38.7,Workspace.Map.Hub.CostumeShop.Mannequins.Mummy.Art.CostumeArt.Head,244/238/218,SmoothPlastic,Workspace.Map.Hub.CostumeShop.Mannequins.Mummy.Art.CostumeArt.Head,212/198/164,SmoothPlastic
0.12,0.025,210.9,10.7,-62.6,Workspace.Map.Hub.CostumeShop.Mannequins.Werewolf.Art.CostumeArt.UpperTorso,110/78/55,SmoothPlastic,Workspace.Map.Hub.CostumeShop.Mannequins.Werewolf.Art.CostumeArt.UpperTorso,110/20/25,SmoothPlastic
0.11,0.045,212.6,9.0,-26.7,Workspace.Map.Hub.CostumeShop.Mannequins.Frankenstein.Art.CostumeArt.LowerTorso,70/50/30,SmoothPlastic,Workspace.Map.Hub.CostumeShop.Mannequins.Frankenstein.Art.CostumeArt.LowerTorso,150/150/160,Metal
0.11,0.01,1.0,2.5,160.3,Workspace.Map.Street.Houses.House1.Decor.FrontDecor.Crate.CrateSlat,96/64/38,Plastic,ServerStorage.MapBackup_BeforeRearrange2.Street.Houses.House1.Decor.FrontDecor.Crate.CrateEdge,84/56/34,Plastic
0.11,0.01,1.5,2.5,162.7,Workspace.Map.Street.Houses.House1.Decor.FrontDecor.Crate.CrateSlat,96/64/38,Plastic,ServerStorage.MapBackup_BeforeRearrange2.Street.Houses.House1.Decor.FrontDecor.Crate.CrateEdge,84/56/34,Plastic
0.11,0.01,1.0,1.2,160.3,Workspace.Map.Street.Houses.House1.Decor.FrontDecor.Crate.CrateSlat,96/64/38,Plastic,ServerStorage.MapBackup_BeforeRearrange2.Street.Houses.House1.Decor.FrontDecor.Crate.CrateEdge,84/56/34,Plastic
0.11,0.01,1.5,1.2,162.7,Workspace.Map.Street.Houses.House1.Decor.FrontDecor.Crate.CrateSlat,96/64/38,Plastic,ServerStorage.MapBackup_BeforeRearrange2.Street.Houses.House1.Decor.FrontDecor.Crate.CrateEdge,84/56/34,Plastic
0.11,0.01,3.3,2.5,159.8,Workspace.Map.Street.Houses.House1.Decor.FrontDecor.Crate.CrateSlat,96/64/38,Plastic,ServerStorage.MapBackup_BeforeRearrange2.Street.Houses.House1.Decor.FrontDecor.Crate.CrateEdge,84/56/34,Plastic
0.11,0.01,3.3,1.2,159.8,Workspace.Map.Street.Houses.House1.Decor.FrontDecor.Crate.CrateSlat,96/64/38,Plastic,ServerStorage.MapBackup_BeforeRearrange2.Street.Houses.House1.Decor.FrontDecor.Crate.CrateEdge,84/56/34,Plastic
0.11,0.01,1.0,2.5,160.3,Workspace.Map.Street.Houses.House1.Decor.FrontDecor.Crate.CrateEdge,84/56/34,Plastic,Workspace.Map.Street.Houses.House1.Decor.FrontDecor.Crate.CrateSlat,96/64/38,Plastic
0.11,0.01,1.0,2.5,160.3,Workspace.Map.Street.Houses.House1.Decor.FrontDecor.Crate.CrateEdge,84/56/34,Plastic,ServerStorage.MapBackup_BeforeRearrange2.Street.Houses.House1.Decor.FrontDecor.Crate.CrateSlat,96/64/38,Plastic
0.11,0.01,1.5,2.5,162.7,Workspace.Map.Street.Houses.House1.Decor.FrontDecor.Crate.CrateEdge,84/56/34,Plastic,Workspace.Map.Street.Houses.House1.Decor.FrontDecor.Crate.CrateSlat,96/64/38,Plastic
0.11,0.01,1.5,2.5,162.7,Workspace.Map.Street.Houses.House1.Decor.FrontDecor.Crate.CrateEdge,84/56/34,Plastic,ServerStorage.MapBackup_BeforeRearrange2.Street.Houses.House1.Decor.FrontDecor.Crate.CrateSlat,96/64/38,Plastic
0.11,0.01,3.3,2.5,159.8,Workspace.Map.Street.Houses.House1.Decor.FrontDecor.Crate.CrateEdge,84/56/34,Plastic,Workspace.Map.Street.Houses.House1.Decor.FrontDecor.Crate.CrateSlat,96/64/38,Plastic
0.11,0.01,3.3,2.5,159.8,Workspace.Map.Street.Houses.House1.Decor.FrontDecor.Crate.CrateEdge,84/56/34,Plastic,ServerStorage.MapBackup_BeforeRearrange2.Street.Houses.House1.Decor.FrontDecor.Crate.CrateSlat,96/64/38,Plastic
0.11,0.01,3.8,2.5,162.2,Workspace.Map.Street.Houses.House1.Decor.FrontDecor.Crate.CrateEdge,84/56/34,Plastic,Workspace.Map.Street.Houses.House1.Decor.FrontDecor.Crate.CrateSlat,96/64/38,Plastic
0.11,0.01,3.8,2.5,162.2,Workspace.Map.Street.Houses.House1.Decor.FrontDecor.Crate.CrateEdge,84/56/34,Plastic,ServerStorage.MapBackup_BeforeRearrange2.Street.Houses.House1.Decor.FrontDecor.Crate.CrateSlat,96/64/38,Plastic
0.11,0.01,3.8,2.5,162.2,Workspace.Map.Street.Houses.House1.Decor.FrontDecor.Crate.CrateSlat,96/64/38,Plastic,ServerStorage.MapBackup_BeforeRearrange2.Street.Houses.House1.Decor.FrontDecor.Crate.CrateEdge,84/56/34,Plastic
0.11,0.01,3.8,1.2,162.2,Workspace.Map.Street.Houses.House1.Decor.FrontDecor.Crate.CrateSlat,96/64/38,Plastic,ServerStorage.MapBackup_BeforeRearrange2.Street.Houses.House1.Decor.FrontDecor.Crate.CrateEdge,84/56/34,Plastic
0.11,0.01,1.0,1.2,160.3,Workspace.Map.Street.Houses.House1.Decor.FrontDecor.Crate.CrateEdge,84/56/34,Plastic,Workspace.Map.Street.Houses.House1.Decor.FrontDecor.Crate.CrateSlat,96/64/38,Plastic
0.11,0.01,1.0,1.2,160.3,Workspace.Map.Street.Houses.House1.Decor.FrontDecor.Crate.CrateEdge,84/56/34,Plastic,ServerStorage.MapBackup_BeforeRearrange2.Street.Houses.House1.Decor.FrontDecor.Crate.CrateSlat,96/64/38,Plastic
0.11,0.01,1.5,1.2,162.7,Workspace.Map.Street.Houses.House1.Decor.FrontDecor.Crate.CrateEdge,84/56/34,Plastic,Workspace.Map.Street.Houses.House1.Decor.FrontDecor.Crate.CrateSlat,96/64/38,Plastic
0.11,0.01,1.5,1.2,162.7,Workspace.Map.Street.Houses.House1.Decor.FrontDecor.Crate.CrateEdge,84/56/34,Plastic,ServerStorage.MapBackup_BeforeRearrange2.Street.Houses.House1.Decor.FrontDecor.Crate.CrateSlat,96/64/38,Plastic
0.11,0.01,3.3,1.2,159.8,Workspace.Map.Street.Houses.House1.Decor.FrontDecor.Crate.CrateEdge,84/56/34,Plastic,Workspace.Map.Street.Houses.House1.Decor.FrontDecor.Crate.CrateSlat,96/64/38,Plastic
0.11,0.01,3.3,1.2,159.8,Workspace.Map.Street.Houses.House1.Decor.FrontDecor.Crate.CrateEdge,84/56/34,Plastic,ServerStorage.MapBackup_BeforeRearrange2.Street.Houses.House1.Decor.FrontDecor.Crate.CrateSlat,96/64/38,Plastic
0.11,0.01,3.8,1.2,162.2,Workspace.Map.Street.Houses.House1.Decor.FrontDecor.Crate.CrateEdge,84/56/34,Plastic,Workspace.Map.Street.Houses.House1.Decor.FrontDecor.Crate.CrateSlat,96/64/38,Plastic
0.11,0.01,3.8,1.2,162.2,Workspace.Map.Street.Houses.House1.Decor.FrontDecor.Crate.CrateEdge,84/56/34,Plastic,ServerStorage.MapBackup_BeforeRearrange2.Street.Houses.House1.Decor.FrontDecor.Crate.CrateSlat,96/64/38,Plastic
0.11,0.01,8.0,2.6,158.5,Workspace.Map.Street.Houses.House1.Decor.FrontDecor.Crate.CrateEdge,84/56/34,Plastic,Workspace.Map.Street.Houses.House1.Decor.FrontDecor.Crate.CrateSlat,96/64/38,Plastic
0.11,0.01,8.0,2.6,158.5,Workspace.Map.Street.Houses.House1.Decor.FrontDecor.Crate.CrateEdge,84/56/34,Plastic,ServerStorage.MapBackup_BeforeRearrange2.Street.Houses.House1.Decor.FrontDecor.Crate.CrateSlat,96/64/38,Plastic
0.11,0.01,8.0,3.4,158.5,Workspace.Map.Street.Houses.House1.Decor.FrontDecor.Crate.CrateSlat,96/64/38,Plastic,ServerStorage.MapBackup_BeforeRearrange2.Street.Houses.House1.Decor.FrontDecor.Crate.CrateEdge,84/56/34,Plastic
0.11,0.01,8.0,2.6,158.5,Workspace.Map.Street.Houses.House1.Decor.FrontDecor.Crate.CrateSlat,96/64/38,Plastic,ServerStorage.MapBackup_BeforeRearrange2.Street.Houses.House1.Decor.FrontDecor.Crate.CrateEdge,84/56/34,Plastic
0.11,0.01,8.0,3.4,158.5,Workspace.Map.Street.Houses.House1.Decor.FrontDecor.Crate.CrateEdge,84/56/34,Plastic,Workspace.Map.Street.Houses.House1.Decor.FrontDecor.Crate.CrateSlat,96/64/38,Plastic
0.11,0.01,8.0,3.4,158.5,Workspace.Map.Street.Houses.House1.Decor.FrontDecor.Crate.CrateEdge,84/56/34,Plastic,ServerStorage.MapBackup_BeforeRearrange2.Street.Houses.House1.Decor.FrontDecor.Crate.CrateSlat,96/64/38,Plastic
0.11,0.01,7.8,2.6,157.1,Workspace.Map.Street.Houses.House1.Decor.FrontDecor.Crate.CrateEdge,84/56/34,Plastic,Workspace.Map.Street.Houses.House1.Decor.FrontDecor.Crate.CrateSlat,96/64/38,Plastic
0.11,0.01,7.8,2.6,157.1,Workspace.Map.Street.Houses.House1.Decor.FrontDecor.Crate.CrateEdge,84/56/34,Plastic,ServerStorage.MapBackup_BeforeRearrange2.Street.Houses.House1.Decor.FrontDecor.Crate.CrateSlat,96/64/38,Plastic
0.11,0.01,6.4,2.6,157.2,Workspace.Map.Street.Houses.House1.Decor.FrontDecor.Crate.CrateEdge,84/56/34,Plastic,Workspace.Map.Street.Houses.House1.Decor.FrontDecor.Crate.CrateSlat,96/64/38,Plastic
0.11,0.01,6.4,2.6,157.2,Workspace.Map.Street.Houses.House1.Decor.FrontDecor.Crate.CrateEdge,84/56/34,Plastic,ServerStorage.MapBackup_BeforeRearrange2.Street.Houses.House1.Decor.FrontDecor.Crate.CrateSlat,96/64/38,Plastic
0.11,0.01,6.6,3.4,158.6,Workspace.Map.Street.Houses.House1.Decor.FrontDecor.Crate.CrateSlat,96/64/38,Plastic,ServerStorage.MapBackup_BeforeRearrange2.Street.Houses.House1.Decor.FrontDecor.Crate.CrateEdge,84/56/34,Plastic
0.11,0.01,6.6,2.6,158.6,Workspace.Map.Street.Houses.House1.Decor.FrontDecor.Crate.CrateSlat,96/64/38,Plastic,ServerStorage.MapBackup_BeforeRearrange2.Street.Houses.House1.Decor.FrontDecor.Crate.CrateEdge,84/56/34,Plastic
0.11,0.01,6.4,3.4,157.2,Workspace.Map.Street.Houses.House1.Decor.FrontDecor.Crate.CrateSlat,96/64/38,Plastic,ServerStorage.MapBackup_BeforeRearrange2.Street.Houses.House1.Decor.FrontDecor.Crate.CrateEdge,84/56/34,Plastic
0.11,0.01,6.4,2.6,157.2,Workspace.Map.Street.Houses.House1.Decor.FrontDecor.Crate.CrateSlat,96/64/38,Plastic,ServerStorage.MapBackup_BeforeRearrange2.Street.Houses.House1.Decor.FrontDecor.Crate.CrateEdge,84/56/34,Plastic
0.11,0.01,7.8,3.4,157.1,Workspace.Map.Street.Houses.House1.Decor.FrontDecor.Crate.CrateSlat,96/64/38,Plastic,ServerStorage.MapBackup_BeforeRearrange2.Street.Houses.House1.Decor.FrontDecor.Crate.CrateEdge,84/56/34,Plastic
0.11,0.01,7.8,2.6,157.1,Workspace.Map.Street.Houses.House1.Decor.FrontDecor.Crate.CrateSlat,96/64/38,Plastic,ServerStorage.MapBackup_BeforeRearrange2.Street.Houses.House1.Decor.FrontDecor.Crate.CrateEdge,84/56/34,Plastic
0.11,0.01,6.6,3.4,158.6,Workspace.Map.Street.Houses.House1.Decor.FrontDecor.Crate.CrateEdge,84/56/34,Plastic,Workspace.Map.Street.Houses.House1.Decor.FrontDecor.Crate.CrateSlat,96/64/38,Plastic
0.11,0.01,6.6,2.6,158.6,Workspace.Map.Street.Houses.House1.Decor.FrontDecor.Crate.CrateEdge,84/56/34,Plastic,Workspace.Map.Street.Houses.House1.Decor.FrontDecor.Crate.CrateSlat,96/64/38,Plastic
0.11,0.01,6.6,3.4,158.6,Workspace.Map.Street.Houses.House1.Decor.FrontDecor.Crate.CrateEdge,84/56/34,Plastic,ServerStorage.MapBackup_BeforeRearrange2.Street.Houses.House1.Decor.FrontDecor.Crate.CrateSlat,96/64/38,Plastic
0.11,0.01,6.6,2.6,158.6,Workspace.Map.Street.Houses.House1.Decor.FrontDecor.Crate.CrateEdge,84/56/34,Plastic,ServerStorage.MapBackup_BeforeRearrange2.Street.Houses.House1.Decor.FrontDecor.Crate.CrateSlat,96/64/38,Plastic
0.11,0.01,7.8,3.4,157.1,Workspace.Map.Street.Houses.House1.Decor.FrontDecor.Crate.CrateEdge,84/56/34,Plastic,Workspace.Map.Street.Houses.House1.Decor.FrontDecor.Crate.CrateSlat,96/64/38,Plastic
0.11,0.01,7.8,3.4,157.1,Workspace.Map.Street.Houses.House1.Decor.FrontDecor.Crate.CrateEdge,84/56/34,Plastic,ServerStorage.MapBackup_BeforeRearrange2.Street.Houses.House1.Decor.FrontDecor.Crate.CrateSlat,96/64/38,Plastic
0.11,0.01,6.4,3.4,157.2,Workspace.Map.Street.Houses.House1.Decor.FrontDecor.Crate.CrateEdge,84/56/34,Plastic,Workspace.Map.Street.Houses.House1.Decor.FrontDecor.Crate.CrateSlat,96/64/38,Plastic
0.11,0.01,6.4,3.4,157.2,Workspace.Map.Street.Houses.House1.Decor.FrontDecor.Crate.CrateEdge,84/56/34,Plastic,ServerStorage.MapBackup_BeforeRearrange2.Street.Houses.House1.Decor.FrontDecor.Crate.CrateSlat,96/64/38,Plastic
0.11,0.01,1.6,4.5,161.5,Workspace.Map.Street.Houses.House1.Decor.FrontDecor.Crate.CrateSlat,96/64/38,Plastic,ServerStorage.MapBackup_BeforeRearrange2.Street.Houses.House1.Decor.FrontDecor.Crate.CrateEdge,84/56/34,Plastic
0.11,0.01,1.6,3.6,161.5,Workspace.Map.Street.Houses.House1.Decor.FrontDecor.Crate.CrateSlat,96/64/38,Plastic,ServerStorage.MapBackup_BeforeRearrange2.Street.Houses.House1.Decor.FrontDecor.Crate.CrateEdge,84/56/34,Plastic
0.11,0.01,3.6,4.5,160.6,Workspace.Map.Street.Houses.House1.Decor.FrontDecor.Crate.CrateEdge,84/56/34,Plastic,Workspace.Map.Street.Houses.House1.Decor.FrontDecor.Crate.CrateSlat,96/64/38,Plastic
0.11,0.01,3.6,3.6,160.6,Workspace.Map.Street.Houses.House1.Decor.FrontDecor.Crate.CrateEdge,84/56/34,Plastic,Workspace.Map.Street.Houses.House1.Decor.FrontDecor.Crate.CrateSlat,96/64/38,Plastic
0.11,0.01,3.6,4.5,160.6,Workspace.Map.Street.Houses.House1.Decor.FrontDecor.Crate.CrateEdge,84/56/34,Plastic,ServerStorage.MapBackup_BeforeRearrange2.Street.Houses.House1.Decor.FrontDecor.Crate.CrateSlat,96/64/38,Plastic
0.11,0.01,3.6,3.6,160.6,Workspace.Map.Street.Houses.House1.Decor.FrontDecor.Crate.CrateEdge,84/56/34,Plastic,ServerStorage.MapBackup_BeforeRearrange2.Street.Houses.House1.Decor.FrontDecor.Crate.CrateSlat,96/64/38,Plastic
0.11,0.01,3.1,4.5,162.1,Workspace.Map.Street.Houses.House1.Decor.FrontDecor.Crate.CrateEdge,84/56/34,Plastic,Workspace.Map.Street.Houses.House1.Decor.FrontDecor.Crate.CrateSlat,96/64/38,Plastic
0.11,0.01,3.1,3.6,162.1,Workspace.Map.Street.Houses.House1.Decor.FrontDecor.Crate.CrateEdge,84/56/34,Plastic,Workspace.Map.Street.Houses.House1.Decor.FrontDecor.Crate.CrateSlat,96/64/38,Plastic
0.11,0.01,3.1,4.5,162.1,Workspace.Map.Street.Houses.House1.Decor.FrontDecor.Crate.CrateEdge,84/56/34,Plastic,ServerStorage.MapBackup_BeforeRearrange2.Street.Houses.House1.Decor.FrontDecor.Crate.CrateSlat,96/64/38,Plastic
0.11,0.01,3.1,3.6,162.1,Workspace.Map.Street.Houses.House1.Decor.FrontDecor.Crate.CrateEdge,84/56/34,Plastic,ServerStorage.MapBackup_BeforeRearrange2.Street.Houses.House1.Decor.FrontDecor.Crate.CrateSlat,96/64/38,Plastic
0.11,0.01,3.6,4.5,160.6,Workspace.Map.Street.Houses.House1.Decor.FrontDecor.Crate.CrateSlat,96/64/38,Plastic,ServerStorage.MapBackup_BeforeRearrange2.Street.Houses.House1.Decor.FrontDecor.Crate.CrateEdge,84/56/34,Plastic
0.11,0.01,3.6,3.6,160.6,Workspace.Map.Street.Houses.House1.Decor.FrontDecor.Crate.CrateSlat,96/64/38,Plastic,ServerStorage.MapBackup_BeforeRearrange2.Street.Houses.House1.Decor.FrontDecor.Crate.CrateEdge,84/56/34,Plastic
0.11,0.01,3.1,4.5,162.1,Workspace.Map.Street.Houses.House1.Decor.FrontDecor.Crate.CrateSlat,96/64/38,Plastic,ServerStorage.MapBackup_BeforeRearrange2.Street.Houses.House1.Decor.FrontDecor.Crate.CrateEdge,84/56/34,Plastic
0.11,0.01,3.1,3.6,162.1,Workspace.Map.Street.Houses.House1.Decor.FrontDecor.Crate.CrateSlat,96/64/38,Plastic,ServerStorage.MapBackup_BeforeRearrange2.Street.Houses.House1.Decor.FrontDecor.Crate.CrateEdge,84/56/34,Plastic
0.11,0.01,2.1,4.5,160.0,Workspace.Map.Street.Houses.House1.Decor.FrontDecor.Crate.CrateEdge,84/56/34,Plastic,Workspace.Map.Street.Houses.House1.Decor.FrontDecor.Crate.CrateSlat,96/64/38,Plastic
0.11,0.01,2.1,3.6,160.0,Workspace.Map.Street.Houses.House1.Decor.FrontDecor.Crate.CrateEdge,84/56/34,Plastic,Workspace.Map.Street.Houses.House1.Decor.FrontDecor.Crate.CrateSlat,96/64/38,Plastic
0.11,0.01,2.1,4.5,160.0,Workspace.Map.Street.Houses.House1.Decor.FrontDecor.Crate.CrateEdge,84/56/34,Plastic,ServerStorage.MapBackup_BeforeRearrange2.Street.Houses.House1.Decor.FrontDecor.Crate.CrateSlat,96/64/38,Plastic
0.11,0.01,2.1,3.6,160.0,Workspace.Map.Street.Houses.House1.Decor.FrontDecor.Crate.CrateEdge,84/56/34,Plastic,ServerStorage.MapBackup_BeforeRearrange2.Street.Houses.House1.Decor.FrontDecor.Crate.CrateSlat,96/64/38,Plastic
0.11,0.01,1.6,4.5,161.5,Workspace.Map.Street.Houses.House1.Decor.FrontDecor.Crate.CrateEdge,84/56/34,Plastic,Workspace.Map.Street.Houses.House1.Decor.FrontDecor.Crate.CrateSlat,96/64/38,Plastic
0.11,0.01,1.6,3.6,161.5,Workspace.Map.Street.Houses.House1.Decor.FrontDecor.Crate.CrateEdge,84/56/34,Plastic,Workspace.Map.Street.Houses.House1.Decor.FrontDecor.Crate.CrateSlat,96/64/38,Plastic
0.11,0.01,1.6,4.5,161.5,Workspace.Map.Street.Houses.House1.Decor.FrontDecor.Crate.CrateEdge,84/56/34,Plastic,ServerStorage.MapBackup_BeforeRearrange2.Street.Houses.House1.Decor.FrontDecor.Crate.CrateSlat,96/64/38,Plastic
0.11,0.01,1.6,3.6,161.5,Workspace.Map.Street.Houses.House1.Decor.FrontDecor.Crate.CrateEdge,84/56/34,Plastic,ServerStorage.MapBackup_BeforeRearrange2.Street.Houses.House1.Decor.FrontDecor.Crate.CrateSlat,96/64/38,Plastic
0.11,0.01,2.1,4.5,160.0,Workspace.Map.Street.Houses.House1.Decor.FrontDecor.Crate.CrateSlat,96/64/38,Plastic,ServerStorage.MapBackup_BeforeRearrange2.Street.Houses.House1.Decor.FrontDecor.Crate.CrateEdge,84/56/34,Plastic
0.11,0.01,2.1,3.6,160.0,Workspace.Map.Street.Houses.House1.Decor.FrontDecor.Crate.CrateSlat,96/64/38,Plastic,ServerStorage.MapBackup_BeforeRearrange2.Street.Houses.House1.Decor.FrontDecor.Crate.CrateEdge,84/56/34,Plastic
0.1,0.039,81.9,1.7,207.9,Workspace.Map.Street.Houses.House1.Decor.Backyard.PumpkinPatch.JackOLantern.Mouth,255/200/60,Neon,Workspace.Map.Street.Houses.House1.Decor.Backyard.PumpkinPatch.JackOLantern.Tooth,232/120/30,Plastic
0.1,0.039,81.9,1.7,207.9,Workspace.Map.Street.Houses.House1.Decor.Backyard.PumpkinPatch.JackOLantern.Mouth,255/200/60,Neon,ServerStorage.MapBackup_BeforeRearrange2.Street.Houses.House1.Decor.Backyard.PumpkinPatch.JackOLantern.Tooth,232/120/30,Plastic
0.1,0.039,81.9,1.7,207.9,Workspace.Map.Street.Houses.House1.Decor.Backyard.PumpkinPatch.JackOLantern.Tooth,232/120/30,Plastic,ServerStorage.MapBackup_BeforeRearrange2.Street.Houses.House1.Decor.Backyard.PumpkinPatch.JackOLantern.Mouth,255/200/60,Neon
0.1,0.013,100.0,604.1,2999.9,Workspace._ArtPreview.PetsLanternMoth.LeftWing.UpperWing,215/140/60,SmoothPlastic,Workspace._ArtPreview.PetsLanternMoth.LeftWing.WingEdge,150/90/40,SmoothPlastic
0.1,0.013,96.0,604.1,2999.9,Workspace._ArtPreview.PetsLanternMoth.RightWing.UpperWing,215/140/60,SmoothPlastic,Workspace._ArtPreview.PetsLanternMoth.RightWing.WingEdge,150/90/40,SmoothPlastic
0.1,0.046,194.5,3.3,-27.7,Workspace.Map.Hub.CostumeShop.Mannequins.Vampire.Art.CostumeArt.LeftFoot,20/16/24,SmoothPlastic,ServerStorage.ArtBackups.CostumeShopArt_BeforeSkins.Vampire.Scallop,38/22/50,SmoothPlastic
0.1,0.005,191.9,5.2,-37.7,Workspace.Map.Hub.CostumeShop.Mannequins.Witch.Art.CostumeArt.LowerTorso,70/40/100,SmoothPlastic,Workspace.Map.Hub.CostumeShop.Mannequins.Witch.Art.CostumeArt.LowerTorso,45/22/70,SmoothPlastic
0.1,0.005,191.9,5.6,-37.7,Workspace.Map.Hub.CostumeShop.Mannequins.Witch.Art.CostumeArt.LowerTorso,70/40/100,SmoothPlastic,Workspace.Map.Hub.CostumeShop.Mannequins.Witch.Art.CostumeArt.LowerTorso,45/22/70,SmoothPlastic
0.1,0.005,191.9,4.8,-37.7,Workspace.Map.Hub.CostumeShop.Mannequins.Witch.Art.CostumeArt.LowerTorso,70/40/100,SmoothPlastic,Workspace.Map.Hub.CostumeShop.Mannequins.Witch.Art.CostumeArt.LowerTorso,45/22/70,SmoothPlastic
0.1,0.0,193.7,5.6,-16.3,Workspace.Map.Hub.CostumeShop.Mannequins.Skeleton.Art.CostumeArt.LeftLowerArm,20/18/24,SmoothPlastic,Workspace.Map.Hub.CostumeShop.Mannequins.Skeleton.Art.CostumeArt.LeftHand,238/235/218,SmoothPlastic
0.1,0.0,193.9,5.6,-29.3,Workspace.Map.Hub.CostumeShop.Mannequins.Vampire.Art.CostumeArt.RightLowerArm,28/22/34,SmoothPlastic,Workspace.Map.Hub.CostumeShop.Mannequins.Vampire.Art.CostumeArt.RightHand,225/220/232,SmoothPlastic
0.1,0.04,214.4,10.6,-13.7,Workspace.Map.Hub.CostumeShop.Mannequins.Devil.Art.CostumeArt.UpperTorso,140/15/20,SmoothPlastic,Workspace.Map.Hub.CostumeShop.Mannequins.Devil.Art.CostumeArt.UpperTorso,20/16/24,SmoothPlastic
0.09,0.0,192.2,3.4,-48.2,Workspace.Map.Hub.CostumeShop.Mannequins.Pumpkin.Art.CostumeArt.RightLowerLeg,45/40/55,SmoothPlastic,Workspace.Map.Hub.CostumeShop.Mannequins.Pumpkin.Art.CostumeArt.RightFoot,90/60/40,SmoothPlastic
0.09,0.0,192.2,3.4,-47.2,Workspace.Map.Hub.CostumeShop.Mannequins.Pumpkin.Art.CostumeArt.LeftLowerLeg,45/40/55,SmoothPlastic,Workspace.Map.Hub.CostumeShop.Mannequins.Pumpkin.Art.CostumeArt.LeftFoot,90/60/40,SmoothPlastic
0.09,0.0,193.9,3.4,-28.3,Workspace.Map.Hub.CostumeShop.Mannequins.Vampire.Art.CostumeArt.RightLowerLeg,28/22/34,SmoothPlastic,Workspace.Map.Hub.CostumeShop.Mannequins.Vampire.Art.CostumeArt.RightFoot,20/16/24,SmoothPlastic
0.09,0.0,194.0,3.4,-27.3,Workspace.Map.Hub.CostumeShop.Mannequins.Vampire.Art.CostumeArt.LeftLowerLeg,28/22/34,SmoothPlastic,Workspace.Map.Hub.CostumeShop.Mannequins.Vampire.Art.CostumeArt.LeftFoot,20/16/24,SmoothPlastic
0.09,0.0,213.7,6.4,-15.2,Workspace.Map.Hub.CostumeShop.Mannequins.Devil.Art.CostumeArt.RightLowerLeg,205/30/30,SmoothPlastic,Workspace.Map.Hub.CostumeShop.Mannequins.Devil.Art.CostumeArt.RightFoot,20/16/24,SmoothPlastic
0.09,0.0,213.8,6.4,-14.2,Workspace.Map.Hub.CostumeShop.Mannequins.Devil.Art.CostumeArt.LeftLowerLeg,205/30/30,SmoothPlastic,Workspace.Map.Hub.CostumeShop.Mannequins.Devil.Art.CostumeArt.LeftFoot,20/16/24,SmoothPlastic
0.09,0.024,193.9,9.1,-27.8,Workspace.Map.Hub.CostumeShop.Mannequins.Vampire.Art.CostumeArt.Head,20/16/24,SmoothPlastic,Workspace.Map.Hub.CostumeShop.Mannequins.Vampire.Art.CostumeArt.Head,40/30/50,SmoothPlastic
0.09,0.036,194.6,9.1,-27.8,Workspace.Map.Hub.CostumeShop.Mannequins.Vampire.Art.CostumeArt.Head,20/16/24,SmoothPlastic,Workspace.Map.Hub.CostumeShop.Mannequins.Vampire.Art.CostumeArt.Head,40/30/50,SmoothPlastic
0.08,0.0,86.9,24.7,541.1,Workspace.Map.Street.Houses.House3.Structure.Roof.OverlappingShingle,92/68/59,Plastic,Workspace.Map.Street.Houses.House3.Structure.Roof.OverlappingShingle,86/62/53,Plastic
0.08,0.0,86.9,24.7,537.0,Workspace.Map.Street.Houses.House3.Structure.Roof.OverlappingShingle,89/65/56,Plastic,Workspace.Map.Street.Houses.House3.Structure.Roof.OverlappingShingle,86/62/53,Plastic
0.08,0.0,86.9,24.7,533.0,Workspace.Map.Street.Houses.House3.Structure.Roof.OverlappingShingle,94/70/61,Plastic,Workspace.Map.Street.Houses.House3.Structure.Roof.OverlappingShingle,83/59/50,Plastic
0.08,0.0,86.9,24.7,528.9,Workspace.Map.Street.Houses.House3.Structure.Roof.OverlappingShingle,81/57/48,Plastic,Workspace.Map.Street.Houses.House3.Structure.Roof.OverlappingShingle,87/63/54,Plastic
0.08,0.0,48.3,31.4,553.2,Workspace.Map.Street.Houses.House3.Structure.Roof.OverlappingShingle,85/61/52,Plastic,Workspace.Map.Street.Houses.House3.Structure.Roof.OverlappingShingle,93/69/60,Plastic
0.08,0.0,42.7,28.1,585.6,Workspace.Map.Street.Houses.House3.Structure.Roof.OverlappingShingle,80/56/47,Plastic,Workspace.Map.Street.Houses.House3.Structure.Roof.OverlappingShingle,88/64/55,Plastic
0.08,0.0,67.3,36.5,593.7,Workspace.Map.Street.Houses.House3.Structure.Roof.OverlappingShingle,83/59/50,Plastic,Workspace.Map.Street.Houses.House3.Structure.Roof.OverlappingShingle,89/65/56,Plastic
0.08,0.0,67.3,36.5,589.7,Workspace.Map.Street.Houses.House3.Structure.Roof.OverlappingShingle,81/57/48,Plastic,Workspace.Map.Street.Houses.House3.Structure.Roof.OverlappingShingle,83/59/50,Plastic
0.08,0.0,67.3,36.5,585.6,Workspace.Map.Street.Houses.House3.Structure.Roof.OverlappingShingle,88/64/55,Plastic,Workspace.Map.Street.Houses.House3.Structure.Roof.OverlappingShingle,87/63/54,Plastic
0.08,0.0,67.3,36.5,581.6,Workspace.Map.Street.Houses.House3.Structure.Roof.OverlappingShingle,90/66/57,Plastic,Workspace.Map.Street.Houses.House3.Structure.Roof.OverlappingShingle,87/63/54,Plastic
0.08,0.0,67.3,36.5,577.5,Workspace.Map.Street.Houses.House3.Structure.Roof.OverlappingShingle,93/69/60,Plastic,Workspace.Map.Street.Houses.House3.Structure.Roof.OverlappingShingle,85/61/52,Plastic
0.08,0.0,67.3,36.5,569.4,Workspace.Map.Street.Houses.House3.Structure.Roof.OverlappingShingle,94/70/61,Plastic,Workspace.Map.Street.Houses.House3.Structure.Roof.OverlappingShingle,89/65/56,Plastic
0.08,0.0,67.3,36.5,565.4,Workspace.Map.Street.Houses.House3.Structure.Roof.OverlappingShingle,84/60/51,Plastic,Workspace.Map.Street.Houses.House3.Structure.Roof.OverlappingShingle,81/57/48,Plastic
0.08,0.0,67.3,36.5,561.3,Workspace.Map.Street.Houses.House3.Structure.Roof.OverlappingShingle,89/65/56,Plastic,Workspace.Map.Street.Houses.House3.Structure.Roof.OverlappingShingle,84/60/51,Plastic
0.08,0.0,67.3,36.5,557.3,Workspace.Map.Street.Houses.House3.Structure.Roof.OverlappingShingle,81/57/48,Plastic,Workspace.Map.Street.Houses.House3.Structure.Roof.OverlappingShingle,83/59/50,Plastic
0.08,0.0,67.3,36.5,553.2,Workspace.Map.Street.Houses.House3.Structure.Roof.OverlappingShingle,92/68/59,Plastic,Workspace.Map.Street.Houses.House3.Structure.Roof.OverlappingShingle,83/59/50,Plastic
0.08,0.0,67.3,36.5,549.2,Workspace.Map.Street.Houses.House3.Structure.Roof.OverlappingShingle,87/63/54,Plastic,Workspace.Map.Street.Houses.House3.Structure.Roof.OverlappingShingle,84/60/51,Plastic
0.08,0.0,67.3,36.5,545.1,Workspace.Map.Street.Houses.House3.Structure.Roof.OverlappingShingle,82/58/49,Plastic,Workspace.Map.Street.Houses.House3.Structure.Roof.OverlappingShingle,92/68/59,Plastic
0.08,0.0,67.3,36.5,541.1,Workspace.Map.Street.Houses.House3.Structure.Roof.OverlappingShingle,90/66/57,Plastic,Workspace.Map.Street.Houses.House3.Structure.Roof.OverlappingShingle,81/57/48,Plastic
0.08,0.0,67.3,36.5,537.0,Workspace.Map.Street.Houses.House3.Structure.Roof.OverlappingShingle,93/69/60,Plastic,Workspace.Map.Street.Houses.House3.Structure.Roof.OverlappingShingle,82/58/49,Plastic
0.08,0.0,67.3,36.5,533.0,Workspace.Map.Street.Houses.House3.Structure.Roof.OverlappingShingle,83/59/50,Plastic,Workspace.Map.Street.Houses.House3.Structure.Roof.OverlappingShingle,81/57/48,Plastic
0.08,0.0,67.3,36.5,528.9,Workspace.Map.Street.Houses.House3.Structure.Roof.OverlappingShingle,81/57/48,Plastic,Workspace.Map.Street.Houses.House3.Structure.Roof.OverlappingShingle,84/60/51,Plastic
0.08,0.0,72.9,33.1,533.0,Workspace.Map.Street.Houses.House3.Structure.Roof.OverlappingShingle,86/62/53,Plastic,Workspace.Map.Street.Houses.House3.Structure.Roof.OverlappingShingle,83/59/50,Plastic
0.08,0.0,72.9,33.1,528.9,Workspace.Map.Street.Houses.House3.Structure.Roof.OverlappingShingle,91/67/58,Plastic,Workspace.Map.Street.Houses.House3.Structure.Roof.OverlappingShingle,83/59/50,Plastic
0.08,0.0,78.5,29.8,597.8,Workspace.Map.Street.Houses.House3.Structure.Roof.OverlappingShingle,85/61/52,Plastic,Workspace.Map.Street.Houses.House3.Structure.Roof.OverlappingShingle,87/63/54,Plastic
0.08,0.0,78.5,29.8,541.1,Workspace.Map.Street.Houses.House3.Structure.Roof.OverlappingShingle,85/61/52,Plastic,Workspace.Map.Street.Houses.House3.Structure.Roof.OverlappingShingle,92/68/59,Plastic
0.08,0.0,78.5,29.8,537.0,Workspace.Map.Street.Houses.House3.Structure.Roof.OverlappingShingle,90/66/57,Plastic,Workspace.Map.Street.Houses.House3.Structure.Roof.OverlappingShingle,81/57/48,Plastic
0.08,0.0,78.5,29.8,533.0,Workspace.Map.Street.Houses.House3.Structure.Roof.OverlappingShingle,81/57/48,Plastic,Workspace.Map.Street.Houses.House3.Structure.Roof.OverlappingShingle,82/58/49,Plastic
0.08,0.0,78.5,29.8,528.9,Workspace.Map.Street.Houses.House3.Structure.Roof.OverlappingShingle,85/61/52,Plastic,Workspace.Map.Street.Houses.House3.Structure.Roof.OverlappingShingle,88/64/55,Plastic
0.08,0.0,84.1,26.4,601.8,Workspace.Map.Street.Houses.House3.Structure.Roof.OverlappingShingle,90/66/57,Plastic,Workspace.Map.Street.Houses.House3.Structure.Roof.OverlappingShingle,87/63/54,Plastic
0.08,0.0,84.1,26.4,597.8,Workspace.Map.Street.Houses.House3.Structure.Roof.OverlappingShingle,94/70/61,Plastic,Workspace.Map.Street.Houses.House3.Structure.Roof.OverlappingShingle,86/62/53,Plastic
0.08,0.0,84.1,26.4,593.7,Workspace.Map.Street.Houses.House3.Structure.Roof.OverlappingShingle,91/67/58,Plastic,Workspace.Map.Street.Houses.House3.Structure.Roof.OverlappingShingle,89/65/56,Plastic
0.08,0.0,84.1,26.4,589.7,Workspace.Map.Street.Houses.House3.Structure.Roof.OverlappingShingle,81/57/48,Plastic,Workspace.Map.Street.Houses.House3.Structure.Roof.OverlappingShingle,80/56/47,Plastic
0.08,0.0,84.1,26.4,585.6,Workspace.Map.Street.Houses.House3.Structure.Roof.OverlappingShingle,83/59/50,Plastic,Workspace.Map.Street.Houses.House3.Structure.Roof.OverlappingShingle,85/61/52,Plastic
0.08,0.0,89.7,23.0,585.6,Workspace.Map.Street.Houses.House3.Structure.Roof.OverlappingShingle,89/65/56,Plastic,Workspace.Map.Street.Houses.House3.Structure.Roof.OverlappingShingle,88/64/55,Plastic
0.08,0.0,89.7,23.0,581.6,Workspace.Map.Street.Houses.House3.Structure.Roof.OverlappingShingle,88/64/55,Plastic,Workspace.Map.Street.Houses.House3.Structure.Roof.OverlappingShingle,94/70/61,Plastic
0.08,0.0,89.7,23.0,577.5,Workspace.Map.Street.Houses.House3.Structure.Roof.OverlappingShingle,85/61/52,Plastic,Workspace.Map.Street.Houses.House3.Structure.Roof.OverlappingShingle,89/65/56,Plastic
0.08,0.0,89.7,23.0,573.5,Workspace.Map.Street.Houses.House3.Structure.Roof.OverlappingShingle,92/68/59,Plastic,Workspace.Map.Street.Houses.House3.Structure.Roof.OverlappingShingle,84/60/51,Plastic
0.08,0.0,89.7,23.0,569.4,Workspace.Map.Street.Houses.House3.Structure.Roof.OverlappingShingle,93/69/60,Plastic,Workspace.Map.Street.Houses.House3.Structure.Roof.OverlappingShingle,81/57/48,Plastic
0.08,0.0,89.7,23.0,565.4,Workspace.Map.Street.Houses.House3.Structure.Roof.OverlappingShingle,81/57/48,Plastic,Workspace.Map.Street.Houses.House3.Structure.Roof.OverlappingShingle,84/60/51,Plastic
0.08,0.0,89.7,23.0,561.3,Workspace.Map.Street.Houses.House3.Structure.Roof.OverlappingShingle,83/59/50,Plastic,Workspace.Map.Street.Houses.House3.Structure.Roof.OverlappingShingle,90/66/57,Plastic
0.08,0.0,89.7,23.0,557.3,Workspace.Map.Street.Houses.House3.Structure.Roof.OverlappingShingle,83/59/50,Plastic,Workspace.Map.Street.Houses.House3.Structure.Roof.OverlappingShingle,94/70/61,Plastic
0.08,0.0,89.7,23.0,553.2,Workspace.Map.Street.Houses.House3.Structure.Roof.OverlappingShingle,93/69/60,Plastic,Workspace.Map.Street.Houses.House3.Structure.Roof.OverlappingShingle,84/60/51,Plastic
0.08,0.0,89.7,23.0,549.2,Workspace.Map.Street.Houses.House3.Structure.Roof.OverlappingShingle,87/63/54,Plastic,Workspace.Map.Street.Houses.House3.Structure.Roof.OverlappingShingle,85/61/52,Plastic
0.08,0.0,70.1,34.8,601.8,Workspace.Map.Street.Houses.House3.Structure.Roof.OverlappingShingle,93/69/60,Plastic,Workspace.Map.Street.Houses.House3.Structure.Roof.OverlappingShingle,82/58/49,Plastic
0.08,0.0,75.7,31.4,593.7,Workspace.Map.Street.Houses.House3.Structure.Roof.OverlappingShingle,82/58/49,Plastic,Workspace.Map.Street.Houses.House3.Structure.Roof.OverlappingShingle,86/62/53,Plastic
0.08,0.0,75.7,31.4,589.7,Workspace.Map.Street.Houses.House3.Structure.Roof.OverlappingShingle,88/64/55,Plastic,Workspace.Map.Street.Houses.House3.Structure.Roof.OverlappingShingle,90/66/57,Plastic
0.08,0.0,75.7,31.4,585.6,Workspace.Map.Street.Houses.House3.Structure.Roof.OverlappingShingle,92/68/59,Plastic,Workspace.Map.Street.Houses.House3.Structure.Roof.OverlappingShingle,83/59/50,Plastic
0.08,0.0,75.7,31.4,581.6,Workspace.Map.Street.Houses.House3.Structure.Roof.OverlappingShingle,81/57/48,Plastic,Workspace.Map.Street.Houses.House3.Structure.Roof.OverlappingShingle,92/68/59,Plastic
0.08,0.0,75.7,31.4,577.5,Workspace.Map.Street.Houses.House3.Structure.Roof.OverlappingShingle,81/57/48,Plastic,Workspace.Map.Street.Houses.House3.Structure.Roof.OverlappingShingle,83/59/50,Plastic
0.08,0.0,75.7,31.4,573.5,Workspace.Map.Street.Houses.House3.Structure.Roof.OverlappingShingle,83/59/50,Plastic,Workspace.Map.Street.Houses.House3.Structure.Roof.OverlappingShingle,82/58/49,Plastic
0.08,0.0,75.7,31.4,569.4,Workspace.Map.Street.Houses.House3.Structure.Roof.OverlappingShingle,92/68/59,Plastic,Workspace.Map.Street.Houses.House3.Structure.Roof.OverlappingShingle,91/67/58,Plastic
0.08,0.0,75.7,31.4,565.4,Workspace.Map.Street.Houses.House3.Structure.Roof.OverlappingShingle,83/59/50,Plastic,Workspace.Map.Street.Houses.House3.Structure.Roof.OverlappingShingle,82/58/49,Plastic
0.08,0.0,75.7,31.4,561.3,Workspace.Map.Street.Houses.House3.Structure.Roof.OverlappingShingle,83/59/50,Plastic,Workspace.Map.Street.Houses.House3.Structure.Roof.OverlappingShingle,84/60/51,Plastic
0.08,0.0,75.7,31.4,557.3,Workspace.Map.Street.Houses.House3.Structure.Roof.OverlappingShingle,86/62/53,Plastic,Workspace.Map.Street.Houses.House3.Structure.Roof.OverlappingShingle,80/56/47,Plastic
0.08,0.0,75.7,31.4,553.2,Workspace.Map.Street.Houses.House3.Structure.Roof.OverlappingShingle,92/68/59,Plastic,Workspace.Map.Street.Houses.House3.Structure.Roof.OverlappingShingle,89/65/56,Plastic
0.08,0.0,81.3,28.1,581.6,Workspace.Map.Street.Houses.House3.Structure.Roof.OverlappingShingle,87/63/54,Plastic,Workspace.Map.Street.Houses.House3.Structure.Roof.OverlappingShingle,90/66/57,Plastic
0.08,0.0,81.3,28.1,577.5,Workspace.Map.Street.Houses.House3.Structure.Roof.OverlappingShingle,84/60/51,Plastic,Workspace.Map.Street.Houses.House3.Structure.Roof.OverlappingShingle,93/69/60,Plastic
0.08,0.0,81.3,28.1,573.5,Workspace.Map.Street.Houses.House3.Structure.Roof.OverlappingShingle,84/60/51,Plastic,Workspace.Map.Street.Houses.House3.Structure.Roof.OverlappingShingle,88/64/55,Plastic
0.08,0.0,81.3,28.1,569.4,Workspace.Map.Street.Houses.House3.Structure.Roof.OverlappingShingle,80/56/47,Plastic,Workspace.Map.Street.Houses.House3.Structure.Roof.OverlappingShingle,89/65/56,Plastic
0.08,0.0,81.3,28.1,565.4,Workspace.Map.Street.Houses.House3.Structure.Roof.OverlappingShingle,80/56/47,Plastic,Workspace.Map.Street.Houses.House3.Structure.Roof.OverlappingShingle,84/60/51,Plastic
0.08,0.0,81.3,28.1,561.3,Workspace.Map.Street.Houses.House3.Structure.Roof.OverlappingShingle,92/68/59,Plastic,Workspace.Map.Street.Houses.House3.Structure.Roof.OverlappingShingle,81/57/48,Plastic
0.08,0.0,81.3,28.1,553.2,Workspace.Map.Street.Houses.House3.Structure.Roof.OverlappingShingle,91/67/58,Plastic,Workspace.Map.Street.Houses.House3.Structure.Roof.OverlappingShingle,85/61/52,Plastic
0.08,0.0,81.3,28.1,549.2,Workspace.Map.Street.Houses.House3.Structure.Roof.OverlappingShingle,93/69/60,Plastic,Workspace.Map.Street.Houses.House3.Structure.Roof.OverlappingShingle,89/65/56,Plastic
0.08,0.0,81.3,28.1,545.1,Workspace.Map.Street.Houses.House3.Structure.Roof.OverlappingShingle,92/68/59,Plastic,Workspace.Map.Street.Houses.House3.Structure.Roof.OverlappingShingle,93/69/60,Plastic
0.08,0.0,59.5,38.2,597.8,Workspace.Map.Street.Houses.House3.Structure.Roof.OverlappingShingle,89/65/56,Plastic,Workspace.Map.Street.Houses.House3.Structure.Roof.OverlappingShingle,84/60/51,Plastic
0.08,0.0,59.5,38.2,593.7,Workspace.Map.Street.Houses.House3.Structure.Roof.OverlappingShingle,87/63/54,Plastic,Workspace.Map.Street.Houses.House3.Structure.Roof.OverlappingShingle,86/62/53,Plastic
0.08,0.0,59.5,38.2,589.7,Workspace.Map.Street.Houses.House3.Structure.Roof.OverlappingShingle,94/70/61,Plastic,Workspace.Map.Street.Houses.House3.Structure.Roof.OverlappingShingle,85/61/52,Plastic
0.08,0.0,59.5,38.2,585.6,Workspace.Map.Street.Houses.House3.Structure.Roof.OverlappingShingle,83/59/50,Plastic,Workspace.Map.Street.Houses.House3.Structure.Roof.OverlappingShingle,80/56/47,Plastic
0.08,0.0,59.5,38.2,581.6,Workspace.Map.Street.Houses.House3.Structure.Roof.OverlappingShingle,92/68/59,Plastic,Workspace.Map.Street.Houses.House3.Structure.Roof.OverlappingShingle,83/59/50,Plastic
0.08,0.0,59.5,38.2,577.5,Workspace.Map.Street.Houses.House3.Structure.Roof.OverlappingShingle,85/61/52,Plastic,Workspace.Map.Street.Houses.House3.Structure.Roof.OverlappingShingle,92/68/59,Plastic
0.08,0.0,59.5,38.2,557.3,Workspace.Map.Street.Houses.House3.Structure.Roof.OverlappingShingle,94/70/61,Plastic,Workspace.Map.Street.Houses.House3.Structure.Roof.OverlappingShingle,84/60/51,Plastic
0.08,0.0,59.5,38.2,553.2,Workspace.Map.Street.Houses.House3.Structure.Roof.OverlappingShingle,85/61/52,Plastic,Workspace.Map.Street.Houses.House3.Structure.Roof.OverlappingShingle,93/69/60,Plastic
0.08,0.0,59.5,38.2,549.2,Workspace.Map.Street.Houses.House3.Structure.Roof.OverlappingShingle,90/66/57,Plastic,Workspace.Map.Street.Houses.House3.Structure.Roof.OverlappingShingle,83/59/50,Plastic
0.08,0.0,59.5,38.2,545.1,Workspace.Map.Street.Houses.House3.Structure.Roof.OverlappingShingle,89/65/56,Plastic,Workspace.Map.Street.Houses.House3.Structure.Roof.OverlappingShingle,82/58/49,Plastic
0.08,0.0,59.5,38.2,541.1,Workspace.Map.Street.Houses.House3.Structure.Roof.OverlappingShingle,80/56/47,Plastic,Workspace.Map.Street.Houses.House3.Structure.Roof.OverlappingShingle,84/60/51,Plastic
0.08,0.0,59.5,38.2,533.0,Workspace.Map.Street.Houses.House3.Structure.Roof.OverlappingShingle,80/56/47,Plastic,Workspace.Map.Street.Houses.House3.Structure.Roof.OverlappingShingle,92/68/59,Plastic
0.08,0.0,59.5,38.2,528.9,Workspace.Map.Street.Houses.House3.Structure.Roof.OverlappingShingle,87/63/54,Plastic,Workspace.Map.Street.Houses.House3.Structure.Roof.OverlappingShingle,85/61/52,Plastic
0.08,0.0,53.9,34.8,581.6,Workspace.Map.Street.Houses.House3.Structure.Roof.OverlappingShingle,91/67/58,Plastic,Workspace.Map.Street.Houses.House3.Structure.Roof.OverlappingShingle,80/56/47,Plastic
0.08,0.0,53.9,34.8,577.5,Workspace.Map.Street.Houses.House3.Structure.Roof.OverlappingShingle,81/57/48,Plastic,Workspace.Map.Street.Houses.House3.Structure.Roof.OverlappingShingle,87/63/54,Plastic
0.08,0.0,53.9,34.8,573.5,Workspace.Map.Street.Houses.House3.Structure.Roof.OverlappingShingle,83/59/50,Plastic,Workspace.Map.Street.Houses.House3.Structure.Roof.OverlappingShingle,86/62/53,Plastic
0.08,0.0,53.9,34.8,569.4,Workspace.Map.Street.Houses.House3.Structure.Roof.OverlappingShingle,83/59/50,Plastic,Workspace.Map.Street.Houses.House3.Structure.Roof.OverlappingShingle,92/68/59,Plastic
0.08,0.0,53.9,34.8,565.4,Workspace.Map.Street.Houses.House3.Structure.Roof.OverlappingShingle,87/63/54,Plastic,Workspace.Map.Street.Houses.House3.Structure.Roof.OverlappingShingle,84/60/51,Plastic
0.08,0.0,53.9,34.8,561.3,Workspace.Map.Street.Houses.House3.Structure.Roof.OverlappingShingle,80/56/47,Plastic,Workspace.Map.Street.Houses.House3.Structure.Roof.OverlappingShingle,91/67/58,Plastic
0.08,0.0,53.9,34.8,557.3,Workspace.Map.Street.Houses.House3.Structure.Roof.OverlappingShingle,92/68/59,Plastic,Workspace.Map.Street.Houses.House3.Structure.Roof.OverlappingShingle,82/58/49,Plastic
0.08,0.0,53.9,34.8,553.2,Workspace.Map.Street.Houses.House3.Structure.Roof.OverlappingShingle,81/57/48,Plastic,Workspace.Map.Street.Houses.House3.Structure.Roof.OverlappingShingle,87/63/54,Plastic
0.08,0.0,53.9,34.8,549.2,Workspace.Map.Street.Houses.House3.Structure.Roof.OverlappingShingle,91/67/58,Plastic,Workspace.Map.Street.Houses.House3.Structure.Roof.OverlappingShingle,83/59/50,Plastic
0.08,0.0,53.9,34.8,545.1,Workspace.Map.Street.Houses.House3.Structure.Roof.OverlappingShingle,93/69/60,Plastic,Workspace.Map.Street.Houses.House3.Structure.Roof.OverlappingShingle,90/66/57,Plastic
0.08,0.0,53.9,34.8,541.1,Workspace.Map.Street.Houses.House3.Structure.Roof.OverlappingShingle,90/66/57,Plastic,Workspace.Map.Street.Houses.House3.Structure.Roof.OverlappingShingle,91/67/58,Plastic
0.08,0.0,53.9,34.8,537.0,Workspace.Map.Street.Houses.House3.Structure.Roof.OverlappingShingle,86/62/53,Plastic,Workspace.Map.Street.Houses.House3.Structure.Roof.OverlappingShingle,91/67/58,Plastic
0.08,0.0,53.9,34.8,533.0,Workspace.Map.Street.Houses.House3.Structure.Roof.OverlappingShingle,91/67/58,Plastic,Workspace.Map.Street.Houses.House3.Structure.Roof.OverlappingShingle,81/57/48,Plastic
0.08,0.0,53.9,34.8,528.9,Workspace.Map.Street.Houses.House3.Structure.Roof.OverlappingShingle,81/57/48,Plastic,Workspace.Map.Street.Houses.House3.Structure.Roof.OverlappingShingle,87/63/54,Plastic
0.08,0.0,48.3,31.4,601.8,Workspace.Map.Street.Houses.House3.Structure.Roof.OverlappingShingle,87/63/54,Plastic,Workspace.Map.Street.Houses.House3.Structure.Roof.OverlappingShingle,91/67/58,Plastic
0.08,0.0,48.3,31.4,597.8,Workspace.Map.Street.Houses.House3.Structure.Roof.OverlappingShingle,89/65/56,Plastic,Workspace.Map.Street.Houses.House3.Structure.Roof.OverlappingShingle,82/58/49,Plastic
0.08,0.0,48.3,31.4,593.7,Workspace.Map.Street.Houses.House3.Structure.Roof.OverlappingShingle,89/65/56,Plastic,Workspace.Map.Street.Houses.House3.Structure.Roof.OverlappingShingle,86/62/53,Plastic
0.08,0.0,48.3,31.4,589.7,Workspace.Map.Street.Houses.House3.Structure.Roof.OverlappingShingle,84/60/51,Plastic,Workspace.Map.Street.Houses.House3.Structure.Roof.OverlappingShingle,89/65/56,Plastic
0.08,0.0,48.3,31.4,581.6,Workspace.Map.Street.Houses.House3.Structure.Roof.OverlappingShingle,85/61/52,Plastic,Workspace.Map.Street.Houses.House3.Structure.Roof.OverlappingShingle,92/68/59,Plastic
0.08,0.0,48.3,31.4,577.5,Workspace.Map.Street.Houses.House3.Structure.Roof.OverlappingShingle,86/62/53,Plastic,Workspace.Map.Street.Houses.House3.Structure.Roof.OverlappingShingle,90/66/57,Plastic
0.08,0.0,48.3,31.4,573.5,Workspace.Map.Street.Houses.House3.Structure.Roof.OverlappingShingle,83/59/50,Plastic,Workspace.Map.Street.Houses.House3.Structure.Roof.OverlappingShingle,88/64/55,Plastic
0.08,0.0,48.3,31.4,569.4,Workspace.Map.Street.Houses.House3.Structure.Roof.OverlappingShingle,86/62/53,Plastic,Workspace.Map.Street.Houses.House3.Structure.Roof.OverlappingShingle,94/70/61,Plastic
0.08,0.0,48.3,31.4,565.4,Workspace.Map.Street.Houses.House3.Structure.Roof.OverlappingShingle,80/56/47,Plastic,Workspace.Map.Street.Houses.House3.Structure.Roof.OverlappingShingle,83/59/50,Plastic
0.08,0.0,48.3,31.4,561.3,Workspace.Map.Street.Houses.House3.Structure.Roof.OverlappingShingle,90/66/57,Plastic,Workspace.Map.Street.Houses.House3.Structure.Roof.OverlappingShingle,93/69/60,Plastic
0.08,0.0,48.3,31.4,557.3,Workspace.Map.Street.Houses.House3.Structure.Roof.OverlappingShingle,94/70/61,Plastic,Workspace.Map.Street.Houses.House3.Structure.Roof.OverlappingShingle,85/61/52,Plastic
0.08,0.0,48.3,31.4,549.2,Workspace.Map.Street.Houses.House3.Structure.Roof.OverlappingShingle,85/61/52,Plastic,Workspace.Map.Street.Houses.House3.Structure.Roof.OverlappingShingle,90/66/57,Plastic
0.08,0.0,48.3,31.4,545.1,Workspace.Map.Street.Houses.House3.Structure.Roof.OverlappingShingle,82/58/49,Plastic,Workspace.Map.Street.Houses.House3.Structure.Roof.OverlappingShingle,91/67/58,Plastic
0.08,0.0,48.3,31.4,541.1,Workspace.Map.Street.Houses.House3.Structure.Roof.OverlappingShingle,83/59/50,Plastic,Workspace.Map.Street.Houses.House3.Structure.Roof.OverlappingShingle,92/68/59,Plastic
0.08,0.0,48.3,31.4,537.0,Workspace.Map.Street.Houses.House3.Structure.Roof.OverlappingShingle,92/68/59,Plastic,Workspace.Map.Street.Houses.House3.Structure.Roof.OverlappingShingle,89/65/56,Plastic
0.08,0.0,48.3,31.4,533.0,Workspace.Map.Street.Houses.House3.Structure.Roof.OverlappingShingle,91/67/58,Plastic,Workspace.Map.Street.Houses.House3.Structure.Roof.OverlappingShingle,89/65/56,Plastic
0.08,0.0,42.7,28.1,601.8,Workspace.Map.Street.Houses.House3.Structure.Roof.OverlappingShingle,93/69/60,Plastic,Workspace.Map.Street.Houses.House3.Structure.Roof.OverlappingShingle,86/62/53,Plastic
0.08,0.0,42.7,28.1,597.8,Workspace.Map.Street.Houses.House3.Structure.Roof.OverlappingShingle,85/61/52,Plastic,Workspace.Map.Street.Houses.House3.Structure.Roof.OverlappingShingle,93/69/60,Plastic
0.08,0.0,42.7,28.1,593.7,Workspace.Map.Street.Houses.House3.Structure.Roof.OverlappingShingle,88/64/55,Plastic,Workspace.Map.Street.Houses.House3.Structure.Roof.OverlappingShingle,82/58/49,Plastic
0.08,0.0,42.7,28.1,589.7,Workspace.Map.Street.Houses.House3.Structure.Roof.OverlappingShingle,87/63/54,Plastic,Workspace.Map.Street.Houses.House3.Structure.Roof.OverlappingShingle,85/61/52,Plastic
0.08,0.0,42.7,28.1,581.6,Workspace.Map.Street.Houses.House3.Structure.Roof.OverlappingShingle,88/64/55,Plastic,Workspace.Map.Street.Houses.House3.Structure.Roof.OverlappingShingle,82/58/49,Plastic
0.08,0.0,42.7,28.1,577.5,Workspace.Map.Street.Houses.House3.Structure.Roof.OverlappingShingle,88/64/55,Plastic,Workspace.Map.Street.Houses.House3.Structure.Roof.OverlappingShingle,84/60/51,Plastic
0.08,0.0,42.7,28.1,573.5,Workspace.Map.Street.Houses.House3.Structure.Roof.OverlappingShingle,93/69/60,Plastic,Workspace.Map.Street.Houses.House3.Structure.Roof.OverlappingShingle,84/60/51,Plastic
0.08,0.0,42.7,28.1,569.4,Workspace.Map.Street.Houses.House3.Structure.Roof.OverlappingShingle,87/63/54,Plastic,Workspace.Map.Street.Houses.House3.Structure.Roof.OverlappingShingle,90/66/57,Plastic
0.08,0.0,42.7,28.1,565.4,Workspace.Map.Street.Houses.House3.Structure.Roof.OverlappingShingle,85/61/52,Plastic,Workspace.Map.Street.Houses.House3.Structure.Roof.OverlappingShingle,88/64/55,Plastic
0.08,0.0,42.7,28.1,561.3,Workspace.Map.Street.Houses.House3.Structure.Roof.OverlappingShingle,81/57/48,Plastic,Workspace.Map.Street.Houses.House3.Structure.Roof.OverlappingShingle,89/65/56,Plastic
0.08,0.0,42.7,28.1,557.3,Workspace.Map.Street.Houses.House3.Structure.Roof.OverlappingShingle,90/66/57,Plastic,Workspace.Map.Street.Houses.House3.Structure.Roof.OverlappingShingle,91/67/58,Plastic
0.08,0.0,42.7,28.1,549.2,Workspace.Map.Street.Houses.House3.Structure.Roof.OverlappingShingle,81/57/48,Plastic,Workspace.Map.Street.Houses.House3.Structure.Roof.OverlappingShingle,83/59/50,Plastic
0.08,0.0,42.7,28.1,545.1,Workspace.Map.Street.Houses.House3.Structure.Roof.OverlappingShingle,83/59/50,Plastic,Workspace.Map.Street.Houses.House3.Structure.Roof.OverlappingShingle,91/67/58,Plastic
0.08,0.0,64.5,38.2,601.8,Workspace.Map.Street.Houses.House3.Structure.Roof.OverlappingShingle,92/68/59,Plastic,Workspace.Map.Street.Houses.House3.Structure.Roof.OverlappingShingle,86/62/53,Plastic
0.08,0.0,64.5,38.2,597.8,Workspace.Map.Street.Houses.House3.Structure.Roof.OverlappingShingle,84/60/51,Plastic,Workspace.Map.Street.Houses.House3.Structure.Roof.OverlappingShingle,92/68/59,Plastic
0.08,0.0,64.5,38.2,593.7,Workspace.Map.Street.Houses.House3.Structure.Roof.OverlappingShingle,87/63/54,Plastic,Workspace.Map.Street.Houses.House3.Structure.Roof.OverlappingShingle,83/59/50,Plastic
0.08,0.0,64.5,38.2,589.7,Workspace.Map.Street.Houses.House3.Structure.Roof.OverlappingShingle,87/63/54,Plastic,Workspace.Map.Street.Houses.House3.Structure.Roof.OverlappingShingle,81/57/48,Plastic
0.08,0.0,64.5,38.2,585.6,Workspace.Map.Street.Houses.House3.Structure.Roof.OverlappingShingle,82/58/49,Plastic,Workspace.Map.Street.Houses.House3.Structure.Roof.OverlappingShingle,88/64/55,Plastic
0.08,0.0,64.5,38.2,581.6,Workspace.Map.Street.Houses.House3.Structure.Roof.OverlappingShingle,92/68/59,Plastic,Workspace.Map.Street.Houses.House3.Structure.Roof.OverlappingShingle,90/66/57,Plastic
0.08,0.0,64.5,38.2,577.5,Workspace.Map.Street.Houses.House3.Structure.Roof.OverlappingShingle,82/58/49,Plastic,Workspace.Map.Street.Houses.House3.Structure.Roof.OverlappingShingle,93/69/60,Plastic
0.08,0.0,56.7,36.5,601.8,Workspace.Map.Street.Houses.House3.Structure.Roof.OverlappingShingle,85/61/52,Plastic,Workspace.Map.Street.Houses.House3.Structure.Roof.OverlappingShingle,91/67/58,Plastic
0.08,0.0,56.7,36.5,597.8,Workspace.Map.Street.Houses.House3.Structure.Roof.OverlappingShingle,84/60/51,Plastic,Workspace.Map.Street.Houses.House3.Structure.Roof.OverlappingShingle,92/68/59,Plastic
0.08,0.0,56.7,36.5,589.7,Workspace.Map.Street.Houses.House3.Structure.Roof.OverlappingShingle,85/61/52,Plastic,Workspace.Map.Street.Houses.House3.Structure.Roof.OverlappingShingle,93/69/60,Plastic
0.08,0.0,56.7,36.5,585.6,Workspace.Map.Street.Houses.House3.Structure.Roof.OverlappingShingle,80/56/47,Plastic,Workspace.Map.Street.Houses.House3.Structure.Roof.OverlappingShingle,92/68/59,Plastic
0.08,0.0,56.7,36.5,573.5,Workspace.Map.Street.Houses.House3.Structure.Roof.OverlappingShingle,85/61/52,Plastic,Workspace.Map.Street.Houses.House3.Structure.Roof.OverlappingShingle,83/59/50,Plastic
0.08,0.0,56.7,36.5,569.4,Workspace.Map.Street.Houses.House3.Structure.Roof.OverlappingShingle,94/70/61,Plastic,Workspace.Map.Street.Houses.House3.Structure.Roof.OverlappingShingle,83/59/50,Plastic
0.08,0.0,56.7,36.5,565.4,Workspace.Map.Street.Houses.House3.Structure.Roof.OverlappingShingle,84/60/51,Plastic,Workspace.Map.Street.Houses.House3.Structure.Roof.OverlappingShingle,87/63/54,Plastic
0.08,0.0,56.7,36.5,561.3,Workspace.Map.Street.Houses.House3.Structure.Roof.OverlappingShingle,90/66/57,Plastic,Workspace.Map.Street.Houses.House3.Structure.Roof.OverlappingShingle,80/56/47,Plastic
0.08,0.0,56.7,36.5,557.3,Workspace.Map.Street.Houses.House3.Structure.Roof.OverlappingShingle,84/60/51,Plastic,Workspace.Map.Street.Houses.House3.Structure.Roof.OverlappingShingle,92/68/59,Plastic
0.08,0.0,56.7,36.5,553.2,Workspace.Map.Street.Houses.House3.Structure.Roof.OverlappingShingle,93/69/60,Plastic,Workspace.Map.Street.Houses.House3.Structure.Roof.OverlappingShingle,81/57/48,Plastic
0.08,0.0,56.7,36.5,549.2,Workspace.Map.Street.Houses.House3.Structure.Roof.OverlappingShingle,83/59/50,Plastic,Workspace.Map.Street.Houses.House3.Structure.Roof.OverlappingShingle,91/67/58,Plastic
0.08,0.0,56.7,36.5,545.1,Workspace.Map.Street.Houses.House3.Structure.Roof.OverlappingShingle,82/58/49,Plastic,Workspace.Map.Street.Houses.House3.Structure.Roof.OverlappingShingle,93/69/60,Plastic
0.08,0.0,56.7,36.5,541.1,Workspace.Map.Street.Houses.House3.Structure.Roof.OverlappingShingle,84/60/51,Plastic,Workspace.Map.Street.Houses.House3.Structure.Roof.OverlappingShingle,90/66/57,Plastic
0.08,0.0,56.7,36.5,537.0,Workspace.Map.Street.Houses.House3.Structure.Roof.OverlappingShingle,89/65/56,Plastic,Workspace.Map.Street.Houses.House3.Structure.Roof.OverlappingShingle,86/62/53,Plastic
0.08,0.0,56.7,36.5,533.0,Workspace.Map.Street.Houses.House3.Structure.Roof.OverlappingShingle,92/68/59,Plastic,Workspace.Map.Street.Houses.House3.Structure.Roof.OverlappingShingle,91/67/58,Plastic
0.08,0.0,56.7,36.5,528.9,Workspace.Map.Street.Houses.House3.Structure.Roof.OverlappingShingle,85/61/52,Plastic,Workspace.Map.Street.Houses.House3.Structure.Roof.OverlappingShingle,81/57/48,Plastic
0.08,0.0,51.1,33.1,601.8,Workspace.Map.Street.Houses.House3.Structure.Roof.OverlappingShingle,84/60/51,Plastic,Workspace.Map.Street.Houses.House3.Structure.Roof.OverlappingShingle,87/63/54,Plastic
0.08,0.0,51.1,33.1,597.8,Workspace.Map.Street.Houses.House3.Structure.Roof.OverlappingShingle,84/60/51,Plastic,Workspace.Map.Street.Houses.House3.Structure.Roof.OverlappingShingle,89/65/56,Plastic
0.08,0.0,51.1,33.1,593.7,Workspace.Map.Street.Houses.House3.Structure.Roof.OverlappingShingle,80/56/47,Plastic,Workspace.Map.Street.Houses.House3.Structure.Roof.OverlappingShingle,89/65/56,Plastic
0.08,0.0,51.1,33.1,589.7,Workspace.Map.Street.Houses.House3.Structure.Roof.OverlappingShingle,82/58/49,Plastic,Workspace.Map.Street.Houses.House3.Structure.Roof.OverlappingShingle,84/60/51,Plastic
0.08,0.0,51.1,33.1,585.6,Workspace.Map.Street.Houses.House3.Structure.Roof.OverlappingShingle,84/60/51,Plastic,Workspace.Map.Street.Houses.House3.Structure.Roof.OverlappingShingle,90/66/57,Plastic
0.08,0.0,51.1,33.1,581.6,Workspace.Map.Street.Houses.House3.Structure.Roof.OverlappingShingle,80/56/47,Plastic,Workspace.Map.Street.Houses.House3.Structure.Roof.OverlappingShingle,85/61/52,Plastic
0.08,0.0,51.1,33.1,577.5,Workspace.Map.Street.Houses.House3.Structure.Roof.OverlappingShingle,87/63/54,Plastic,Workspace.Map.Street.Houses.House3.Structure.Roof.OverlappingShingle,86/62/53,Plastic
0.08,0.0,51.1,33.1,569.4,Workspace.Map.Street.Houses.House3.Structure.Roof.OverlappingShingle,92/68/59,Plastic,Workspace.Map.Street.Houses.House3.Structure.Roof.OverlappingShingle,86/62/53,Plastic
0.08,0.0,51.1,33.1,565.4,Workspace.Map.Street.Houses.House3.Structure.Roof.OverlappingShingle,84/60/51,Plastic,Workspace.Map.Street.Houses.House3.Structure.Roof.OverlappingShingle,80/56/47,Plastic
0.08,0.0,51.1,33.1,561.3,Workspace.Map.Street.Houses.House3.Structure.Roof.OverlappingShingle,91/67/58,Plastic,Workspace.Map.Street.Houses.House3.Structure.Roof.OverlappingShingle,90/66/57,Plastic
0.08,0.0,45.5,29.8,601.8,Workspace.Map.Street.Houses.House3.Structure.Roof.OverlappingShingle,91/67/58,Plastic,Workspace.Map.Street.Houses.House3.Structure.Roof.OverlappingShingle,93/69/60,Plastic
0.08,0.0,45.5,29.8,597.8,Workspace.Map.Street.Houses.House3.Structure.Roof.OverlappingShingle,82/58/49,Plastic,Workspace.Map.Street.Houses.House3.Structure.Roof.OverlappingShingle,85/61/52,Plastic
0.08,0.0,45.5,29.8,593.7,Workspace.Map.Street.Houses.House3.Structure.Roof.OverlappingShingle,86/62/53,Plastic,Workspace.Map.Street.Houses.House3.Structure.Roof.OverlappingShingle,88/64/55,Plastic
0.08,0.0,45.5,29.8,589.7,Workspace.Map.Street.Houses.House3.Structure.Roof.OverlappingShingle,89/65/56,Plastic,Workspace.Map.Street.Houses.House3.Structure.Roof.OverlappingShingle,87/63/54,Plastic
0.08,0.0,45.5,29.8,549.2,Workspace.Map.Street.Houses.House3.Structure.Roof.OverlappingShingle,90/66/57,Plastic,Workspace.Map.Street.Houses.House3.Structure.Roof.OverlappingShingle,81/57/48,Plastic
0.08,0.0,45.5,29.8,545.1,Workspace.Map.Street.Houses.House3.Structure.Roof.OverlappingShingle,91/67/58,Plastic,Workspace.Map.Street.Houses.House3.Structure.Roof.OverlappingShingle,83/59/50,Plastic
0.08,0.0,45.5,29.8,541.1,Workspace.Map.Street.Houses.House3.Structure.Roof.OverlappingShingle,92/68/59,Plastic,Workspace.Map.Street.Houses.House3.Structure.Roof.OverlappingShingle,91/67/58,Plastic
0.08,0.0,45.5,29.8,537.0,Workspace.Map.Street.Houses.House3.Structure.Roof.OverlappingShingle,89/65/56,Plastic,Workspace.Map.Street.Houses.House3.Structure.Roof.OverlappingShingle,83/59/50,Plastic
0.08,0.0,45.5,29.8,533.0,Workspace.Map.Street.Houses.House3.Structure.Roof.OverlappingShingle,89/65/56,Plastic,Workspace.Map.Street.Houses.House3.Structure.Roof.OverlappingShingle,81/57/48,Plastic
0.08,0.0,45.5,29.8,528.9,Workspace.Map.Street.Houses.House3.Structure.Roof.OverlappingShingle,80/56/47,Plastic,Workspace.Map.Street.Houses.House3.Structure.Roof.OverlappingShingle,88/64/55,Plastic
0.08,0.0,34.3,23.0,581.6,Workspace.Map.Street.Houses.House3.Structure.Roof.OverlappingShingle,87/63/54,Plastic,Workspace.Map.Street.Houses.House3.Structure.Roof.OverlappingShingle,89/65/56,Plastic
0.08,0.0,34.3,23.0,549.2,Workspace.Map.Street.Houses.House3.Structure.Roof.OverlappingShingle,81/57/48,Plastic,Workspace.Map.Street.Houses.House3.Structure.Roof.OverlappingShingle,93/69/60,Plastic
0.08,0.0,34.3,23.0,545.1,Workspace.Map.Street.Houses.House3.Structure.Roof.OverlappingShingle,81/57/48,Plastic,Workspace.Map.Street.Houses.House3.Structure.Roof.OverlappingShingle,90/66/57,Plastic
0.08,0.0,34.3,23.0,541.1,Workspace.Map.Street.Houses.House3.Structure.Roof.OverlappingShingle,82/58/49,Plastic,Workspace.Map.Street.Houses.House3.Structure.Roof.OverlappingShingle,93/69/60,Plastic
0.08,0.0,34.3,23.0,537.0,Workspace.Map.Street.Houses.House3.Structure.Roof.OverlappingShingle,87/63/54,Plastic,Workspace.Map.Street.Houses.House3.Structure.Roof.OverlappingShingle,81/57/48,Plastic
0.08,0.0,34.3,23.0,533.0,Workspace.Map.Street.Houses.House3.Structure.Roof.OverlappingShingle,89/65/56,Plastic,Workspace.Map.Street.Houses.House3.Structure.Roof.OverlappingShingle,90/66/57,Plastic
0.08,0.0,34.3,23.0,528.9,Workspace.Map.Street.Houses.House3.Structure.Roof.OverlappingShingle,83/59/50,Plastic,Workspace.Map.Street.Houses.House3.Structure.Roof.OverlappingShingle,89/65/56,Plastic
0.08,0.0,86.9,24.7,601.8,Workspace.Map.Street.Houses.House3.Structure.Roof.OverlappingShingle,87/63/54,Plastic,Workspace.Map.Street.Houses.House3.Structure.Roof.OverlappingShingle,93/69/60,Plastic
0.08,0.0,86.9,24.7,597.8,Workspace.Map.Street.Houses.House3.Structure.Roof.OverlappingShingle,86/62/53,Plastic,Workspace.Map.Street.Houses.House3.Structure.Roof.OverlappingShingle,81/57/48,Plastic
0.08,0.0,86.9,24.7,593.7,Workspace.Map.Street.Houses.House3.Structure.Roof.OverlappingShingle,89/65/56,Plastic,Workspace.Map.Street.Houses.House3.Structure.Roof.OverlappingShingle,81/57/48,Plastic
0.08,0.0,86.9,24.7,585.6,Workspace.Map.Street.Houses.House3.Structure.Roof.OverlappingShingle,85/61/52,Plastic,Workspace.Map.Street.Houses.House3.Structure.Roof.OverlappingShingle,89/65/56,Plastic
0.08,0.0,86.9,24.7,581.6,Workspace.Map.Street.Houses.House3.Structure.Roof.OverlappingShingle,89/65/56,Plastic,Workspace.Map.Street.Houses.House3.Structure.Roof.OverlappingShingle,88/64/55,Plastic
0.08,0.0,86.9,24.7,577.5,Workspace.Map.Street.Houses.House3.Structure.Roof.OverlappingShingle,94/70/61,Plastic,Workspace.Map.Street.Houses.House3.Structure.Roof.OverlappingShingle,85/61/52,Plastic
0.08,0.0,86.9,24.7,573.5,Workspace.Map.Street.Houses.House3.Structure.Roof.OverlappingShingle,94/70/61,Plastic,Workspace.Map.Street.Houses.House3.Structure.Roof.OverlappingShingle,92/68/59,Plastic
0.08,0.0,86.9,24.7,569.4,Workspace.Map.Street.Houses.House3.Structure.Roof.OverlappingShingle,84/60/51,Plastic,Workspace.Map.Street.Houses.House3.Structure.Roof.OverlappingShingle,93/69/60,Plastic
0.08,0.0,86.9,24.7,565.4,Workspace.Map.Street.Houses.House3.Structure.Roof.OverlappingShingle,88/64/55,Plastic,Workspace.Map.Street.Houses.House3.Structure.Roof.OverlappingShingle,81/57/48,Plastic
0.08,0.0,86.9,24.7,561.3,Workspace.Map.Street.Houses.House3.Structure.Roof.OverlappingShingle,94/70/61,Plastic,Workspace.Map.Street.Houses.House3.Structure.Roof.OverlappingShingle,83/59/50,Plastic
0.08,0.0,86.9,24.7,557.3,Workspace.Map.Street.Houses.House3.Structure.Roof.OverlappingShingle,94/70/61,Plastic,Workspace.Map.Street.Houses.House3.Structure.Roof.OverlappingShingle,83/59/50,Plastic
0.08,0.0,86.9,24.7,553.2,Workspace.Map.Street.Houses.House3.Structure.Roof.OverlappingShingle,90/66/57,Plastic,Workspace.Map.Street.Houses.House3.Structure.Roof.OverlappingShingle,93/69/60,Plastic
0.08,0.0,86.9,24.7,549.2,Workspace.Map.Street.Houses.House3.Structure.Roof.OverlappingShingle,94/70/61,Plastic,Workspace.Map.Street.Houses.House3.Structure.Roof.OverlappingShingle,87/63/54,Plastic
0.08,0.0,86.9,24.7,545.1,Workspace.Map.Street.Houses.House3.Structure.Roof.OverlappingShingle,94/70/61,Plastic,Workspace.Map.Street.Houses.House3.Structure.Roof.OverlappingShingle,86/62/53,Plastic
0.08,0.0,59.5,38.2,573.5,Workspace.Map.Street.Houses.House3.Structure.Roof.OverlappingShingle,80/56/47,Plastic,Workspace.Map.Street.Houses.House3.Structure.Roof.OverlappingShingle,85/61/52,Plastic
0.08,0.0,59.5,38.2,565.4,Workspace.Map.Street.Houses.House3.Structure.Roof.OverlappingShingle,87/63/54,Plastic,Workspace.Map.Street.Houses.House3.Structure.Roof.OverlappingShingle,84/60/51,Plastic
0.08,0.0,59.5,38.2,561.3,Workspace.Map.Street.Houses.House3.Structure.Roof.OverlappingShingle,89/65/56,Plastic,Workspace.Map.Street.Houses.House3.Structure.Roof.OverlappingShingle,90/66/57,Plastic
0.08,0.0,53.9,34.8,601.8,Workspace.Map.Street.Houses.House3.Structure.Roof.OverlappingShingle,91/67/58,Plastic,Workspace.Map.Street.Houses.House3.Structure.Roof.OverlappingShingle,84/60/51,Plastic
0.08,0.0,53.9,34.8,597.8,Workspace.Map.Street.Houses.House3.Structure.Roof.OverlappingShingle,92/68/59,Plastic,Workspace.Map.Street.Houses.House3.Structure.Roof.OverlappingShingle,84/60/51,Plastic
0.08,0.0,53.9,34.8,593.7,Workspace.Map.Street.Houses.House3.Structure.Roof.OverlappingShingle,86/62/53,Plastic,Workspace.Map.Street.Houses.House3.Structure.Roof.OverlappingShingle,80/56/47,Plastic
0.08,0.0,53.9,34.8,589.7,Workspace.Map.Street.Houses.House3.Structure.Roof.OverlappingShingle,93/69/60,Plastic,Workspace.Map.Street.Houses.House3.Structure.Roof.OverlappingShingle,82/58/49,Plastic
0.08,0.0,53.9,34.8,585.6,Workspace.Map.Street.Houses.House3.Structure.Roof.OverlappingShingle,92/68/59,Plastic,Workspace.Map.Street.Houses.House3.Structure.Roof.OverlappingShingle,84/60/51,Plastic
0.08,0.0,42.7,28.1,541.1,Workspace.Map.Street.Houses.House3.Structure.Roof.OverlappingShingle,91/67/58,Plastic,Workspace.Map.Street.Houses.House3.Structure.Roof.OverlappingShingle,83/59/50,Plastic
0.08,0.0,42.7,28.1,537.0,Workspace.Map.Street.Houses.House3.Structure.Roof.OverlappingShingle,83/59/50,Plastic,Workspace.Map.Street.Houses.House3.Structure.Roof.OverlappingShingle,93/69/60,Plastic
0.08,0.0,42.7,28.1,533.0,Workspace.Map.Street.Houses.House3.Structure.Roof.OverlappingShingle,81/57/48,Plastic,Workspace.Map.Street.Houses.House3.Structure.Roof.OverlappingShingle,88/64/55,Plastic
0.08,0.0,42.7,28.1,528.9,Workspace.Map.Street.Houses.House3.Structure.Roof.OverlappingShingle,88/64/55,Plastic,Workspace.Map.Street.Houses.House3.Structure.Roof.OverlappingShingle,86/62/53,Plastic
0.08,0.0,67.3,36.5,601.8,Workspace.Map.Street.Houses.House3.Structure.Roof.OverlappingShingle,86/62/53,Plastic,Workspace.Map.Street.Houses.House3.Structure.Roof.OverlappingShingle,93/69/60,Plastic
0.08,0.0,67.3,36.5,597.8,Workspace.Map.Street.Houses.House3.Structure.Roof.OverlappingShingle,92/68/59,Plastic,Workspace.Map.Street.Houses.House3.Structure.Roof.OverlappingShingle,80/56/47,Plastic
0.08,0.0,72.9,33.1,601.8,Workspace.Map.Street.Houses.House3.Structure.Roof.OverlappingShingle,82/58/49,Plastic,Workspace.Map.Street.Houses.House3.Structure.Roof.OverlappingShingle,94/70/61,Plastic
0.08,0.0,72.9,33.1,597.8,Workspace.Map.Street.Houses.House3.Structure.Roof.OverlappingShingle,80/56/47,Plastic,Workspace.Map.Street.Houses.House3.Structure.Roof.OverlappingShingle,89/65/56,Plastic
0.08,0.0,72.9,33.1,593.7,Workspace.Map.Street.Houses.House3.Structure.Roof.OverlappingShingle,87/63/54,Plastic,Workspace.Map.Street.Houses.House3.Structure.Roof.OverlappingShingle,82/58/49,Plastic
0.08,0.0,72.9,33.1,589.7,Workspace.Map.Street.Houses.House3.Structure.Roof.OverlappingShingle,90/66/57,Plastic,Workspace.Map.Street.Houses.House3.Structure.Roof.OverlappingShingle,88/64/55,Plastic
0.08,0.0,72.9,33.1,585.6,Workspace.Map.Street.Houses.House3.Structure.Roof.OverlappingShingle,89/65/56,Plastic,Workspace.Map.Street.Houses.House3.Structure.Roof.OverlappingShingle,92/68/59,Plastic
0.08,0.0,72.9,33.1,581.6,Workspace.Map.Street.Houses.House3.Structure.Roof.OverlappingShingle,83/59/50,Plastic,Workspace.Map.Street.Houses.House3.Structure.Roof.OverlappingShingle,81/57/48,Plastic
0.08,0.0,72.9,33.1,577.5,Workspace.Map.Street.Houses.House3.Structure.Roof.OverlappingShingle,89/65/56,Plastic,Workspace.Map.Street.Houses.House3.Structure.Roof.OverlappingShingle,81/57/48,Plastic
0.08,0.0,72.9,33.1,573.5,Workspace.Map.Street.Houses.House3.Structure.Roof.OverlappingShingle,80/56/47,Plastic,Workspace.Map.Street.Houses.House3.Structure.Roof.OverlappingShingle,83/59/50,Plastic
0.08,0.0,72.9,33.1,569.4,Workspace.Map.Street.Houses.House3.Structure.Roof.OverlappingShingle,94/70/61,Plastic,Workspace.Map.Street.Houses.House3.Structure.Roof.OverlappingShingle,92/68/59,Plastic
0.08,0.0,72.9,33.1,565.4,Workspace.Map.Street.Houses.House3.Structure.Roof.OverlappingShingle,94/70/61,Plastic,Workspace.Map.Street.Houses.House3.Structure.Roof.OverlappingShingle,83/59/50,Plastic
0.08,0.0,72.9,33.1,561.3,Workspace.Map.Street.Houses.House3.Structure.Roof.OverlappingShingle,87/63/54,Plastic,Workspace.Map.Street.Houses.House3.Structure.Roof.OverlappingShingle,83/59/50,Plastic
0.08,0.0,72.9,33.1,557.3,Workspace.Map.Street.Houses.House3.Structure.Roof.OverlappingShingle,89/65/56,Plastic,Workspace.Map.Street.Houses.House3.Structure.Roof.OverlappingShingle,86/62/53,Plastic
0.08,0.0,72.9,33.1,553.2,Workspace.Map.Street.Houses.House3.Structure.Roof.OverlappingShingle,86/62/53,Plastic,Workspace.Map.Street.Houses.House3.Structure.Roof.OverlappingShingle,92/68/59,Plastic
0.08,0.0,72.9,33.1,549.2,Workspace.Map.Street.Houses.House3.Structure.Roof.OverlappingShingle,83/59/50,Plastic,Workspace.Map.Street.Houses.House3.Structure.Roof.OverlappingShingle,86/62/53,Plastic
0.08,0.0,72.9,33.1,545.1,Workspace.Map.Street.Houses.House3.Structure.Roof.OverlappingShingle,90/66/57,Plastic,Workspace.Map.Street.Houses.House3.Structure.Roof.OverlappingShingle,81/57/48,Plastic
0.08,0.0,78.5,29.8,593.7,Workspace.Map.Street.Houses.House3.Structure.Roof.OverlappingShingle,86/62/53,Plastic,Workspace.Map.Street.Houses.House3.Structure.Roof.OverlappingShingle,87/63/54,Plastic
0.08,0.0,78.5,29.8,589.7,Workspace.Map.Street.Houses.House3.Structure.Roof.OverlappingShingle,90/66/57,Plastic,Workspace.Map.Street.Houses.House3.Structure.Roof.OverlappingShingle,87/63/54,Plastic
0.08,0.0,78.5,29.8,585.6,Workspace.Map.Street.Houses.House3.Structure.Roof.OverlappingShingle,83/59/50,Plastic,Workspace.Map.Street.Houses.House3.Structure.Roof.OverlappingShingle,90/66/57,Plastic
0.08,0.0,78.5,29.8,581.6,Workspace.Map.Street.Houses.House3.Structure.Roof.OverlappingShingle,92/68/59,Plastic,Workspace.Map.Street.Houses.House3.Structure.Roof.OverlappingShingle,87/63/54,Plastic
0.08,0.0,78.5,29.8,577.5,Workspace.Map.Street.Houses.House3.Structure.Roof.OverlappingShingle,83/59/50,Plastic,Workspace.Map.Street.Houses.House3.Structure.Roof.OverlappingShingle,84/60/51,Plastic
0.08,0.0,78.5,29.8,573.5,Workspace.Map.Street.Houses.House3.Structure.Roof.OverlappingShingle,82/58/49,Plastic,Workspace.Map.Street.Houses.House3.Structure.Roof.OverlappingShingle,84/60/51,Plastic
0.08,0.0,78.5,29.8,569.4,Workspace.Map.Street.Houses.House3.Structure.Roof.OverlappingShingle,91/67/58,Plastic,Workspace.Map.Street.Houses.House3.Structure.Roof.OverlappingShingle,80/56/47,Plastic
0.08,0.0,78.5,29.8,565.4,Workspace.Map.Street.Houses.House3.Structure.Roof.OverlappingShingle,82/58/49,Plastic,Workspace.Map.Street.Houses.House3.Structure.Roof.OverlappingShingle,80/56/47,Plastic
0.08,0.0,78.5,29.8,561.3,Workspace.Map.Street.Houses.House3.Structure.Roof.OverlappingShingle,84/60/51,Plastic,Workspace.Map.Street.Houses.House3.Structure.Roof.OverlappingShingle,92/68/59,Plastic
0.08,0.0,78.5,29.8,557.3,Workspace.Map.Street.Houses.House3.Structure.Roof.OverlappingShingle,80/56/47,Plastic,Workspace.Map.Street.Houses.House3.Structure.Roof.OverlappingShingle,94/70/61,Plastic
0.08,0.0,78.5,29.8,553.2,Workspace.Map.Street.Houses.House3.Structure.Roof.OverlappingShingle,89/65/56,Plastic,Workspace.Map.Street.Houses.House3.Structure.Roof.OverlappingShingle,91/67/58,Plastic
0.08,0.0,78.5,29.8,549.2,Workspace.Map.Street.Houses.House3.Structure.Roof.OverlappingShingle,86/62/53,Plastic,Workspace.Map.Street.Houses.House3.Structure.Roof.OverlappingShingle,93/69/60,Plastic
0.08,0.0,78.5,29.8,545.1,Workspace.Map.Street.Houses.House3.Structure.Roof.OverlappingShingle,81/57/48,Plastic,Workspace.Map.Street.Houses.House3.Structure.Roof.OverlappingShingle,92/68/59,Plastic
0.08,0.0,84.1,26.4,581.6,Workspace.Map.Street.Houses.House3.Structure.Roof.OverlappingShingle,90/66/57,Plastic,Workspace.Map.Street.Houses.House3.Structure.Roof.OverlappingShingle,89/65/56,Plastic
0.08,0.0,84.1,26.4,577.5,Workspace.Map.Street.Houses.House3.Structure.Roof.OverlappingShingle,93/69/60,Plastic,Workspace.Map.Street.Houses.House3.Structure.Roof.OverlappingShingle,94/70/61,Plastic
0.08,0.0,84.1,26.4,573.5,Workspace.Map.Street.Houses.House3.Structure.Roof.OverlappingShingle,88/64/55,Plastic,Workspace.Map.Street.Houses.House3.Structure.Roof.OverlappingShingle,94/70/61,Plastic
0.08,0.0,84.1,26.4,569.4,Workspace.Map.Street.Houses.House3.Structure.Roof.OverlappingShingle,89/65/56,Plastic,Workspace.Map.Street.Houses.House3.Structure.Roof.OverlappingShingle,84/60/51,Plastic
0.08,0.0,84.1,26.4,565.4,Workspace.Map.Street.Houses.House3.Structure.Roof.OverlappingShingle,84/60/51,Plastic,Workspace.Map.Street.Houses.House3.Structure.Roof.OverlappingShingle,88/64/55,Plastic
0.08,0.0,84.1,26.4,561.3,Workspace.Map.Street.Houses.House3.Structure.Roof.OverlappingShingle,81/57/48,Plastic,Workspace.Map.Street.Houses.House3.Structure.Roof.OverlappingShingle,94/70/61,Plastic
0.08,0.0,84.1,26.4,553.2,Workspace.Map.Street.Houses.House3.Structure.Roof.OverlappingShingle,85/61/52,Plastic,Workspace.Map.Street.Houses.House3.Structure.Roof.OverlappingShingle,90/66/57,Plastic
0.08,0.0,84.1,26.4,549.2,Workspace.Map.Street.Houses.House3.Structure.Roof.OverlappingShingle,89/65/56,Plastic,Workspace.Map.Street.Houses.House3.Structure.Roof.OverlappingShingle,94/70/61,Plastic
0.08,0.0,84.1,26.4,545.1,Workspace.Map.Street.Houses.House3.Structure.Roof.OverlappingShingle,93/69/60,Plastic,Workspace.Map.Street.Houses.House3.Structure.Roof.OverlappingShingle,94/70/61,Plastic
0.08,0.0,84.1,26.4,541.1,Workspace.Map.Street.Houses.House3.Structure.Roof.OverlappingShingle,83/59/50,Plastic,Workspace.Map.Street.Houses.House3.Structure.Roof.OverlappingShingle,92/68/59,Plastic
0.08,0.0,84.1,26.4,537.0,Workspace.Map.Street.Houses.House3.Structure.Roof.OverlappingShingle,88/64/55,Plastic,Workspace.Map.Street.Houses.House3.Structure.Roof.OverlappingShingle,89/65/56,Plastic
0.08,0.0,84.1,26.4,533.0,Workspace.Map.Street.Houses.House3.Structure.Roof.OverlappingShingle,87/63/54,Plastic,Workspace.Map.Street.Houses.House3.Structure.Roof.OverlappingShingle,94/70/61,Plastic
0.08,0.0,84.1,26.4,528.9,Workspace.Map.Street.Houses.House3.Structure.Roof.OverlappingShingle,91/67/58,Plastic,Workspace.Map.Street.Houses.House3.Structure.Roof.OverlappingShingle,81/57/48,Plastic
0.08,0.0,89.7,23.0,601.8,Workspace.Map.Street.Houses.House3.Structure.Roof.OverlappingShingle,93/69/60,Plastic,Workspace.Map.Street.Houses.House3.Structure.Roof.OverlappingShingle,85/61/52,Plastic
0.08,0.0,89.7,23.0,597.8,Workspace.Map.Street.Houses.House3.Structure.Roof.OverlappingShingle,81/57/48,Plastic,Workspace.Map.Street.Houses.House3.Structure.Roof.OverlappingShingle,86/62/53,Plastic
0.08,0.0,89.7,23.0,589.7,Workspace.Map.Street.Houses.House3.Structure.Roof.OverlappingShingle,80/56/47,Plastic,Workspace.Map.Street.Houses.House3.Structure.Roof.OverlappingShingle,82/58/49,Plastic
0.08,0.0,89.7,23.0,541.1,Workspace.Map.Street.Houses.House3.Structure.Roof.OverlappingShingle,86/62/53,Plastic,Workspace.Map.Street.Houses.House3.Structure.Roof.OverlappingShingle,83/59/50,Plastic
0.08,0.0,89.7,23.0,537.0,Workspace.Map.Street.Houses.House3.Structure.Roof.OverlappingShingle,86/62/53,Plastic,Workspace.Map.Street.Houses.House3.Structure.Roof.OverlappingShingle,93/69/60,Plastic
0.08,0.0,89.7,23.0,528.9,Workspace.Map.Street.Houses.House3.Structure.Roof.OverlappingShingle,87/63/54,Plastic,Workspace.Map.Street.Houses.House3.Structure.Roof.OverlappingShingle,85/61/52,Plastic
0.08,0.0,64.5,38.2,573.5,Workspace.Map.Street.Houses.House3.Structure.Roof.OverlappingShingle,83/59/50,Plastic,Workspace.Map.Street.Houses.House3.Structure.Roof.OverlappingShingle,90/66/57,Plastic
0.08,0.0,64.5,38.2,565.4,Workspace.Map.Street.Houses.House3.Structure.Roof.OverlappingShingle,80/56/47,Plastic,Workspace.Map.Street.Houses.House3.Structure.Roof.OverlappingShingle,84/60/51,Plastic
0.08,0.0,64.5,38.2,561.3,Workspace.Map.Street.Houses.House3.Structure.Roof.OverlappingShingle,86/62/53,Plastic,Workspace.Map.Street.Houses.House3.Structure.Roof.OverlappingShingle,89/65/56,Plastic
0.08,0.0,64.5,38.2,557.3,Workspace.Map.Street.Houses.House3.Structure.Roof.OverlappingShingle,85/61/52,Plastic,Workspace.Map.Street.Houses.House3.Structure.Roof.OverlappingShingle,81/57/48,Plastic
0.08,0.0,64.5,38.2,553.2,Workspace.Map.Street.Houses.House3.Structure.Roof.OverlappingShingle,87/63/54,Plastic,Workspace.Map.Street.Houses.House3.Structure.Roof.OverlappingShingle,92/68/59,Plastic
0.08,0.0,64.5,38.2,545.1,Workspace.Map.Street.Houses.House3.Structure.Roof.OverlappingShingle,92/68/59,Plastic,Workspace.Map.Street.Houses.House3.Structure.Roof.OverlappingShingle,82/58/49,Plastic
0.08,0.0,64.5,38.2,541.1,Workspace.Map.Street.Houses.House3.Structure.Roof.OverlappingShingle,93/69/60,Plastic,Workspace.Map.Street.Houses.House3.Structure.Roof.OverlappingShingle,90/66/57,Plastic
0.08,0.0,64.5,38.2,537.0,Workspace.Map.Street.Houses.House3.Structure.Roof.OverlappingShingle,91/67/58,Plastic,Workspace.Map.Street.Houses.House3.Structure.Roof.OverlappingShingle,93/69/60,Plastic
0.08,0.0,64.5,38.2,533.0,Workspace.Map.Street.Houses.House3.Structure.Roof.OverlappingShingle,87/63/54,Plastic,Workspace.Map.Street.Houses.House3.Structure.Roof.OverlappingShingle,83/59/50,Plastic
0.08,0.0,64.5,38.2,528.9,Workspace.Map.Street.Houses.House3.Structure.Roof.OverlappingShingle,93/69/60,Plastic,Workspace.Map.Street.Houses.House3.Structure.Roof.OverlappingShingle,81/57/48,Plastic
0.08,0.0,56.7,36.5,581.6,Workspace.Map.Street.Houses.House3.Structure.Roof.OverlappingShingle,83/59/50,Plastic,Workspace.Map.Street.Houses.House3.Structure.Roof.OverlappingShingle,91/67/58,Plastic
0.08,0.0,56.7,36.5,577.5,Workspace.Map.Street.Houses.House3.Structure.Roof.OverlappingShingle,92/68/59,Plastic,Workspace.Map.Street.Houses.House3.Structure.Roof.OverlappingShingle,81/57/48,Plastic
0.08,0.0,51.1,33.1,553.2,Workspace.Map.Street.Houses.House3.Structure.Roof.OverlappingShingle,87/63/54,Plastic,Workspace.Map.Street.Houses.House3.Structure.Roof.OverlappingShingle,85/61/52,Plastic
0.08,0.0,51.1,33.1,549.2,Workspace.Map.Street.Houses.House3.Structure.Roof.OverlappingShingle,83/59/50,Plastic,Workspace.Map.Street.Houses.House3.Structure.Roof.OverlappingShingle,85/61/52,Plastic
0.08,0.0,51.1,33.1,545.1,Workspace.Map.Street.Houses.House3.Structure.Roof.OverlappingShingle,90/66/57,Plastic,Workspace.Map.Street.Houses.House3.Structure.Roof.OverlappingShingle,82/58/49,Plastic
0.08,0.0,51.1,33.1,541.1,Workspace.Map.Street.Houses.House3.Structure.Roof.OverlappingShingle,91/67/58,Plastic,Workspace.Map.Street.Houses.House3.Structure.Roof.OverlappingShingle,83/59/50,Plastic
0.08,0.0,51.1,33.1,537.0,Workspace.Map.Street.Houses.House3.Structure.Roof.OverlappingShingle,91/67/58,Plastic,Workspace.Map.Street.Houses.House3.Structure.Roof.OverlappingShingle,92/68/59,Plastic
0.08,0.0,51.1,33.1,533.0,Workspace.Map.Street.Houses.House3.Structure.Roof.OverlappingShingle,81/57/48,Plastic,Workspace.Map.Street.Houses.House3.Structure.Roof.OverlappingShingle,91/67/58,Plastic
0.08,0.0,51.1,33.1,528.9,Workspace.Map.Street.Houses.House3.Structure.Roof.OverlappingShingle,87/63/54,Plastic,Workspace.Map.Street.Houses.House3.Structure.Roof.OverlappingShingle,80/56/47,Plastic
0.08,0.0,45.5,29.8,585.6,Workspace.Map.Street.Houses.House3.Structure.Roof.OverlappingShingle,90/66/57,Plastic,Workspace.Map.Street.Houses.House3.Structure.Roof.OverlappingShingle,80/56/47,Plastic
0.08,0.0,45.5,29.8,581.6,Workspace.Map.Street.Houses.House3.Structure.Roof.OverlappingShingle,92/68/59,Plastic,Workspace.Map.Street.Houses.House3.Structure.Roof.OverlappingShingle,88/64/55,Plastic
0.08,0.0,45.5,29.8,577.5,Workspace.Map.Street.Houses.House3.Structure.Roof.OverlappingShingle,90/66/57,Plastic,Workspace.Map.Street.Houses.House3.Structure.Roof.OverlappingShingle,88/64/55,Plastic
0.08,0.0,45.5,29.8,573.5,Workspace.Map.Street.Houses.House3.Structure.Roof.OverlappingShingle,88/64/55,Plastic,Workspace.Map.Street.Houses.House3.Structure.Roof.OverlappingShingle,93/69/60,Plastic
0.08,0.0,45.5,29.8,569.4,Workspace.Map.Street.Houses.House3.Structure.Roof.OverlappingShingle,94/70/61,Plastic,Workspace.Map.Street.Houses.House3.Structure.Roof.OverlappingShingle,87/63/54,Plastic
0.08,0.0,45.5,29.8,565.4,Workspace.Map.Street.Houses.House3.Structure.Roof.OverlappingShingle,83/59/50,Plastic,Workspace.Map.Street.Houses.House3.Structure.Roof.OverlappingShingle,85/61/52,Plastic
0.08,0.0,45.5,29.8,561.3,Workspace.Map.Street.Houses.House3.Structure.Roof.OverlappingShingle,93/69/60,Plastic,Workspace.Map.Street.Houses.House3.Structure.Roof.OverlappingShingle,81/57/48,Plastic
0.08,0.0,45.5,29.8,557.3,Workspace.Map.Street.Houses.House3.Structure.Roof.OverlappingShingle,85/61/52,Plastic,Workspace.Map.Street.Houses.House3.Structure.Roof.OverlappingShingle,90/66/57,Plastic
0.08,0.0,45.5,29.8,553.2,Workspace.Map.Street.Houses.House3.Structure.Roof.OverlappingShingle,93/69/60,Plastic,Workspace.Map.Street.Houses.House3.Structure.Roof.OverlappingShingle,83/59/50,Plastic
0.08,0.0,34.3,23.0,601.8,Workspace.Map.Street.Houses.House3.Structure.Roof.OverlappingShingle,91/67/58,Plastic,Workspace.Map.Street.Houses.House3.Structure.Roof.OverlappingShingle,92/68/59,Plastic
0.08,0.0,34.3,23.0,597.8,Workspace.Map.Street.Houses.House3.Structure.Roof.OverlappingShingle,81/57/48,Plastic,Workspace.Map.Street.Houses.House3.Structure.Roof.OverlappingShingle,92/68/59,Plastic
0.08,0.0,34.3,23.0,593.7,Workspace.Map.Street.Houses.House3.Structure.Roof.OverlappingShingle,81/57/48,Plastic,Workspace.Map.Street.Houses.House3.Structure.Roof.OverlappingShingle,80/56/47,Plastic
0.08,0.0,34.3,23.0,589.7,Workspace.Map.Street.Houses.House3.Structure.Roof.OverlappingShingle,84/60/51,Plastic,Workspace.Map.Street.Houses.House3.Structure.Roof.OverlappingShingle,89/65/56,Plastic
0.08,0.0,34.3,23.0,585.6,Workspace.Map.Street.Houses.House3.Structure.Roof.OverlappingShingle,85/61/52,Plastic,Workspace.Map.Street.Houses.House3.Structure.Roof.OverlappingShingle,84/60/51,Plastic
0.08,0.0,70.1,34.8,593.7,Workspace.Map.Street.Houses.House3.Structure.Roof.OverlappingShingle,89/65/56,Plastic,Workspace.Map.Street.Houses.House3.Structure.Roof.OverlappingShingle,87/63/54,Plastic
0.08,0.0,70.1,34.8,589.7,Workspace.Map.Street.Houses.House3.Structure.Roof.OverlappingShingle,83/59/50,Plastic,Workspace.Map.Street.Houses.House3.Structure.Roof.OverlappingShingle,90/66/57,Plastic
0.08,0.0,70.1,34.8,585.6,Workspace.Map.Street.Houses.House3.Structure.Roof.OverlappingShingle,87/63/54,Plastic,Workspace.Map.Street.Houses.House3.Structure.Roof.OverlappingShingle,89/65/56,Plastic
0.08,0.0,70.1,34.8,581.6,Workspace.Map.Street.Houses.House3.Structure.Roof.OverlappingShingle,87/63/54,Plastic,Workspace.Map.Street.Houses.House3.Structure.Roof.OverlappingShingle,83/59/50,Plastic
0.08,0.0,70.1,34.8,577.5,Workspace.Map.Street.Houses.House3.Structure.Roof.OverlappingShingle,85/61/52,Plastic,Workspace.Map.Street.Houses.House3.Structure.Roof.OverlappingShingle,89/65/56,Plastic
0.08,0.0,70.1,34.8,573.5,Workspace.Map.Street.Houses.House3.Structure.Roof.OverlappingShingle,90/66/57,Plastic,Workspace.Map.Street.Houses.House3.Structure.Roof.OverlappingShingle,80/56/47,Plastic
0.08,0.0,70.1,34.8,569.4,Workspace.Map.Street.Houses.House3.Structure.Roof.OverlappingShingle,89/65/56,Plastic,Workspace.Map.Street.Houses.House3.Structure.Roof.OverlappingShingle,94/70/61,Plastic
0.08,0.0,70.1,34.8,565.4,Workspace.Map.Street.Houses.House3.Structure.Roof.OverlappingShingle,81/57/48,Plastic,Workspace.Map.Street.Houses.House3.Structure.Roof.OverlappingShingle,94/70/61,Plastic
0.08,0.0,70.1,34.8,561.3,Workspace.Map.Street.Houses.House3.Structure.Roof.OverlappingShingle,84/60/51,Plastic,Workspace.Map.Street.Houses.House3.Structure.Roof.OverlappingShingle,87/63/54,Plastic
0.08,0.0,70.1,34.8,557.3,Workspace.Map.Street.Houses.House3.Structure.Roof.OverlappingShingle,83/59/50,Plastic,Workspace.Map.Street.Houses.House3.Structure.Roof.OverlappingShingle,89/65/56,Plastic
0.08,0.0,70.1,34.8,553.2,Workspace.Map.Street.Houses.House3.Structure.Roof.OverlappingShingle,83/59/50,Plastic,Workspace.Map.Street.Houses.House3.Structure.Roof.OverlappingShingle,86/62/53,Plastic
0.08,0.0,70.1,34.8,549.2,Workspace.Map.Street.Houses.House3.Structure.Roof.OverlappingShingle,84/60/51,Plastic,Workspace.Map.Street.Houses.House3.Structure.Roof.OverlappingShingle,83/59/50,Plastic
0.08,0.0,70.1,34.8,545.1,Workspace.Map.Street.Houses.House3.Structure.Roof.OverlappingShingle,92/68/59,Plastic,Workspace.Map.Street.Houses.House3.Structure.Roof.OverlappingShingle,90/66/57,Plastic
0.08,0.0,70.1,34.8,541.1,Workspace.Map.Street.Houses.House3.Structure.Roof.OverlappingShingle,81/57/48,Plastic,Workspace.Map.Street.Houses.House3.Structure.Roof.OverlappingShingle,85/61/52,Plastic
0.08,0.0,70.1,34.8,537.0,Workspace.Map.Street.Houses.House3.Structure.Roof.OverlappingShingle,82/58/49,Plastic,Workspace.Map.Street.Houses.House3.Structure.Roof.OverlappingShingle,81/57/48,Plastic
0.08,0.0,70.1,34.8,533.0,Workspace.Map.Street.Houses.House3.Structure.Roof.OverlappingShingle,81/57/48,Plastic,Workspace.Map.Street.Houses.House3.Structure.Roof.OverlappingShingle,86/62/53,Plastic
0.08,0.0,70.1,34.8,528.9,Workspace.Map.Street.Houses.House3.Structure.Roof.OverlappingShingle,84/60/51,Plastic,Workspace.Map.Street.Houses.House3.Structure.Roof.OverlappingShingle,91/67/58,Plastic
0.08,0.0,75.7,31.4,601.8,Workspace.Map.Street.Houses.House3.Structure.Roof.OverlappingShingle,94/70/61,Plastic,Workspace.Map.Street.Houses.House3.Structure.Roof.OverlappingShingle,86/62/53,Plastic
0.08,0.0,75.7,31.4,597.8,Workspace.Map.Street.Houses.House3.Structure.Roof.OverlappingShingle,89/65/56,Plastic,Workspace.Map.Street.Houses.House3.Structure.Roof.OverlappingShingle,85/61/52,Plastic
0.08,0.0,75.7,31.4,533.0,Workspace.Map.Street.Houses.House3.Structure.Roof.OverlappingShingle,83/59/50,Plastic,Workspace.Map.Street.Houses.House3.Structure.Roof.OverlappingShingle,81/57/48,Plastic
0.08,0.0,75.7,31.4,528.9,Workspace.Map.Street.Houses.House3.Structure.Roof.OverlappingShingle,83/59/50,Plastic,Workspace.Map.Street.Houses.House3.Structure.Roof.OverlappingShingle,85/61/52,Plastic
0.08,0.0,81.3,28.1,601.8,Workspace.Map.Street.Houses.House3.Structure.Roof.OverlappingShingle,86/62/53,Plastic,Workspace.Map.Street.Houses.House3.Structure.Roof.OverlappingShingle,90/66/57,Plastic
0.08,0.0,81.3,28.1,597.8,Workspace.Map.Street.Houses.House3.Structure.Roof.OverlappingShingle,87/63/54,Plastic,Workspace.Map.Street.Houses.House3.Structure.Roof.OverlappingShingle,94/70/61,Plastic
0.08,0.0,81.3,28.1,593.7,Workspace.Map.Street.Houses.House3.Structure.Roof.OverlappingShingle,87/63/54,Plastic,Workspace.Map.Street.Houses.House3.Structure.Roof.OverlappingShingle,91/67/58,Plastic
0.08,0.0,81.3,28.1,589.7,Workspace.Map.Street.Houses.House3.Structure.Roof.OverlappingShingle,87/63/54,Plastic,Workspace.Map.Street.Houses.House3.Structure.Roof.OverlappingShingle,81/57/48,Plastic
0.08,0.0,81.3,28.1,585.6,Workspace.Map.Street.Houses.House3.Structure.Roof.OverlappingShingle,90/66/57,Plastic,Workspace.Map.Street.Houses.House3.Structure.Roof.OverlappingShingle,83/59/50,Plastic
0.08,0.0,81.3,28.1,541.1,Workspace.Map.Street.Houses.House3.Structure.Roof.OverlappingShingle,92/68/59,Plastic,Workspace.Map.Street.Houses.House3.Structure.Roof.OverlappingShingle,83/59/50,Plastic
0.08,0.0,81.3,28.1,537.0,Workspace.Map.Street.Houses.House3.Structure.Roof.OverlappingShingle,81/57/48,Plastic,Workspace.Map.Street.Houses.House3.Structure.Roof.OverlappingShingle,88/64/55,Plastic
0.08,0.0,81.3,28.1,533.0,Workspace.Map.Street.Houses.House3.Structure.Roof.OverlappingShingle,82/58/49,Plastic,Workspace.Map.Street.Houses.House3.Structure.Roof.OverlappingShingle,87/63/54,Plastic
0.08,0.0,81.3,28.1,528.9,Workspace.Map.Street.Houses.House3.Structure.Roof.OverlappingShingle,88/64/55,Plastic,Workspace.Map.Street.Houses.House3.Structure.Roof.OverlappingShingle,91/67/58,Plastic
0.08,0.041,194.5,4.6,-27.8,Workspace.Map.Hub.CostumeShop.Mannequins.Vampire.Art.CostumeArt.UpperTorso,170/10/30,SmoothPlastic,ServerStorage.ArtBackups.CostumeShopArt_BeforeSkins.Vampire.CapeFlare,38/22/50,SmoothPlastic
0.08,0.025,211.9,11.6,-38.6,Workspace.Map.Hub.CostumeShop.Mannequins.Mummy.Art.CostumeArt.Head,20/16/24,SmoothPlastic,Workspace.Map.Hub.CostumeShop.Mannequins.Mummy.Art.CostumeArt.Head,180/165/125,SmoothPlastic
0.08,0.057,193.5,6.4,-27.8,Workspace.Map.Hub.CostumeShop.Mannequins.Vampire.Art.CostumeArt.UpperTorso,28/22/34,SmoothPlastic,ServerStorage.ArtBackups.CostumeShopArt_BeforeSkins.Vampire.Chain,255/196/60,Metal
0.08,0.055,210.9,10.7,-62.6,Workspace.Map.Hub.CostumeShop.Mannequins.Werewolf.Art.CostumeArt.UpperTorso,110/20/25,SmoothPlastic,Workspace.Map.Hub.CostumeShop.Mannequins.Werewolf.Art.CostumeArt.UpperTorso,150/115/85,SmoothPlastic
0.08,0.043,213.1,11.6,-14.4,Workspace.Map.Hub.CostumeShop.Mannequins.Devil.Art.CostumeArt.Head,205/30/30,SmoothPlastic,Workspace.Map.Hub.CostumeShop.Mannequins.Devil.Art.CostumeArt.Head,255/225/60,Neon
0.08,0.035,212.8,8.7,-49.8,Workspace.Map.Hub.CostumeShop.Mannequins.Reaper.Art.CostumeArt.LeftLowerArm,30/28/38,SmoothPlastic,Workspace.Map.Hub.CostumeShop.Mannequins.Reaper.Art.CostumeArt.LowerTorso,16/15/22,SmoothPlastic
0.07,0.033,94.2,1.5,207.6,Workspace.Map.Street.Houses.House1.Decor.Backyard.PumpkinPatch.JackOLantern.Mouth,255/200/60,Neon,Workspace.Map.Street.Houses.House1.Decor.Backyard.PumpkinPatch.JackOLantern.Tooth,232/120/30,Plastic
0.07,0.033,94.2,1.5,207.6,Workspace.Map.Street.Houses.House1.Decor.Backyard.PumpkinPatch.JackOLantern.Mouth,255/200/60,Neon,ServerStorage.MapBackup_BeforeRearrange2.Street.Houses.House1.Decor.Backyard.PumpkinPatch.JackOLantern.Tooth,232/120/30,Plastic
0.07,0.033,94.2,1.5,207.6,Workspace.Map.Street.Houses.House1.Decor.Backyard.PumpkinPatch.JackOLantern.Tooth,232/120/30,Plastic,ServerStorage.MapBackup_BeforeRearrange2.Street.Houses.House1.Decor.Backyard.PumpkinPatch.JackOLantern.Mouth,255/200/60,Neon
0.07,0.055,191.2,8.8,-47.3,Workspace.Map.Hub.CostumeShop.Mannequins.Pumpkin.Art.CostumeArt.Head,245/120/20,SmoothPlastic,Workspace.Map.Hub.CostumeShop.Mannequins.Pumpkin.Art.CostumeArt.Head,255/210/70,Neon
0.07,0.02,191.6,4.4,-59.2,Workspace.Map.Hub.CostumeShop.Mannequins.Ghost.Art.CostumeArt.RightHand,240/110/20,SmoothPlastic,Workspace.Map.Hub.CostumeShop.Mannequins.Ghost.Art.CostumeArt.RightHand,200/90/20,SmoothPlastic
0.07,0.045,193.0,5.9,-17.7,Workspace.Map.Hub.CostumeShop.Mannequins.Skeleton.Art.CostumeArt.LowerTorso,20/18/24,SmoothPlastic,Workspace.Map.Hub.CostumeShop.Mannequins.Skeleton.Art.CostumeArt.LowerTorso,200/195/175,SmoothPlastic
0.07,0.04,192.7,7.7,-38.4,Workspace.Map.Hub.CostumeShop.Mannequins.Witch.Art.CostumeArt.UpperTorso,95/50/135,SmoothPlastic,Workspace.Map.Hub.CostumeShop.Mannequins.Witch.Art.CostumeArt.Head,25/20/30,SmoothPlastic
0.07,0.007,213.9,9.4,-16.2,Workspace.Map.Hub.CostumeShop.Mannequins.Devil.Art.CostumeArt.RightLowerArm,205/30/30,SmoothPlastic,ServerStorage.ArtBackups.CostumeShopArt_BeforeSkins.Devil.LeftWing,140/15/20,SmoothPlastic
0.07,0.043,210.8,11.7,-62.3,Workspace.Map.Hub.CostumeShop.Mannequins.Werewolf.Art.CostumeArt.Head,110/78/55,SmoothPlastic,Workspace.Map.Hub.CostumeShop.Mannequins.Werewolf.Art.CostumeArt.Head,255/215/40,Neon
0.07,0.055,212.0,10.4,-38.6,Workspace.Map.Hub.CostumeShop.Mannequins.Mummy.Art.CostumeArt.UpperTorso,180/165/125,SmoothPlastic,Workspace.Map.Hub.CostumeShop.Mannequins.Mummy.Art.CostumeArt.UpperTorso,40/140/150,Metal
0.07,0.005,191.7,5.0,-59.8,Workspace.Map.Hub.CostumeShop.Mannequins.Ghost.Art.CostumeArt.RightLowerArm,190/194/215,SmoothPlastic,ServerStorage.ArtBackups.CostumeShopArt_BeforeSkins.Ghost.LeftArmTip,215/218/235,SmoothPlastic
0.06,0.012,211.5,12.2,-63.1,Workspace.Map.Hub.CostumeShop.Mannequins.Werewolf.Art.CostumeArt.Head,110/78/55,SmoothPlastic,Workspace.Map.Hub.CostumeShop.Mannequins.Werewolf.Art.CostumeArt.Head,78/55/40,SmoothPlastic
0.06,0.012,211.5,12.2,-62.2,Workspace.Map.Hub.CostumeShop.Mannequins.Werewolf.Art.CostumeArt.Head,110/78/55,SmoothPlastic,Workspace.Map.Hub.CostumeShop.Mannequins.Werewolf.Art.CostumeArt.Head,78/55/40,SmoothPlastic
0.06,0.014,191.7,5.1,-59.5,Workspace.Map.Hub.CostumeShop.Mannequins.Ghost.Art.CostumeArt.RightHand,240/110/20,SmoothPlastic,ServerStorage.ArtBackups.CostumeShopArt_BeforeSkins.Ghost.LeftArmDrape,245/245/252,SmoothPlastic
0.06,0.012,213.2,10.9,-27.5,Workspace.Map.Hub.CostumeShop.Mannequins.Frankenstein.Art.CostumeArt.Head,150/150/160,Metal,ServerStorage.ArtBackups.CostumeShopArt_BeforeSkins.Frankenstein.Head,115/175/90,SmoothPlastic
0.06,0.012,213.2,10.9,-25.8,Workspace.Map.Hub.CostumeShop.Mannequins.Frankenstein.Art.CostumeArt.Head,150/150/160,Metal,ServerStorage.ArtBackups.CostumeShopArt_BeforeSkins.Frankenstein.Head,115/175/90,SmoothPlastic
0.06,0.046,194.4,4.5,-28.3,Workspace.Map.Hub.CostumeShop.Mannequins.Vampire.Art.CostumeArt.RightUpperLeg,28/22/34,SmoothPlastic,ServerStorage.ArtBackups.CostumeShopArt_BeforeSkins.Vampire.CapeFlare,38/22/50,SmoothPlastic
0.06,0.046,194.4,4.5,-27.3,Workspace.Map.Hub.CostumeShop.Mannequins.Vampire.Art.CostumeArt.LeftUpperLeg,28/22/34,SmoothPlastic,ServerStorage.ArtBackups.CostumeShopArt_BeforeSkins.Vampire.CapeFlare,38/22/50,SmoothPlastic
0.06,0.005,191.7,5.3,-59.8,Workspace.Map.Hub.CostumeShop.Mannequins.Ghost.Art.CostumeArt.RightLowerArm,190/194/215,SmoothPlastic,ServerStorage.ArtBackups.CostumeShopArt_BeforeSkins.Ghost.LeftArmDrape,245/245/252,SmoothPlastic
0.06,0.04,211.2,11.5,-50.4,Workspace.Map.Hub.CostumeShop.Mannequins.Reaper.Art.CostumeArt.Head,30/28/38,SmoothPlastic,Workspace.Map.Hub.CostumeShop.Mannequins.Reaper.Art.CostumeArt.Head,20/16/24,SmoothPlastic
0.06,0.036,194.2,9.1,-27.1,Workspace.Map.Hub.CostumeShop.Mannequins.Vampire.Art.CostumeArt.Head,20/16/24,SmoothPlastic,Workspace.Map.Hub.CostumeShop.Mannequins.Vampire.Art.CostumeArt.Head,40/30/50,SmoothPlastic
0.06,0.02,213.1,9.2,-28.2,Workspace.Map.Hub.CostumeShop.Mannequins.Frankenstein.Art.CostumeArt.RightLowerArm,45/40/52,SmoothPlastic,Workspace.Map.Hub.CostumeShop.Mannequins.Frankenstein.Art.CostumeArt.RightLowerArm,45/65/40,SmoothPlastic
0.06,0.02,213.3,9.2,-25.2,Workspace.Map.Hub.CostumeShop.Mannequins.Frankenstein.Art.CostumeArt.LeftLowerArm,45/40/52,SmoothPlastic,Workspace.Map.Hub.CostumeShop.Mannequins.Frankenstein.Art.CostumeArt.LeftLowerArm,45/65/40,SmoothPlastic
0.05,0.048,210.8,11.9,-62.3,Workspace.Map.Hub.CostumeShop.Mannequins.Werewolf.Art.CostumeArt.Head,110/78/55,SmoothPlastic,Workspace.Map.Hub.CostumeShop.Mannequins.Werewolf.Art.CostumeArt.Head,78/55/40,SmoothPlastic
0.05,0.04,214.3,11.0,-16.3,Workspace.Map.Hub.CostumeShop.Mannequins.Devil.Art.CostumeArt.UpperTorso,140/15/20,SmoothPlastic,Workspace.Map.Hub.CostumeShop.Mannequins.Devil.Art.CostumeArt.UpperTorso,20/16/24,SmoothPlastic
0.05,0.04,214.4,11.0,-13.2,Workspace.Map.Hub.CostumeShop.Mannequins.Devil.Art.CostumeArt.UpperTorso,140/15/20,SmoothPlastic,Workspace.Map.Hub.CostumeShop.Mannequins.Devil.Art.CostumeArt.UpperTorso,20/16/24,SmoothPlastic
0.05,0.007,213.9,9.8,-16.2,Workspace.Map.Hub.CostumeShop.Mannequins.Devil.Art.CostumeArt.RightUpperArm,205/30/30,SmoothPlastic,ServerStorage.ArtBackups.CostumeShopArt_BeforeSkins.Devil.LeftWing,140/15/20,SmoothPlastic
